-- MySQL dump 10.13  Distrib 8.0.16, for Linux (x86_64)
--
-- Host: localhost    Database: vs-pro
-- ------------------------------------------------------
-- Server version	8.0.16

/*!40101 SET @OLD_CHARACTER_SET_CLIENT=@@CHARACTER_SET_CLIENT */;
/*!40101 SET @OLD_CHARACTER_SET_RESULTS=@@CHARACTER_SET_RESULTS */;
/*!40101 SET @OLD_COLLATION_CONNECTION=@@COLLATION_CONNECTION */;
 SET NAMES utf8mb4 ;
/*!40103 SET @OLD_TIME_ZONE=@@TIME_ZONE */;
/*!40103 SET TIME_ZONE='+00:00' */;
/*!40014 SET @OLD_UNIQUE_CHECKS=@@UNIQUE_CHECKS, UNIQUE_CHECKS=0 */;
/*!40014 SET @OLD_FOREIGN_KEY_CHECKS=@@FOREIGN_KEY_CHECKS, FOREIGN_KEY_CHECKS=0 */;
/*!40101 SET @OLD_SQL_MODE=@@SQL_MODE, SQL_MODE='NO_AUTO_VALUE_ON_ZERO' */;
/*!40111 SET @OLD_SQL_NOTES=@@SQL_NOTES, SQL_NOTES=0 */;

--
-- Table structure for table `account`
--

DROP TABLE IF EXISTS `account`;
/*!40101 SET @saved_cs_client     = @@character_set_client */;
 SET character_set_client = utf8mb4 ;
CREATE TABLE `account` (
  `AccountID` int(11) NOT NULL AUTO_INCREMENT,
  `Username` varchar(250) COLLATE utf8_unicode_ci DEFAULT NULL,
  `Password` varchar(250) COLLATE utf8_unicode_ci DEFAULT NULL,
  `CreateDate` datetime(6) DEFAULT NULL,
  `EditDate` datetime(6) DEFAULT NULL,
  `Avatar` varchar(250) COLLATE utf8_unicode_ci DEFAULT NULL,
  `ResetCode` varchar(250) COLLATE utf8_unicode_ci DEFAULT NULL,
  `IsEnable` int(11) DEFAULT NULL,
  `Note` varchar(250) COLLATE utf8_unicode_ci DEFAULT NULL,
  `AccountTypeID` int(11) DEFAULT NULL,
  PRIMARY KEY (`AccountID`),
  KEY `account_AccountTypeID_7e5527cb_fk_accounttype_AccountTypeID` (`AccountTypeID`),
  CONSTRAINT `account_AccountTypeID_7e5527cb_fk_accounttype_AccountTypeID` FOREIGN KEY (`AccountTypeID`) REFERENCES `accounttype` (`AccountTypeID`)
) ENGINE=InnoDB AUTO_INCREMENT=45 DEFAULT CHARSET=utf8 COLLATE=utf8_unicode_ci;
/*!40101 SET character_set_client = @saved_cs_client */;

--
-- Dumping data for table `account`
--

LOCK TABLES `account` WRITE;
/*!40000 ALTER TABLE `account` DISABLE KEYS */;
INSERT INTO `account` VALUES (1,'longld','251800da8d338eb82819105d5f3c7629','2019-04-26 00:00:00.000000','2019-04-26 00:00:00.000000','/media/userava.png',NULL,1,NULL,1),(2,'ydn','251800da8d338eb82819105d5f3c7629','2019-04-26 16:41:31.429910','2019-04-26 16:41:31.429913','/media/userava.png',NULL,1,'',1),(3,'longnvp','251800da8d338eb82819105d5f3c7629','2019-04-26 16:41:50.263802','2019-04-26 16:41:50.263805','/media/myavatar_8j8lyYE.jpg','907351',1,'',1),(4,'trungnq','251800da8d338eb82819105d5f3c7629','2019-04-26 16:42:00.711933','2019-04-26 16:42:00.711936','/media/bfbb3f8c575ce4f848fb127c332365e9.jpg',NULL,1,'',1),(5,'tridm','251800da8d338eb82819105d5f3c7629','2019-04-26 16:42:17.844530','2019-04-26 16:42:17.844533','/media/tridoanminhkl%20-%20Copy.jpg',NULL,1,'',1),(6,'khoatpm','251800da8d338eb82819105d5f3c7629','2019-04-26 16:42:34.169834','2019-04-26 16:42:34.169837','/media/userava.png',NULL,1,'',1),(7,'triph','251800da8d338eb82819105d5f3c7629','2019-04-26 16:42:46.940521','2019-04-26 16:42:46.940525','/media/Ph%E1%BA%A1m%20H%E1%BB%AFu%20Tr%C3%AD_T%E1%BA%A5m%201.jpg',NULL,1,'',1),(8,'teacherlongld','251800da8d338eb82819105d5f3c7629','2019-04-26 16:48:11.292464','2019-04-26 16:48:11.292468','/media/userava.png',NULL,1,'',2),(9,'userlongld','251800da8d338eb82819105d5f3c7629','2019-04-26 16:48:36.901622','2019-04-26 16:48:36.901625','/media/userava.png',NULL,1,'',3),(10,'vsguestid19216817','230765c814745b160e6255eee7da7d29','2019-04-27 04:46:54.512409','2019-04-27 04:46:54.512412','/media/userava.png',NULL,1,'',3),(11,'vsguestid1921681211','dc25ff1fd57ac4e6f189e6b00e4686dc','2019-04-27 04:49:06.139328','2019-04-27 04:49:06.139331','/media/userava.png',NULL,1,'',3),(12,'vsguestid192168112','9b9af42fdcbce83aa49b3a2352cc25d9','2019-04-27 06:47:09.301785','2019-04-27 06:47:09.301787','/media/userava.png',NULL,1,'',3),(13,'vsguestid19216843139','dcbb6f691a0b932db6f2c6f6ec3e6c39','2019-04-27 07:24:35.626572','2019-04-27 07:24:35.626576','/media/userava.png',NULL,1,'',3),(14,'NguyenTrung4347','a3dcb4d229de6fde0db5686dee47145d','2019-04-27 21:03:42.205907','2019-04-27 21:03:42.205915','https://lh5.googleusercontent.com/-LquO_2lBeYU/AAAAAAAAAAI/AAAAAAAAAAA/ACHi3rcDvndfiAORqNTdO4tZxNP8q4o__w/s96-c/photo.jpg','',1,NULL,3),(15,'vsguestid1009112680','9b45053967145750548d851c9e701d36','2019-04-27 21:38:37.239775','2019-04-27 21:38:37.239782','/media/userava.png',NULL,1,'',3),(16,'NemoNemo7689','a3dcb4d229de6fde0db5686dee47145d','2019-04-27 22:38:37.983965','2019-04-27 22:38:37.983970','https://lh5.googleusercontent.com/-eHZRQZuaCXU/AAAAAAAAAAI/AAAAAAAAACU/p0wOEUxE1As/s96-c/photo.jpg','',1,NULL,3),(17,'NguyenLong3596','a3dcb4d229de6fde0db5686dee47145d','2019-04-29 22:03:31.157863','2019-04-29 22:03:31.157869','http://graph.facebook.com/2333822440220611/picture','',1,NULL,3),(18,'YDo3537','a3dcb4d229de6fde0db5686dee47145d','2019-04-29 22:48:50.576991','2019-04-29 22:48:50.576999','http://graph.facebook.com/870344269984009/picture','',1,NULL,3),(19,'vsguestid1921681004','b65e9dbcbc52616fe59fc18cfd3c7dbb','2019-05-01 00:57:09.613760','2019-05-01 00:57:09.613771','/media/userava.png',NULL,1,'',3),(20,'vsguestid192168119','eba8fa99232acd1fb9e48bba23b949a7','2019-05-03 15:00:50.191212','2019-05-03 15:00:50.191217','/media/userava.png',NULL,1,'',3),(21,'vsguestid192168110','61e717f6fa2f495f77bf986fcb5eb585','2019-05-03 23:26:00.843347','2019-05-03 23:26:00.843355','/media/userava.png',NULL,1,'',3),(22,'PhongMac2316','a3dcb4d229de6fde0db5686dee47145d','2019-05-04 10:22:31.966393','2019-05-04 10:22:31.966402','https://lh6.googleusercontent.com/-_hPWJW4LsU4/AAAAAAAAAAI/AAAAAAAAC4E/Y8svOoGWRg4/s96-c/photo.jpg','',1,NULL,3),(23,'vsguestid17217212','df10fd3754bd387c084e6483600b77ae','2019-05-04 11:23:41.173087','2019-05-04 11:23:41.173094','/media/userava.png',NULL,1,'',3),(24,'a','97880452976cc3f2d426bc5dfb655f00','2019-05-04 13:26:21.425241','2019-05-04 13:26:21.425248','/media/userava.png','951882',1,NULL,3),(27,'nguyenml','251800da8d338eb82819105d5f3c7629','2019-05-04 16:28:34.328591','2019-05-04 16:28:34.328599','/media/WIN_20181017_20_38_48_Pro.jpg','505656',1,NULL,3),(28,'vsguestid16318011899','153f0ede5034fb3ff9f96d0851a2a47d','2019-05-04 16:32:15.716407','2019-05-04 16:32:15.716414','/media/userava.png',NULL,1,'',3),(29,'HoangThao1429','a3dcb4d229de6fde0db5686dee47145d','2019-05-04 17:59:44.748487','2019-05-04 17:59:44.748494','https://lh6.googleusercontent.com/-6_W1pDzxSCE/AAAAAAAAAAI/AAAAAAAAFOw/Rgxav-QcPRo/s96-c/photo.jpg','',1,NULL,3),(30,'GamingSiroki196','a3dcb4d229de6fde0db5686dee47145d','2019-05-05 01:30:58.945223','2019-05-05 01:30:58.945230','https://lh5.googleusercontent.com/-7Ydxnjx1oMM/AAAAAAAAAAI/AAAAAAAAAFk/MbEsJWFI3lg/s96-c/photo.jpg','',1,NULL,3),(31,'MQVPhuong6795','a3dcb4d229de6fde0db5686dee47145d','2019-05-05 11:27:26.485475','2019-05-05 11:27:26.485485','https://lh3.googleusercontent.com/-MLxiMX0i8-k/AAAAAAAAAAI/AAAAAAAAAKU/MpZnsil7Zp4/s96-c/photo.jpg','',1,NULL,3),(32,'test','fcdc204c09a2f37a44abf64035d9ba39','2019-05-06 10:21:04.375535','2019-05-06 10:21:04.375544','/media/userava.png','943346',1,NULL,3),(33,'NguyenQuoc8724','a3dcb4d229de6fde0db5686dee47145d','2019-05-06 16:17:14.154742','2019-05-06 16:17:14.154748','https://lh4.googleusercontent.com/-ccxm4NkMIrA/AAAAAAAAAAI/AAAAAAAAAAA/ACHi3rfGLhWsmgQUTjp_9OdBSAkAxfKeJw/s96-c/photo.jpg','',1,NULL,3),(34,'student_vspro','0b3bc9ce555f07d127c6da44337e364f','2019-05-06 17:15:27.158873','2019-05-06 17:15:27.158883','/media/myavatar_Pnx4SpO.jpg','696908',1,NULL,3),(35,'thutn','251800da8d338eb82819105d5f3c7629','2019-05-08 14:59:59.277682','2019-05-08 14:59:59.277693','/media/userava.png','763512',1,NULL,3),(36,'thulta','251800da8d338eb82819105d5f3c7629','2019-05-08 15:04:14.353255','2019-05-08 15:04:14.353263','/media/userava.png','766190',1,NULL,3),(37,'haitt','251800da8d338eb82819105d5f3c7629','2019-05-08 15:07:27.596071','2019-05-08 15:07:27.596082','/media/userava.png','187417',1,NULL,3),(38,'ngannt','251800da8d338eb82819105d5f3c7629','2019-05-08 15:09:06.339907','2019-05-08 15:09:06.339916','/media/userava.png','229465',1,NULL,3),(39,'nhungnth','251800da8d338eb82819105d5f3c7629','2019-05-08 15:11:15.268913','2019-05-08 15:11:15.268921','/media/userava.png','588839',1,NULL,3),(40,'tuanpm','251800da8d338eb82819105d5f3c7629','2019-05-08 15:12:46.839158','2019-05-08 15:12:46.839168','/media/userava.png','259903',1,NULL,3),(41,'thaobhn','251800da8d338eb82819105d5f3c7629','2019-05-08 15:13:47.192548','2019-05-08 15:13:47.192557','/media/userava.png','988408',1,NULL,3),(42,'nhudlm','251800da8d338eb82819105d5f3c7629','2019-05-08 15:14:40.930831','2019-05-08 15:14:40.930838','/media/userava.png','859836',1,NULL,3),(43,'nhill','251800da8d338eb82819105d5f3c7629','2019-05-08 15:23:16.334373','2019-05-08 15:23:16.334382','/media/userava.png','255962',1,NULL,3),(44,'nhinty','251800da8d338eb82819105d5f3c7629','2019-05-08 15:24:35.688849','2019-05-08 15:24:35.688857','/media/userava.png','767231',1,NULL,3);
/*!40000 ALTER TABLE `account` ENABLE KEYS */;
UNLOCK TABLES;

--
-- Table structure for table `accounttype`
--

DROP TABLE IF EXISTS `accounttype`;
/*!40101 SET @saved_cs_client     = @@character_set_client */;
 SET character_set_client = utf8mb4 ;
CREATE TABLE `accounttype` (
  `AccountTypeID` int(11) NOT NULL AUTO_INCREMENT,
  `AccountTypeName` varchar(250) COLLATE utf8_unicode_ci DEFAULT NULL,
  `CreateDate` datetime(6) DEFAULT NULL,
  `EditDate` datetime(6) DEFAULT NULL,
  `IsEnable` int(11) DEFAULT NULL,
  `Note` varchar(250) COLLATE utf8_unicode_ci DEFAULT NULL,
  PRIMARY KEY (`AccountTypeID`)
) ENGINE=InnoDB AUTO_INCREMENT=4 DEFAULT CHARSET=utf8 COLLATE=utf8_unicode_ci;
/*!40101 SET character_set_client = @saved_cs_client */;

--
-- Dumping data for table `accounttype`
--

LOCK TABLES `accounttype` WRITE;
/*!40000 ALTER TABLE `accounttype` DISABLE KEYS */;
INSERT INTO `accounttype` VALUES (1,'Quản Trị Viên',NULL,NULL,1,NULL),(2,'Giáo Viên',NULL,NULL,1,NULL),(3,'Học Viên',NULL,NULL,1,NULL);
/*!40000 ALTER TABLE `accounttype` ENABLE KEYS */;
UNLOCK TABLES;

--
-- Table structure for table `activity`
--

DROP TABLE IF EXISTS `activity`;
/*!40101 SET @saved_cs_client     = @@character_set_client */;
 SET character_set_client = utf8mb4 ;
CREATE TABLE `activity` (
  `ActivityID` int(11) NOT NULL AUTO_INCREMENT,
  `ActivityName` varchar(250) COLLATE utf8_unicode_ci DEFAULT NULL,
  `CreateDate` datetime(6) DEFAULT NULL,
  `EditDate` datetime(6) DEFAULT NULL,
  `Time` int(11) DEFAULT NULL,
  `IsEnable` int(11) DEFAULT NULL,
  `Description` longtext COLLATE utf8_unicode_ci,
  `Content` longtext COLLATE utf8_unicode_ci,
  `Link` varchar(250) COLLATE utf8_unicode_ci DEFAULT NULL,
  `Order` int(11) DEFAULT NULL,
  `Note` varchar(250) COLLATE utf8_unicode_ci DEFAULT NULL,
  `AccountID` int(11) DEFAULT NULL,
  `ActivityTypeID` int(11) DEFAULT NULL,
  `ItemID` int(11) DEFAULT NULL,
  `RequiredActivityID` int(11) DEFAULT NULL,
  PRIMARY KEY (`ActivityID`),
  KEY `activity_AccountID_dac0efb1_fk_account_AccountID` (`AccountID`),
  KEY `activity_ActivityTypeID_e03307ab_fk_activitytype_ActivityTypeID` (`ActivityTypeID`),
  KEY `activity_ItemID_94375e5a_fk_item_ItemID` (`ItemID`),
  KEY `activity_RequiredActivityID_ef8fcadb_fk_activity_ActivityID` (`RequiredActivityID`),
  CONSTRAINT `activity_AccountID_dac0efb1_fk_account_AccountID` FOREIGN KEY (`AccountID`) REFERENCES `account` (`AccountID`),
  CONSTRAINT `activity_ActivityTypeID_e03307ab_fk_activitytype_ActivityTypeID` FOREIGN KEY (`ActivityTypeID`) REFERENCES `activitytype` (`ActivityTypeID`),
  CONSTRAINT `activity_ItemID_94375e5a_fk_item_ItemID` FOREIGN KEY (`ItemID`) REFERENCES `item` (`ItemID`),
  CONSTRAINT `activity_RequiredActivityID_ef8fcadb_fk_activity_ActivityID` FOREIGN KEY (`RequiredActivityID`) REFERENCES `activity` (`ActivityID`)
) ENGINE=InnoDB AUTO_INCREMENT=223 DEFAULT CHARSET=utf8 COLLATE=utf8_unicode_ci;
/*!40101 SET character_set_client = @saved_cs_client */;

--
-- Dumping data for table `activity`
--

LOCK TABLES `activity` WRITE;
/*!40000 ALTER TABLE `activity` DISABLE KEYS */;
INSERT INTO `activity` VALUES (1,'Những Người Bạn Đầu Tiên','2019-04-27 15:37:08.356595','2019-04-27 15:37:08.356601',1,1,'<p style=\"margin-right:0cm; text-align:justify\"><span style=\"font-size:20px\"><span style=\"color:#8e44ad\"><strong><span style=\"font-family:Calibri,sans-serif\"><span style=\"font-family:&quot;Times New Roman&quot;,serif\">Ch&agrave;o mừng c&aacute;c bạn đ&atilde; đến với hoạt động học tập số 01 trong chuy&ecirc;n đề NHẬP M&Ocirc;N KỸ THUẬT.&nbsp; Ở hoạt động n&agrave;y c&aacute;c bạn sẽ được t&igrave;m hiểu về c&aacute;c c&ocirc;ng cụ, linh kiện hỗ trợ cho việc lắp r&aacute;p kỹ thuật. </span></span></strong></span></span></p>\r\n','<p style=\"margin-right:0cm; text-align:justify\"><span style=\"font-size:20px\"><span style=\"color:#8e44ad\"><strong><span style=\"font-family:Calibri,sans-serif\"><span style=\"font-family:&quot;Times New Roman&quot;,serif\">Ch&agrave;o mừng c&aacute;c bạn đ&atilde; đến với hoạt động học tập số 01 trong chuy&ecirc;n đề NHẬP M&Ocirc;N KỸ THUẬT.&nbsp; Ở hoạt động n&agrave;y c&aacute;c bạn sẽ được t&igrave;m hiểu về c&aacute;c c&ocirc;ng cụ, linh kiện hỗ trợ cho việc lắp r&aacute;p kỹ thuật. Từ đ&oacute; c&oacute; những lưu &yacute; chu ri&ecirc;ng m&igrave;nh trong việc sử dụng v&agrave; th&aacute;o lắp linh kiện khi cần. </span></span></strong></span></span></p>\r\n\r\n<p style=\"margin-right:0cm; text-align:justify\"><span style=\"color:#e74c3c\"><span style=\"font-size:20px\"><strong><span style=\"font-family:Calibri,sans-serif\"><span style=\"font-family:&quot;Times New Roman&quot;,serif\">Lưu &yacute;, đ&acirc;y l&agrave; hoạt động học tập kh&ocirc;ng bắt buộc.</span></span></strong></span></span></p>\r\n','/media/phanloai_bulong_daioc.pdf',1,'',5,2,3,NULL),(2,'Những Kỹ Thuật Đơn Giản','2019-04-27 17:27:03.852601','2019-04-27 17:27:03.852607',1,1,'<p style=\"margin-right:0cm; text-align:justify\"><span style=\"font-size:20px\"><em><strong><span style=\"color:#16a085\"><span style=\"font-family:Calibri,sans-serif\"><span style=\"font-family:&quot;Times New Roman&quot;,serif\">Ch&agrave;o mừng c&aacute;c bạn đ&atilde; đến với hoạt động học tập số 02 của chuy&ecirc;n đề NHẬP M&Ocirc;N KỸ THUẬT. Ở hoạt động n&agrave;y, c&aacute;c bạn sẽ được t&igrave;m hiểu c&aacute;c kỹ thuật sử dụng mỏ h&agrave;n, tuốt d&acirc;y để h&agrave;n, gắn linh kiện.&nbsp;</span></span></span></strong></em></span></p>\r\n','<p style=\"text-align:justify\"><span style=\"font-size:20px\"><em><strong><span style=\"color:#16a085\"><span style=\"font-family:Calibri,sans-serif\"><span style=\"font-family:&quot;Times New Roman&quot;,serif\">Ch&agrave;o mừng c&aacute;c bạn đ&atilde; đến với hoạt động học tập số 02 của chuy&ecirc;n đề NHẬP M&Ocirc;N KỸ THUẬT. Ở hoạt động n&agrave;y, c&aacute;c bạn sẽ được t&igrave;m hiểu c&aacute;c kỹ thuật sử dụng mỏ h&agrave;n, tuốt d&acirc;y để h&agrave;n, gắn linh kiện. Đ&acirc;y l&agrave; hoạt động đơn giản nhưng c&oacute; tầm quan trọng to lớn trong việc t&igrave;m hiểu c&aacute;c nội dung kh&oacute;a học sau n&agrave;y. </span></span></span></strong></em></span></p>\r\n\r\n<p style=\"text-align:justify\"><span style=\"font-size:20px\"><em><strong><span style=\"color:#e74c3c\"><span style=\"font-family:Calibri,sans-serif\"><span style=\"font-family:&quot;Times New Roman&quot;,serif\">Lưu &yacute;: đ&acirc;y l&agrave; hoạt động học tập kh&ocirc;ng bắt buộc.</span></span></span></strong></em></span></p>\r\n','https://www.youtube.com/embed/Tm_haBXwzHs',2,'',5,3,3,NULL),(3,'Biết Người - Biết Ta','2019-04-27 17:33:34.233837','2019-04-27 17:33:34.233844',1,1,'<p style=\"margin-right:0cm; text-align:justify\"><span style=\"color:#16a085\"><strong><span style=\"font-size:20px\"><span style=\"font-family:Calibri,sans-serif\"><span style=\"font-family:&quot;Times New Roman&quot;,serif\">Ch&agrave;o mừng c&aacute;c bạn đ&atilde; đến với hoạt động học tập số 01 của chuy&ecirc;n đề học tập số 02.&nbsp;</span></span></span></strong></span></p>\r\n','<p style=\"text-align:justify\"><span style=\"color:#16a085\"><strong><span style=\"font-size:20px\"><span style=\"font-family:Calibri,sans-serif\"><span style=\"font-family:&quot;Times New Roman&quot;,serif\">Ch&agrave;o mừng c&aacute;c bạn đ&atilde; đến với hoạt động học tập số 01 của chuy&ecirc;n đề học tập số 02. Ở b&agrave;i học n&agrave;y, ch&uacute;ng ta sẽ c&ugrave;ng nhau t&igrave;m hiểu những ứng dụng thực tế của arduino trong cuộc sống. </span></span></span></strong></span></p>\r\n\r\n<p style=\"text-align:justify\"><span style=\"color:#e74c3c\"><strong><span style=\"font-size:20px\"><span style=\"font-family:Calibri,sans-serif\"><span style=\"font-family:&quot;Times New Roman&quot;,serif\">Đ&acirc;y l&agrave; hoạt động học tập kh&ocirc;ng bắt buộc.</span></span></span></strong></span></p>\r\n','https://www.youtube.com/embed/u2rs_8g2QA8',1,'',5,3,4,NULL),(4,'Nhập Môn Lập Trình C++','2019-04-27 17:35:43.213934','2019-04-27 17:35:43.213940',1,1,'<p style=\"margin-right:0cm; text-align:justify\"><span style=\"color:#16a085\"><em><strong><span style=\"font-size:20px\"><span style=\"font-family:Calibri,sans-serif\"><span style=\"font-family:&quot;Times New Roman&quot;,serif\">Đ&uacute;ng như t&ecirc;n gọi của n&oacute;, hoạt động n&agrave;y cung cấp cho c&aacute;c bạn c&aacute;c hướng dẫn chi tiết v&agrave; kh&aacute;i qu&aacute;t nhất về ng&ocirc;n ngữ lập tr&igrave;nh C++ v&agrave; những thuật to&aacute;n, c&ocirc;ng cụ, d&agrave;nh cho người mới t&igrave;m hiểu.&nbsp;</span></span></span></strong></em></span></p>\r\n','<p style=\"text-align:justify\"><span style=\"color:#16a085\"><em><strong><span style=\"font-size:20px\"><span style=\"font-family:Calibri,sans-serif\"><span style=\"font-family:&quot;Times New Roman&quot;,serif\">Đ&uacute;ng như t&ecirc;n gọi của n&oacute;, hoạt động n&agrave;y cung cấp cho c&aacute;c bạn c&aacute;c hướng dẫn chi tiết v&agrave; kh&aacute;i qu&aacute;t nhất về ng&ocirc;n ngữ lập tr&igrave;nh C++ v&agrave; những thuật to&aacute;n, c&ocirc;ng cụ, d&agrave;nh cho người mới t&igrave;m hiểu. H&atilde;y cố gắng t&igrave;m hiểu tất cả những g&igrave; bạn c&oacute; thể. Đ&acirc;y l&agrave; hoạt động ti&ecirc;n quyết v&agrave; c&oacute; tầm ảnh hưởng quan trọng đến việc tham gia c&aacute;c hoạt động học tập sau n&agrave;y. </span></span></span></strong></em></span></p>\r\n\r\n<p style=\"text-align:justify\"><span style=\"color:#e74c3c\"><em><strong><span style=\"font-size:20px\"><span style=\"font-family:Calibri,sans-serif\"><span style=\"font-family:&quot;Times New Roman&quot;,serif\">Lưu &yacute;: Đ&acirc;y l&agrave; hoạt động học tập kh&ocirc;ng bắt buộc.</span></span></span></strong></em></span></p>\r\n','/media/nhap_mon_lap_trinh.pdf',1,'',5,2,5,NULL),(5,'Kho Tàng Vô Giá','2019-04-27 17:44:00.253666','2019-04-27 17:44:00.253672',1,1,'<p style=\"margin-right:0cm; text-align:justify\"><span style=\"color:#16a085\"><span style=\"font-size:20px\"><span style=\"font-family:Calibri,sans-serif\"><strong><em><span style=\"font-family:&quot;Times New Roman&quot;,serif\">Đ&acirc;y l&agrave; hoạt động học tập số 01 trong chuỗi c&aacute;c hoạt động học tập của chuy&ecirc;n đề học tập số 2. Đ&acirc;y l&agrave; hoạt động được thiết kế với chức năng ch&iacute;nh l&agrave; cung cấp những nguồn t&agrave;i liệu, hoặc những kiến thức mở rộng c&oacute; li&ecirc;n quan đến nội dung b&agrave;i học.&nbsp;</span></em></strong></span></span></span></p>\r\n','<p style=\"text-align:justify\"><span style=\"color:#16a085\"><span style=\"font-size:20px\"><span style=\"font-family:Calibri,sans-serif\"><strong><em><span style=\"font-family:&quot;Times New Roman&quot;,serif\">Đ&acirc;y l&agrave; hoạt động học tập số 01 trong chuỗi c&aacute;c hoạt động học tập của chuy&ecirc;n đề học tập số 2. Đ&acirc;y l&agrave; hoạt động được thiết kế với chức năng ch&iacute;nh l&agrave; cung cấp những nguồn t&agrave;i liệu, hoặc những kiến thức mở rộng c&oacute; li&ecirc;n quan đến nội dung b&agrave;i học. B&ecirc;n cạnh đ&oacute;, chuy&ecirc;n mục &ldquo;Document - Kho T&agrave;ng V&ocirc; Gi&aacute;&rdquo; cũng l&agrave; một nơi chứ đựng nhiều điều bất ngờ v&agrave; th&uacute; vị.</span></em></strong></span></span></span></p>\r\n\r\n<p style=\"text-align:justify\"><span style=\"color:#16a085; font-family:Times New Roman, serif\"><span style=\"font-size:20px\"><strong><em>T&agrave;i liệu cần thiết:</em></strong></span></span></p>\r\n\r\n<p style=\"text-align:justify\"><span style=\"font-family:Times New Roman, serif\"><span style=\"font-size:20px\"><strong><em><a href=\"/media/2019/04/27/doc_them_arduino_ide.pdf\"><span style=\"color:#8e44ad\">Đọc th&ecirc;m về Arduino IDE</span></a></em></strong></span></span></p>\r\n\r\n<p style=\"text-align:justify\"><span style=\"font-family:Times New Roman, serif\"><span style=\"font-size:20px\"><strong><em><a href=\"/media/2019/04/27/doc_them_ve_arduino_uno_6aRfU1s.pdf\"><span style=\"color:#8e44ad\">Arduino UNO - Những điều chưa biết</span></a></em></strong></span></span></p>\r\n\r\n<p style=\"text-align:justify\"><span style=\"color:#e74c3c\"><span style=\"font-size:20px\"><span style=\"font-family:Calibri,sans-serif\"><strong><em><span style=\"font-family:&quot;Times New Roman&quot;,serif\">Lưu &yacute;, đ&acirc;y l&agrave; hoạt động học tập bắt buộc, kh&ocirc;ng t&iacute;nh điểm.</span></em></strong></span></span></span></p>\r\n','/media/tai_lieu_tong_hop_arduno_5836.pdf',1,'',5,2,6,NULL),(6,'Người Bạn Mới Quen','2019-04-27 17:45:52.755661','2019-04-27 17:45:52.755666',1,1,'<p style=\"margin-right:0cm; text-align:justify\"><span style=\"color:#16a085\"><span style=\"font-size:20px\"><span style=\"font-family:Calibri,sans-serif\"><strong><em><span style=\"font-family:&quot;Times New Roman&quot;,serif\">Arduino &ndash; Người Bạn Mới Quen l&agrave; hoạt động học tập số 2 trong chuy&ecirc;n đề học tập số 1.&nbsp;</span></em></strong></span></span></span></p>\r\n','<p style=\"text-align:justify\"><span style=\"color:#16a085\"><span style=\"font-size:20px\"><span style=\"font-family:Calibri,sans-serif\"><strong><em><span style=\"font-family:&quot;Times New Roman&quot;,serif\">Arduino &ndash; Người Bạn Mới Quen l&agrave; hoạt động học tập số 2 trong chuy&ecirc;n đề học tập số 1. Ở hoạt động n&agrave;y, C&aacute;c bạn sẽ được t&igrave;m hiểu về nguồn gốc xuất xứ, lịch sử h&igrave;nh th&agrave;nh, những ưu điểm, nhược điểm của Arduino trong cuộc sống v&agrave; học tập hằng ng&agrave;y. </span></em></strong></span></span></span></p>\r\n\r\n<p style=\"text-align:justify\"><span style=\"color:#e74c3c\"><span style=\"font-size:20px\"><span style=\"font-family:Calibri,sans-serif\"><strong><em><span style=\"font-family:&quot;Times New Roman&quot;,serif\">Lưu &yacute;, đ&acirc;y l&agrave; hoạt động học tập bắt buộc, kh&ocirc;ng t&iacute;nh điểm.</span></em></strong></span></span></span></p>\r\n','/media/unzip/hd_02_b01_nguoibanmoi/story_flash.html',2,'',5,4,6,NULL),(7,'Sự Thật Bất Ngờ','2019-04-27 17:48:04.571933','2019-04-27 17:48:04.571939',1,1,'<p style=\"text-align:justify\"><span style=\"font-size:20px\"><span style=\"color:#16a085\"><span style=\"font-family:Calibri,sans-serif\"><strong><em><span style=\"font-family:&quot;Times New Roman&quot;,serif\">Ch&agrave;o mừng c&aacute;c bạn đ&atilde; đến với hoạt động học tập số 3 trong chuỗi c&aacute;c hoạt động học tập của chuy&ecirc;n đề học tập số 1.&nbsp;</span></em></strong></span></span></span></p>\r\n','<p style=\"margin-right:0cm; text-align:justify\"><span style=\"font-size:20px\"><span style=\"color:#16a085\"><span style=\"font-family:Calibri,sans-serif\"><strong><em><span style=\"font-family:&quot;Times New Roman&quot;,serif\">Ch&agrave;o mừng c&aacute;c bạn đ&atilde; đến với hoạt động học tập số 3 trong chuỗi c&aacute;c hoạt động học tập của chuy&ecirc;n đề học tập số 1. Ở hoạt động n&agrave;y, ch&uacute;ng ta sẽ được t&igrave;m hiểu về Arduino UNO &ndash; Một trong những Board mạch Arduino được sử dụng rộng r&atilde;i v&agrave; phổ biến nhất. Những th&ocirc;ng tin về th&ocirc;ng số kỹ thuật, Input, Output, ph&acirc;n loại, v.v. Đều sẽ được đề cập v&agrave; hướng dẫn cụ thể ở hoạt động n&agrave;y. </span></em></strong></span></span></span></p>\r\n\r\n<p style=\"margin-right:0cm; text-align:justify\"><span style=\"color:#e74c3c\"><span style=\"font-size:20px\"><span style=\"font-family:Calibri,sans-serif\"><strong><em><span style=\"font-family:&quot;Times New Roman&quot;,serif\">Lưu &yacute;, đ&acirc;y l&agrave; hoạt động học tập bắt buộc, kh&ocirc;ng t&iacute;nh điểm.</span></em></strong></span></span></span></p>\r\n','/media/unzip/hd03_b01_suthat_batngo/story_flash.html',3,'',5,4,6,NULL),(8,'Arduino IDE','2019-04-27 17:51:23.937883','2019-04-27 17:51:23.937890',1,1,'<p><span style=\"color:#16a085\"><span style=\"font-size:20px\"><span style=\"font-family:Calibri,sans-serif\"><strong><em><span style=\"font-family:&quot;Times New Roman&quot;,serif\">Đ&acirc;y l&agrave; hoạt động học tập số 3 trong chuỗi c&aacute;c hoạt động học tập của chuy&ecirc;n đề học tập số 1. </span></em></strong></span></span></span></p>\r\n','<p style=\"margin-right:0cm; text-align:justify\"><span style=\"color:#16a085\"><span style=\"font-size:20px\"><span style=\"font-family:Calibri,sans-serif\"><strong><em><span style=\"font-family:&quot;Times New Roman&quot;,serif\">Đ&acirc;y l&agrave; hoạt động học tập số 3 trong chuỗi c&aacute;c hoạt động học tập của chuy&ecirc;n đề học tập số 1. Tham gia hoạt động n&agrave;y, c&aacute;c bạn sẽ được ch&uacute;ng t&ocirc;i hướng dẫn tuần tự v&agrave; chi tiết từng thao t&aacute;c c&agrave;i đặt v&agrave; thiết đặc t&ugrave;y chỉnh cho Arduino IDE.</span></em></strong></span></span></span></p>\r\n\r\n<p style=\"margin-right:0cm; text-align:justify\"><span style=\"color:#16a085; font-family:Times New Roman, serif\"><span style=\"font-size:20px\"><strong><em>Hướng dẫn th&ecirc;m:</em></strong></span></span></p>\r\n\r\n<p style=\"margin-right:0cm; text-align:justify\"><span style=\"font-family:Times New Roman, serif\"><span style=\"font-size:20px\"><strong><em><a href=\"/media/2019/04/27/doc_them_arduino_ide_qgoLZ0g.pdf\"><span style=\"color:#8e44ad\">Đọc th&ecirc;m về Arduino IDE</span></a></em></strong></span></span></p>\r\n\r\n<p style=\"margin-right:0cm; text-align:justify\"><span style=\"color:#e74c3c\"><span style=\"font-size:20px\"><span style=\"font-family:Calibri,sans-serif\"><strong><em><span style=\"font-family:&quot;Times New Roman&quot;,serif\">Lưu &yacute;, đ&acirc;y l&agrave; hoạt động bắt buộc, kh&ocirc;ng t&iacute;nh điểm.</span></em></strong></span></span></span></p>\r\n','https://www.youtube.com/embed/iOBV-YNPd6M',4,'',5,3,6,NULL),(10,'Ai Nhanh Ai Đúng','2019-04-27 18:20:51.122992','2019-04-27 18:20:51.122998',1,1,'<p><span style=\"font-size:20px\"><span style=\"color:#16a085\"><span style=\"font-family:Calibri,sans-serif\"><strong><em><span style=\"font-family:&quot;Times New Roman&quot;,serif\">Ch&agrave;o mừng c&aacute;c bạn đ&atilde; đến với hoạt động học tập số 6, đ&acirc;y l&agrave; một trong 3 hoạt động học tập thược nh&oacute;m c&aacute;c hoạt động tr&ograve; chơi thử th&aacute;ch.</span></em></strong></span></span></span></p>\r\n','<p style=\"margin-right:0cm; text-align:justify\"><span style=\"font-size:20px\"><span style=\"color:#16a085\"><span style=\"font-family:Calibri,sans-serif\"><strong><em><span style=\"font-family:&quot;Times New Roman&quot;,serif\">Ch&agrave;o mừng c&aacute;c bạn đ&atilde; đến với hoạt động học tập số 6, đ&acirc;y l&agrave; một trong 3 hoạt động học tập thược nh&oacute;m c&aacute;c hoạt động tr&ograve; chơi thử th&aacute;ch. Hoạt động n&agrave;y được thiết kế dưới h&igrave;nh thức một tr&ograve; chơi nhằm gi&uacute;p c&aacute;c bạn hồi tưởng lại c&aacute;c kiến thức l&yacute; thuyết về Arduino. </span></em></strong></span></span></span></p>\r\n\r\n<p style=\"margin-right:0cm; text-align:justify\"><span style=\"color:#e74c3c\"><span style=\"font-size:20px\"><span style=\"font-family:Calibri,sans-serif\"><strong><em><span style=\"font-family:&quot;Times New Roman&quot;,serif\">Lưu &Yacute;, đ&acirc;y l&agrave; hoạt động học tập bắt buộc, c&oacute; t&iacute;nh điểm.</span></em></strong></span></span></span></p>\r\n','/media/unzip/HD_06_B01_ainhanhaidung/story_flash.html',1,'hoat_dong_06',5,4,7,NULL),(11,'Thỏ Tìm Cà Rốt','2019-04-27 18:22:16.553940','2019-04-27 18:22:16.553944',1,1,'<p><span style=\"color:#16a085\"><span style=\"font-size:20px\"><span style=\"font-family:Calibri,sans-serif\"><strong><em><span style=\"font-family:&quot;Times New Roman&quot;,serif\">Đ&acirc;y l&agrave; hoạt động học tập số 7 trong chuỗi c&aacute;c hoạt động học tập của chuy&ecirc;n đề học tập số 1. </span></em></strong></span></span></span></p>\r\n','<p style=\"margin-right:0cm; text-align:justify\"><span style=\"color:#16a085\"><span style=\"font-size:20px\"><span style=\"font-family:Calibri,sans-serif\"><strong><em><span style=\"font-family:&quot;Times New Roman&quot;,serif\">Đ&acirc;y l&agrave; hoạt động học tập số 7 trong chuỗi c&aacute;c hoạt động học tập của chuy&ecirc;n đề học tập số 1. Hoạt động n&agrave;y được thiết kế dưới h&igrave;nh thức tr&ograve; chơi tương t&aacute;c nhanh, nhằm gi&uacute;p c&aacute;c bạn cũng cố c&aacute;c nội dunng l&yacute; thuyết đ&atilde; được học về Arduino IDE v&agrave; thao t&aacute;c c&agrave;i đặt. </span></em></strong></span></span></span></p>\r\n\r\n<p style=\"margin-right:0cm; text-align:justify\"><span style=\"color:#e74c3c\"><span style=\"font-size:20px\"><span style=\"font-family:Calibri,sans-serif\"><strong><em><span style=\"font-family:&quot;Times New Roman&quot;,serif\">Lưu &yacute;, đ&acirc;y l&agrave; hoạt động học tập bắt buộc, c&oacute; t&iacute;nh điểm.</span></em></strong></span></span></span></p>\r\n','/media/unzip/Hoat_dong_07_Thotim_Carot/story_flash.html',2,'',5,4,7,NULL),(12,'Quả Banh May Mắn','2019-04-27 18:24:14.687834','2019-04-27 18:24:14.687839',1,1,'<p style=\"text-align:justify\"><span style=\"font-size:20px\"><span style=\"color:#16a085\"><span style=\"font-family:Calibri,sans-serif\"><strong><em><span style=\"font-family:&quot;Times New Roman&quot;,serif\">Ch&agrave;o mừng c&aacute;c bạn đ&atilde; đến với hoạt động học tập số 8, đ&acirc;y l&agrave; một trong 3 hoạt động học tập thuộc nh&oacute;m c&aacute;c hoạt động tr&ograve; chơi thử th&aacute;ch. </span></em></strong></span></span></span></p>\r\n','<p style=\"margin-right:0cm; text-align:justify\"><span style=\"font-size:20px\"><span style=\"color:#16a085\"><span style=\"font-family:Calibri,sans-serif\"><strong><em><span style=\"font-family:&quot;Times New Roman&quot;,serif\">Ch&agrave;o mừng c&aacute;c bạn đ&atilde; đến với hoạt động học tập số 8, đ&acirc;y l&agrave; một trong 3 hoạt động học tập thuộc nh&oacute;m c&aacute;c hoạt động tr&ograve; chơi thử th&aacute;ch. Hoạt động n&agrave;y được thiết kế dưới h&igrave;nh thức một tr&ograve; chơi nhằm gi&uacute;p c&aacute;c bạn củng cố lại những kiến thức đ&atilde; học c&oacute; li&ecirc;n quan đến những v&iacute; dụ minh họa. </span></em></strong></span></span></span></p>\r\n\r\n<p style=\"margin-right:0cm; text-align:justify\"><span style=\"color:#e74c3c\"><span style=\"font-size:20px\"><span style=\"font-family:Calibri,sans-serif\"><strong><em><span style=\"font-family:&quot;Times New Roman&quot;,serif\">Lưu &Yacute;, đ&acirc;y l&agrave; hoạt động học tập bắt buộc, c&oacute; t&iacute;nh điểm.</span></em></strong></span></span></span></p>\r\n','/media/unzip/Hoat_DONG_08_quaBanhMayman/story_flash.html',3,'',5,4,7,NULL),(14,'Thế Giới Lập Trình','2019-04-27 18:35:07.464702','2019-04-27 18:44:17.789045',1,1,'<p style=\"text-align:justify\"><span style=\"font-size:20px\"><span style=\"color:#16a085\"><span style=\"font-family:Calibri,sans-serif\"><strong><em><span style=\"font-family:&quot;Times New Roman&quot;,serif\">Đ&acirc;y l&agrave; hoạt động học tập cuối c&ugrave;ng trong chuy&ecirc;n đề học tập số 1</span></em></strong></span></span></span></p>\r\n','<p style=\"margin-right:0cm; text-align:justify\"><span style=\"color:#8e44ad\"><span style=\"font-size:20px\"><span style=\"font-family:Calibri,sans-serif\"><strong><em><span style=\"font-family:&quot;Times New Roman&quot;,serif\">Đ&acirc;y l&agrave; hoạt động học tập cuối c&ugrave;ng trong chuy&ecirc;n đề học tập số 1, ở hoạt động n&agrave;y, c&aacute;c bạn sẽ thực hiện việc viết m&atilde; nguồn cho một đề b&agrave;i tập cho sẵn c&oacute; nội dung ph&ugrave; hợp với kiến thức đ&atilde; được giới thiệu ở những hoạt động trước đ&oacute;. </span></em></strong></span></span></span></p>\r\n\r\n<p style=\"margin-right:0cm; text-align:center\"><span style=\"color:#e74c3c\"><span style=\"font-size:26px\"><strong>Y&Ecirc;U CẦU B&Agrave;I TẬP</strong></span></span></p>\r\n\r\n<p style=\"margin-left:0cm; margin-right:0cm; text-align:justify\"><span style=\"font-size:11pt\"><span style=\"font-family:Calibri,sans-serif\"><span style=\"color:black\"><strong><span style=\"font-size:16.0pt\"><span style=\"font-family:&quot;Times New Roman&quot;,serif\">Sử dụng tr&igrave;nh soạn thảo m&atilde; nguồn Arduino IDE để thực hiện y&ecirc;u cầu như sau: </span></span></strong></span></span></span></p>\r\n\r\n<p style=\"margin-left:0cm; margin-right:0cm; text-align:justify\"><span style=\"font-size:11pt\"><span style=\"font-family:Calibri,sans-serif\"><span style=\"color:black\"><strong><span style=\"font-size:16.0pt\"><span style=\"font-family:&quot;Times New Roman&quot;,serif\"><span style=\"color:red\">B&Agrave;I TẬP 1:</span></span></span></strong> <span style=\"font-size:16.0pt\"><span style=\"font-family:&quot;Times New Roman&quot;,serif\">H&atilde;y lập tr&igrave;nh x&acirc;y dựng m&atilde; nguồn điều khiển 2 đ&egrave;n led bất kỳ s&aacute;ng &ndash; tắt lặp lại theo chu kỳ </span></span></span><strong><span style=\"color:#16a085\"><span style=\"font-size:16.0pt\"><span style=\"font-family:&quot;Times New Roman&quot;,serif\">đ&egrave;n 1 s&aacute;ng &ndash; 2 gi&acirc;y &ndash; tắt. Đ&egrave;n 2 tắt &ndash; 2 gi&acirc;y &ndash; s&aacute;ng đan xen với đ&egrave;n 1. </span></span></span></strong></span></span></p>\r\n\r\n<p style=\"margin-left:0cm; margin-right:0cm; text-align:justify\"><span style=\"font-size:11pt\"><span style=\"font-family:Calibri,sans-serif\"><span style=\"color:black\"><strong><span style=\"font-size:16.0pt\"><span style=\"font-family:&quot;Times New Roman&quot;,serif\"><span style=\"color:red\">B&Agrave;I TẬP 2:</span></span></span></strong> <span style=\"font-size:14.0pt\"><span style=\"font-family:&quot;Times New Roman&quot;,serif\">X&acirc;y dựng m&atilde; nguồn chương tr&igrave;nh điều khiển led m&ocirc; phỏng đ&egrave;n t&iacute;n hiệu giao th&ocirc;ng biết rằng: </span></span></span></span></span></p>\r\n\r\n<p style=\"margin-left:0cm; margin-right:0cm; text-align:justify\"><span style=\"font-size:11pt\"><span style=\"font-family:Calibri,sans-serif\"><span style=\"color:black\"><span style=\"font-size:14.0pt\"><span style=\"font-family:&quot;Segoe UI Symbol&quot;,sans-serif\">+</span></span> <span style=\"font-size:14.0pt\"><span style=\"font-family:&quot;Times New Roman&quot;,serif\">Mạch điều khiển l&agrave; mạch Arduino UNO R3 </span></span></span></span></span></p>\r\n\r\n<p style=\"margin-left:0cm; margin-right:0cm; text-align:justify\"><span style=\"font-size:11pt\"><span style=\"font-family:Calibri,sans-serif\"><span style=\"color:black\"><span style=\"font-size:14.0pt\"><span style=\"font-family:&quot;Segoe UI Symbol&quot;,sans-serif\">+</span></span> <span style=\"font-size:14.0pt\"><span style=\"font-family:&quot;Times New Roman&quot;,serif\">Số lượng đ&egrave;n led m&ocirc; phỏng l&agrave; 3 đ&egrave;n với c&aacute;c m&agrave;u lần lượt l&agrave; đỏ, v&agrave;ng, xanh. </span></span></span></span></span></p>\r\n\r\n<p style=\"margin-left:0cm; margin-right:0cm; text-align:justify\"><span style=\"font-size:11pt\"><span style=\"font-family:Calibri,sans-serif\"><span style=\"color:black\"><span style=\"font-size:14.0pt\"><span style=\"font-family:&quot;Segoe UI Symbol&quot;,sans-serif\">+</span></span> <span style=\"font-size:14.0pt\"><span style=\"font-family:&quot;Times New Roman&quot;,serif\">Tr&igrave;nh tự đ&egrave;n s&aacute;ng theo chu kỳ: </span></span></span><strong><span style=\"color:#e74c3c\"><span style=\"font-size:14.0pt\"><span style=\"font-family:&quot;Times New Roman&quot;,serif\">Đỏ - 2 gi&acirc;y &ndash; v&agrave;ng 3 gi&acirc;y &ndash; xanh 2 gi&acirc;y .</span></span></span></strong></span></span></p>\r\n\r\n<p style=\"margin-left:0cm; margin-right:0cm; text-align:justify\"><span style=\"font-size:11pt\"><span style=\"font-family:Calibri,sans-serif\"><span style=\"color:black\"><span style=\"font-size:14.0pt\"><span style=\"font-family:&quot;Times New Roman&quot;,serif\">X&Acirc;Y DỰNG TRỰC TIẾP TR&Ecirc;N MBLOCK 3, SAU Đ&Oacute; LƯU FILE LẠI DƯỚI C&Uacute; PH&Aacute;P: </span></span></span></span></span></p>\r\n\r\n<p style=\"margin-left:0cm; margin-right:0cm; text-align:justify\"><strong><span style=\"color:#8e44ad\"><span style=\"font-size:11pt\"><span style=\"font-family:Calibri,sans-serif\"><span style=\"font-size:14.0pt\"><span style=\"font-family:&quot;Times New Roman&quot;,serif\">TENHOCVIEN_BAITAP0102_LED3D</span></span></span></span></span></strong></p>\r\n\r\n<p style=\"margin-left:0cm; margin-right:0cm; text-align:justify\"><span style=\"font-size:11pt\"><span style=\"font-family:Calibri,sans-serif\"><span style=\"color:black\"><span style=\"font-size:14.0pt\"><span style=\"font-family:&quot;Times New Roman&quot;,serif\">Thực hiện việc lắp đặt mạch theo y&ecirc;u cầu tr&ecirc;n v&agrave; quay lại video clip thực hiện tiến t&igrave;nh + kết quả thu được. Upload video b&agrave;i l&agrave;m l&ecirc;n những website chia sẻ trực tuyến v&agrave; nh&uacute;ng link video v&agrave;o phần nọp b&agrave;i. </span></span></span></span></span></p>\r\n\r\n<p style=\"margin-right:0cm; text-align:justify\"><span style=\"color:#e74c3c\"><span style=\"font-size:20px\"><span style=\"font-family:Calibri,sans-serif\"><strong><em><span style=\"font-family:&quot;Times New Roman&quot;,serif\">Lưu &yacute;, đ&acirc;y l&agrave; hoạt động học tập bắt buộc, c&oacute; t&iacute;nh điểm.</span></em></strong></span></span></span></p>\r\n\r\n<p style=\"margin-right:0cm; text-align:justify\"><span style=\"color:#e74c3c\"><span style=\"font-size:20px\"><span style=\"font-family:Calibri,sans-serif\"><strong><em><span style=\"font-family:&quot;Times New Roman&quot;,serif\">Code mẫu tr&ecirc;n IDE online:</span></em></strong></span></span></span></p>\r\n\r\n<p style=\"margin-right:0cm; text-align:justify\">&nbsp;</p>\r\n\r\n<p>&nbsp;</p>\r\n\r\n<div class=\"hvr-icon-buzz-out\" style=\"float:right; width:100%\">Mở MLBLOCK</div>\r\n\r\n<p><iframe frameborder=\"0\" src=\"https://create.arduino.cc/editor/arduinocombokydieu/35417557-df54-41ee-b2ed-658afb6bf7eb/preview?embed\" style=\"height:510px;width:100%;margin:10px 0\"></iframe></p>\r\n','/media/baitapCHUNG.pdf',1,'',5,6,8,NULL),(15,'Kho Tàng Vô Giá','2019-04-27 21:14:55.104620','2019-04-27 21:14:55.104625',1,1,'','<p style=\"margin-right:0cm; text-align:justify\"><span style=\"font-size:20px\"><span style=\"color:#16a085\"><strong><span style=\"font-family:Calibri,sans-serif\"><span style=\"font-family:&quot;Times New Roman&quot;,serif\">Đ&acirc;y l&agrave; hoạt động học tập số 01 trong chuỗi c&aacute;c hoạt động học tập của chuy&ecirc;n đề học tập số 02. Đ&acirc;y l&agrave; hoạt động được thiết kế với chức năng ch&iacute;nh l&agrave; cung cấp những nguồn t&agrave;i liệu, hoặc những kiến thức mở rộng c&oacute; li&ecirc;n quan đến nội dung b&agrave;i học. B&ecirc;n cạnh đ&oacute;, chuy&ecirc;n mục &ldquo;Document - Kho T&agrave;ng V&ocirc; Gi&aacute;&rdquo; cũng l&agrave; một nơi chứ đựng nhiều điều bất ngờ v&agrave; th&uacute; vị. </span></span></strong></span></span></p>\r\n\r\n<p style=\"margin-right:0cm; text-align:justify\"><span style=\"font-size:20px\"><strong><span style=\"font-family:Calibri,sans-serif\"><span style=\"font-family:&quot;Times New Roman&quot;,serif\"><a href=\"/media/2019/04/27/cau_truc_if_elseif.pdf\"><span style=\"color:#8e44ad\">Đọc Th&ecirc;m về cấu tr&uacute;c IF - ELSE</span></a></span></span></strong></span></p>\r\n\r\n<p style=\"margin-right:0cm; text-align:justify\"><span style=\"font-size:20px\"><strong><span style=\"font-family:Calibri,sans-serif\"><span style=\"font-family:&quot;Times New Roman&quot;,serif\"><a href=\"/media/2019/04/27/bam_xung_pwm.pdf\"><span style=\"color:#8e44ad\">Đọc Th&ecirc;m về xung PWM v&agrave; c&aacute;ch băm xung PWM</span></a></span></span></strong></span></p>\r\n\r\n<p style=\"margin-right:0cm; text-align:justify\"><span style=\"color:#e74c3c\"><span style=\"font-size:20px\"><strong><span style=\"font-family:Calibri,sans-serif\"><span style=\"font-family:&quot;Times New Roman&quot;,serif\">Lưu &yacute;, đ&acirc;y l&agrave; hoạt động học tập bắt buộc, kh&ocirc;ng t&iacute;nh&nbsp; điểm.</span></span></strong></span></span></p>\r\n','/media/dung_mblock_dieukhiendongcotqmd_l298.pdf',1,'',5,2,9,NULL),(16,'Xe Tự Hành Của Bạn','2019-04-27 21:19:56.739918','2019-04-27 21:19:56.739924',1,1,'<p style=\"margin-right:0cm; text-align:justify\"><span style=\"font-size:20px\"><span style=\"color:#16a085\"><span style=\"font-family:Calibri,sans-serif\"><strong><em><span style=\"font-family:&quot;Times New Roman&quot;,serif\">Đ&acirc;y l&agrave; hoạt động học tập số 02 trong chuỗi 06 hoạt động của nh&oacute;m hoạt động MỖI NG&Agrave;Y MỘT B&Agrave;I HỌC.</span></em></strong></span></span></span></p>\r\n','<p style=\"text-align:justify\"><span style=\"font-size:20px\"><span style=\"color:#16a085\"><span style=\"font-family:Calibri,sans-serif\"><strong><em><span style=\"font-family:&quot;Times New Roman&quot;,serif\">Đ&acirc;y l&agrave; hoạt động học tập số 02 trong chuỗi 06 hoạt động của nh&oacute;m hoạt động MỖI NG&Agrave;Y MỘT B&Agrave;I HỌC. Ở hoạt động n&agrave;y, c&aacute;c bạn sẽ được ch&uacute;ng t&ocirc;i giới thiệu về xe tự h&agrave;nh v&agrave; những phần cứng cấu th&agrave;nh cần thiết. </span></em></strong></span></span></span></p>\r\n\r\n<p style=\"text-align:justify\"><span style=\"color:#e74c3c\"><span style=\"font-size:20px\"><span style=\"font-family:Calibri,sans-serif\"><strong><em><span style=\"font-family:&quot;Times New Roman&quot;,serif\">Lưu &yacute;: đ&acirc;y l&agrave; hoạt động học tập bắt buộc, kh&ocirc;ng t&iacute;nh điểm.</span></em></strong></span></span></span></p>\r\n','/media/unzip/hd2_b2_xetuhanhcuaban/story_flash.html',2,'',5,4,9,NULL),(17,'Những Điều Thú Vị','2019-04-27 21:23:24.397326','2019-04-27 21:23:24.397332',1,1,'<p style=\"text-align:justify\"><span style=\"font-size:20px\"><span style=\"color:#16a085\"><span style=\"font-family:Calibri,sans-serif\"><strong><em><span style=\"font-family:&quot;Times New Roman&quot;,serif\">Ch&agrave;o mừng c&aacute;c bạn đ&atilde; đến với hoạt động học tập: Automatic Car &ndash; Những Điều Th&uacute; Vị. Đ&acirc;y l&agrave; hoạt động học tập số 03 trong chuy&ecirc;n đề học tập số 02.</span></em></strong></span></span></span></p>\r\n','<p style=\"margin-right:0cm; text-align:justify\"><span style=\"font-size:20px\"><span style=\"color:#16a085\"><span style=\"font-family:Calibri,sans-serif\"><strong><em><span style=\"font-family:&quot;Times New Roman&quot;,serif\">Ch&agrave;o mừng c&aacute;c bạn đ&atilde; đến với hoạt động học tập: Automatic Car &ndash; Những Điều Th&uacute; Vị. Đ&acirc;y l&agrave; hoạt động học tập số 03 trong chuy&ecirc;n đề học tập số 02. Ở hoạt động n&agrave;y, ch&uacute;ng ta sẽ c&ugrave;ng nhau t&igrave;m hiểu về c&ocirc;ng dụng cũng như c&aacute;ch ph&acirc;n biệt c&aacute;c phần cứng trong xe tự h&agrave;nh m&agrave; ch&uacute;ng ta sẽ thực h&agrave;nh lắp đặt. </span></em></strong></span></span></span></p>\r\n\r\n<p style=\"margin-right:0cm; text-align:justify\"><span style=\"color:#e74c3c\"><span style=\"font-size:20px\"><span style=\"font-family:Calibri,sans-serif\"><strong><em><span style=\"font-family:&quot;Times New Roman&quot;,serif\">Lưu &yacute;: Đ&acirc;y l&agrave; hoạt động học tập bắt buộc, kh&ocirc;ng t&iacute;nh điểm. </span></em></strong></span></span></span></p>\r\n','/media/unzip/hd_03_b02_automatic_car_nhungdieu_thuvi/story_flash.html',3,'',5,4,9,NULL),(18,'Những Họa Đồ Tối Mật','2019-04-27 21:25:57.049602','2019-04-27 21:25:57.049607',1,1,'<p><span style=\"color:#16a085\"><strong><span style=\"font-size:20px\"><span style=\"font-family:Calibri,sans-serif\"><span style=\"font-family:&quot;Times New Roman&quot;,serif\">Ch&agrave;o mừng c&aacute;c bạn đ&atilde; đến với hoạt động học tập số 04, đ&acirc;y l&agrave; một trong chuỗi 06 hoạt động của nh&oacute;m hoạt động KH&Aacute;M PH&Aacute;.</span></span></span></strong></span></p>\r\n','<p style=\"margin-right:0cm; text-align:justify\"><span style=\"color:#16a085\"><strong><span style=\"font-size:20px\"><span style=\"font-family:Calibri,sans-serif\"><span style=\"font-family:&quot;Times New Roman&quot;,serif\">Ch&agrave;o mừng c&aacute;c bạn đ&atilde; đến với hoạt động học tập số 04, đ&acirc;y l&agrave; một trong chuỗi 06 hoạt động của nh&oacute;m hoạt động KH&Aacute;M PH&Aacute;. Ở hoạt động n&agrave;y, đ&uacute;ng như t&ecirc;n gọi của n&oacute;, ch&uacute;ng ta sẽ c&ugrave;ng nhau t&igrave;m hiểu về sơ đồ nối mạch giữa c&aacute;c linh kiện để tạo n&ecirc;n một xe tự h&agrave;nh đơn giản. </span></span></span></strong></span></p>\r\n\r\n<p style=\"margin-right:0cm; text-align:justify\"><span style=\"color:#e74c3c\"><strong><span style=\"font-size:20px\"><span style=\"font-family:Calibri,sans-serif\"><span style=\"font-family:&quot;Times New Roman&quot;,serif\">Lưu &yacute;: đ&acirc;y l&agrave; hoạt động học tập bắt buộc, kh&ocirc;ng t&iacute;nh điểm.</span></span></span></strong></span></p>\r\n','/media/unzip/hoatdong_04_nhung_hoa_do_toi_mat/story_flash.html',4,'',5,4,9,NULL),(19,'Hành Trình Bí Ẩn','2019-04-27 21:30:16.524996','2019-04-27 21:30:16.525002',1,1,'<p style=\"text-align:justify\"><span style=\"color:#16a085\"><span style=\"font-size:20px\"><span style=\"font-family:Calibri,sans-serif\"><strong><em><span style=\"font-family:&quot;Times New Roman&quot;,serif\">Đ&acirc;y l&agrave; hoạt động học tập số 04 trong chuỗi 05 hoạt động trong nh&oacute;m hoạt động: MỖI NG&Agrave;Y MỘT B&Agrave;I HỌC.</span></em></strong></span></span></span></p>\r\n','<p style=\"margin-right:0cm; text-align:justify\"><span style=\"color:#16a085\"><span style=\"font-size:20px\"><span style=\"font-family:Calibri,sans-serif\"><strong><em><span style=\"font-family:&quot;Times New Roman&quot;,serif\">Đ&acirc;y l&agrave; hoạt động học tập số 04 trong chuỗi 05 hoạt động trong nh&oacute;m hoạt động: MỖI NG&Agrave;Y MỘT B&Agrave;I HỌC. Ở hoạt động n&agrave;y, c&aacute;c bạn sẽ được ch&uacute;ng t&ocirc;i hướng dẫn c&aacute;ch lắp đặt c&aacute;c chi tiết cần thiết để tạo th&agrave;nh một xe tự h&agrave;nh th&ocirc;ng dụng. Hoạt động n&agrave;y sẽ được tổ chức dưới dạng một Video clip tr&igrave;nh b&agrave;y chi tiết. </span></em></strong></span></span></span></p>\r\n\r\n<p style=\"margin-right:0cm; text-align:justify\"><span style=\"color:#e74c3c\"><span style=\"font-size:20px\"><span style=\"font-family:Calibri,sans-serif\"><strong><em><span style=\"font-family:&quot;Times New Roman&quot;,serif\">Lưu &Yacute;: Đ&acirc;y l&agrave; hoạt động học tập bắt buộc, kh&ocirc;ng t&iacute;nh điểm.</span></em></strong></span></span></span></p>\r\n','https://www.youtube.com/embed/WaNR_fI27cw',5,'Xe tự hành đơn giản',5,3,9,NULL),(20,'Mã Nguồn Ma Thuật','2019-04-27 21:35:29.763613','2019-04-27 21:35:29.763621',1,1,'<p style=\"margin-right:0cm; text-align:justify\"><span style=\"font-size:20px\"><span style=\"color:#16a085\"><strong><span style=\"font-family:Calibri,sans-serif\"><span style=\"font-family:&quot;Times New Roman&quot;,serif\">Sau khi đ&atilde; ho&agrave;n th&agrave;nh to&agrave;n bộ qu&aacute; tr&igrave;nh lắp đặt cũng như tinh chỉnh cần thiết, ch&uacute;ng ta bước sang hoạt động số 06 : &ldquo; M&atilde; nguồn ma thuật&rdquo; </span></span></strong></span></span></p>\r\n','<p style=\"margin-right:0cm; text-align:justify\"><span style=\"font-size:20px\"><span style=\"color:#16a085\"><strong><span style=\"font-family:Calibri,sans-serif\"><span style=\"font-family:&quot;Times New Roman&quot;,serif\">Sau khi đ&atilde; ho&agrave;n th&agrave;nh to&agrave;n bộ qu&aacute; tr&igrave;nh lắp đặt cũng như tinh chỉnh cần thiết, ch&uacute;ng ta bước sang hoạt động số 06 : &ldquo; M&atilde; nguồn ma thuật&rdquo; ,ở hoạt động n&agrave;y , ch&uacute;ng ta sẽ c&ugrave;ng nhau t&igrave;m hiểu những cấu tr&uacute;c m&atilde; nguồn cần thiết thể gi&uacute;p cho chiếc xe tự h&agrave;nh của ch&uacute;ng ta hoạt động. </span></span></strong></span></span></p>\r\n\r\n<p style=\"margin-right:0cm; text-align:justify\"><span style=\"font-size:20px\"><span style=\"color:#16a085\"><strong><span style=\"font-family:Calibri,sans-serif\"><span style=\"font-family:&quot;Times New Roman&quot;,serif\">Lưu &yacute;: Đ&acirc;y l&agrave; hoạt động học tập bắt buộc, kh&ocirc;ng t&iacute;nh điểm.</span></span></strong></span></span></p>\r\n\r\n<p style=\"margin-right:0cm; text-align:justify\"><span style=\"color:#e74c3c\"><span style=\"font-size:20px\"><strong><span style=\"font-family:Calibri,sans-serif\"><span style=\"font-family:&quot;Times New Roman&quot;,serif\">Code Mẫu</span></span></strong></span></span></p>\r\n\r\n<p><iframe frameborder=\"0\" src=\"https://create.arduino.cc/editor/arduinocombokydieu/0a8db3e5-3aaf-4002-8931-9dcf7d4bab51/preview?embed\" style=\"height:510px;width:100%;margin:10px 0\"></iframe></p>\r\n','/media/unzip/HD05_MANGUONMATHUAT/story_flash.html',6,'',5,4,9,NULL),(22,'Bí Mật Thời Gian','2019-04-27 21:39:39.818118','2019-04-27 21:39:39.818123',1,1,'<p style=\"text-align:justify\"><strong><span style=\"color:#16a085\"><span style=\"font-size:20px\"><span style=\"font-family:Calibri,sans-serif\"><span style=\"font-family:&quot;Times New Roman&quot;,serif\">Ch&agrave;o mừng c&aacute;c bạn đ&atilde; đến với hoạt động học tập số 07, đ&acirc;y l&agrave; một trong 3 hoạt động học tập thuộc nh&oacute;m c&aacute;c hoạt động tr&ograve; chơi thử th&aacute;ch.</span></span></span></span></strong></p>\r\n','<p style=\"margin-right:0cm; text-align:justify\"><strong><span style=\"color:#16a085\"><span style=\"font-size:20px\"><span style=\"font-family:Calibri,sans-serif\"><span style=\"font-family:&quot;Times New Roman&quot;,serif\">Ch&agrave;o mừng c&aacute;c bạn đ&atilde; đến với hoạt động học tập số 07, đ&acirc;y l&agrave; một trong 3 hoạt động học tập thuộc nh&oacute;m c&aacute;c hoạt động tr&ograve; chơi thử th&aacute;ch. Hoạt động n&agrave;y được thiết kế dưới h&igrave;nh thức một tr&ograve; chơi nhằm gi&uacute;p c&aacute;c bạn hồi tưởng lại c&aacute;c kiến thức l&yacute; thuyết về c&aacute;c th&agrave;nh phần, bộ phận của xe tự h&agrave;nh cần phải c&oacute;. </span></span></span></span></strong></p>\r\n\r\n<p style=\"margin-right:0cm; text-align:justify\"><span style=\"color:#e74c3c\"><strong><span style=\"font-size:20px\"><span style=\"font-family:Calibri,sans-serif\"><span style=\"font-family:&quot;Times New Roman&quot;,serif\">Lưu &Yacute;, đ&acirc;y l&agrave; hoạt động học tập bắt buộc, c&oacute; t&iacute;nh điểm.</span></span></span></strong></span></p>\r\n','/media/unzip/HD_07_bimatthoigian/story_flash.html',1,'',5,4,10,NULL),(23,'Bông Hoa Lém Lĩnh','2019-04-27 21:41:24.080968','2019-04-27 21:41:24.080973',2,1,'<p><strong><span style=\"color:#16a085\"><span style=\"font-size:20px\"><span style=\"font-family:Calibri,sans-serif\"><span style=\"font-family:&quot;Times New Roman&quot;,serif\">Ch&agrave;o mừng c&aacute;c em đ&atilde; đến với hoạt động &ldquo; </span></span></span></span><span style=\"color:#e74c3c\"><span style=\"font-size:20px\"><span style=\"font-family:Calibri,sans-serif\"><span style=\"font-family:&quot;Times New Roman&quot;,serif\">B&ocirc;ng Hoa L&eacute;m Lĩnh</span></span></span></span><span style=\"color:#16a085\"><span style=\"font-size:20px\"><span style=\"font-family:Calibri,sans-serif\"><span style=\"font-family:&quot;Times New Roman&quot;,serif\">&rdquo;. Đ&acirc;y l&agrave; hoạt động học tập số 08 trong chuỗi c&aacute;c hoạt động học tập của chuy&ecirc;n đề học tập số 2</span></span></span></span></strong></p>\r\n','<p style=\"margin-right:0cm; text-align:justify\"><strong><span style=\"color:#16a085\"><span style=\"font-size:20px\"><span style=\"font-family:Calibri,sans-serif\"><span style=\"font-family:&quot;Times New Roman&quot;,serif\">Ch&agrave;o mừng c&aacute;c em đ&atilde; đến với hoạt động &ldquo; </span></span></span></span><span style=\"color:#e74c3c\"><span style=\"font-size:20px\"><span style=\"font-family:Calibri,sans-serif\"><span style=\"font-family:&quot;Times New Roman&quot;,serif\">B&ocirc;ng Hoa L&eacute;m Lĩnh</span></span></span></span><span style=\"color:#16a085\"><span style=\"font-size:20px\"><span style=\"font-family:Calibri,sans-serif\"><span style=\"font-family:&quot;Times New Roman&quot;,serif\">&rdquo;. Đ&acirc;y l&agrave; hoạt động học tập số 08 trong chuỗi c&aacute;c hoạt động học tập của chuy&ecirc;n đề học tập số 2. Hoạt động n&agrave;y được thiết kế dưới h&igrave;nh thức tr&ograve; chơi tương t&aacute;c nhanh, nhằm gi&uacute;p c&aacute;c bạn cũng cố c&aacute;c nội dung l&yacute; thuyết đ&atilde; được học về c&aacute;c Thao t&aacute;c lắp đặt, c&aacute;c th&agrave;nh phần cần thiết v&agrave; một số lưu &yacute; khi lắp đặt xe tự h&agrave;nh đơn giản. </span></span></span></span></strong></p>\r\n\r\n<p style=\"margin-right:0cm; text-align:justify\"><span style=\"color:#e74c3c\"><strong><span style=\"font-size:20px\"><span style=\"font-family:Calibri,sans-serif\"><span style=\"font-family:&quot;Times New Roman&quot;,serif\">Lưu &yacute;, đ&acirc;y l&agrave; hoạt động học tập bắt buộc, c&oacute; t&iacute;nh điểm.</span></span></span></strong></span></p>\r\n','/media/unzip/HD_08_bonghoa_lemlinh/story_flash.html',2,'',5,4,10,NULL),(24,'Khởi tạo một Project','2019-04-27 21:42:03.912362','2019-04-29 09:49:05.516731',10,1,'<p><span style=\"font-size:18px\"><span style=\"font-family:Times New Roman,Times,serif\"><u><strong><span style=\"color:#2980b9\">Mục ti&ecirc;u: </span></strong></u>Gi&uacute;p học vi&ecirc;n khởi tạo v&agrave; mở c&aacute;c project c&oacute; sẵn trong Alice.</span></span></p>\r\n\r\n<p><span style=\"font-size:18px\"><span style=\"font-family:Times New Roman,Times,serif\"><u><strong><span style=\"color:#27ae60\">Y&ecirc;u cầu đầu ra:</span></strong></u> Học vi&ecirc;n khởi tạo được project.</span></span></p>\r\n\r\n<p><span style=\"font-size:18px\"><span style=\"font-family:Times New Roman,Times,serif\"><u><strong><span style=\"color:#16a085\">M&ocirc; tả:</span></strong></u>&nbsp;<span style=\"background-color:white\">Hoạt động KHỞI TẠO MỘT PROJECT sẽ gồm c&oacute;: Video hướng dẫn chi tiết, 1 b&agrave;i giảng tương t&aacute;c với gi&uacute;p c&aacute;c bạn c&oacute; thể dễ d&agrave;ng nắm bắt kiến thức trong video, 1 bản pdf nội dung c&aacute;c bạn c&oacute; thể tải về để l&agrave;m t&agrave;i liệu. </span></span></span></p>\r\n','<p><span style=\"font-size:18px\"><span style=\"font-family:Times New Roman,Times,serif\"><span style=\"background-color:white\">Hoạt động KHỞI TẠO MỘT PROJECT&nbsp; sẽ gi&uacute;p c&aacute;c bạn t&igrave;m hiểu về c&aacute;c c&aacute;ch khởi tạo một project mới <span style=\"color:black\">trong Alice</span> v&agrave; hướng dẫn c&aacute;c bạn c&aacute;ch <span style=\"color:black\">mở project</span> c&oacute; sẵn.</span></span></span></p>\r\n','/media/unzip/Hoat_dong_2/story_flash.html /media/Khoi_tao_mot_project.pdf https://www.youtube.com/embed/-NMOUb87Fuo',2,'',6,7,23,NULL),(25,'Quả Táo May Mắn','2019-04-27 21:43:18.674633','2019-04-27 21:43:18.674638',1,1,'<p style=\"text-align:justify\"><span style=\"font-size:20px\"><span style=\"color:#16a085\"><strong><span style=\"font-family:Calibri,sans-serif\"><span style=\"font-family:&quot;Times New Roman&quot;,serif\">Ch&agrave;o mừng c&aacute;c bạn đ&atilde; đến với hoạt động học tập số 09, đ&acirc;y l&agrave; hoạt động học tập cuối c&ugrave;ng trong nh&oacute;m c&aacute;c hoạt động tr&ograve; chơi thử th&aacute;ch.</span></span></strong></span></span></p>\r\n','<p style=\"margin-right:0cm; text-align:justify\"><span style=\"font-size:20px\"><span style=\"color:#16a085\"><strong><span style=\"font-family:Calibri,sans-serif\"><span style=\"font-family:&quot;Times New Roman&quot;,serif\">Ch&agrave;o mừng c&aacute;c bạn đ&atilde; đến với hoạt động học tập số 09, đ&acirc;y l&agrave; hoạt động học tập cuối c&ugrave;ng trong nh&oacute;m c&aacute;c hoạt động tr&ograve; chơi thử th&aacute;ch. Hoạt động n&agrave;y được thiết kế dưới h&igrave;nh thức một tr&ograve; chơi nhằm gi&uacute;p c&aacute;c bạn củng cố lại những kiến thức đ&atilde; học c&oacute; li&ecirc;n quan đến việc nhận dạng, ghi nhớ v&agrave; lựa chọn những linh kiện cần thiết. </span></span></strong></span></span></p>\r\n\r\n<p style=\"margin-right:0cm; text-align:justify\"><span style=\"color:#e74c3c\"><span style=\"font-size:20px\"><strong><span style=\"font-family:Calibri,sans-serif\"><span style=\"font-family:&quot;Times New Roman&quot;,serif\">Lưu &yacute;, đ&acirc;y l&agrave; hoạt động học tập bắt buộc, c&oacute; t&iacute;nh điểm.</span></span></strong></span></span></p>\r\n','/media/unzip/HD_09_quataoMayman/story_flash.html',3,'',5,4,10,NULL),(26,'Phù Thủy Thời Gian','2019-04-27 21:45:00.295451','2019-04-27 21:45:00.295455',1,1,'<p style=\"text-align:justify\"><strong><span style=\"color:#16a085\"><span style=\"font-size:20px\"><span style=\"font-family:Calibri,sans-serif\"><span style=\"font-family:&quot;Times New Roman&quot;,serif\">Ch&agrave;o mừng c&aacute;c bạn đ&atilde; đến với hoạt động học tập số 10 &ndash; Một trong những hoạt động học tập quan trọng của chuy&ecirc;n đề học tập số 1.</span></span></span></span></strong></p>\r\n','<p style=\"margin-right:0cm; text-align:justify\"><strong><span style=\"color:#16a085\"><span style=\"font-size:20px\"><span style=\"font-family:Calibri,sans-serif\"><span style=\"font-family:&quot;Times New Roman&quot;,serif\">Ch&agrave;o mừng c&aacute;c bạn đ&atilde; đến với hoạt động học tập số 10 &ndash; Một trong những hoạt động học tập quan trọng của chuy&ecirc;n đề học tập số 1. Ở hoạt động n&agrave;y, tất cả c&aacute;c bạn sẽ c&ugrave;ng nhau thực hiện một b&agrave;i Quizz gồm 10 c&acirc;u trắc nghiệm đ&uacute;ng/sai về linh kiện cũng như c&aacute;ch thức lắp đặt, vận h&agrave;nh xe tự h&agrave;nh đơn giản. </span></span></span></span></strong></p>\r\n\r\n<p style=\"margin-right:0cm; text-align:justify\"><span style=\"color:#e74c3c\"><strong><span style=\"font-size:20px\"><span style=\"font-family:Calibri,sans-serif\"><span style=\"font-family:&quot;Times New Roman&quot;,serif\">Lưu &yacute;, đ&acirc;y l&agrave; hoạt động học tập bắt buộc, c&oacute; t&iacute;nh điểm</span></span></span></strong></span></p>\r\n','/media/unzip/HD_10_phuthuy_thoigian/story_flash.html',1,'',5,4,11,NULL),(27,'Màn hình làm việc','2019-04-27 21:47:41.376411','2019-04-29 09:49:14.483945',15,1,'<p><span style=\"font-size:18px\"><span style=\"font-family:Times New Roman,Times,serif\"><span style=\"color:#2980b9\"><u><strong>Mục ti&ecirc;u:</strong></u></span> H<span style=\"background-color:white\">ướng dẫn học vi&ecirc;n về c&aacute;c <span style=\"color:black\">thanh l&agrave;m việc</span>, c&aacute;c <span style=\"color:black\">n&uacute;t lệnh thường d&ugrave;ng</span>, v&ugrave;ng&nbsp;sẽ <span style=\"color:black\">k&eacute;o thả code</span>, v&ugrave;ng sẽ thao t&aacute;c, c&agrave;i đặt với c&aacute;c đối tượng 3D</span></span></span></p>\r\n\r\n<p><span style=\"font-size:18px\"><span style=\"font-family:Times New Roman,Times,serif\"><u><strong><span style=\"color:#27ae60\">Y&ecirc;u cầu đầu ra:</span></strong></u> Học vi&ecirc;n ghi nhớ được c&aacute;c thanh l&agrave;m việc v&agrave; sử dụng được ch&uacute;ng.</span></span></p>\r\n\r\n<p><span style=\"font-size:18px\"><span style=\"font-family:Times New Roman,Times,serif\"><u><strong><span style=\"color:#16a085\">M&ocirc; tả:</span></strong></u>&nbsp;<span style=\"background-color:white\">Hoạt động M&Agrave;N H&Igrave;NH L&Agrave;M VIỆC sẽ gồm c&oacute;: Video hướng dẫn chi tiết, 1 b&agrave;i giảng tương t&aacute;c với gi&uacute;p c&aacute;c bạn c&oacute; thể dễ d&agrave;ng nắm bắt kiến thức trong video, 1 bản pdf nội dung c&aacute;c bạn c&oacute; thể tải về để l&agrave;m t&agrave;i liệu.</span></span></span></p>\r\n','<p><span style=\"font-size:18px\"><span style=\"font-family:Times New Roman,Times,serif\"><span style=\"background-color:white\">Hoạt động M&Agrave;N H&Igrave;NH L&Agrave;M VIỆC sẽ hướng dẫn c&aacute;c c&aacute;c <span style=\"color:black\">thanh l&agrave;m việc</span>, c&aacute;c <span style=\"color:black\">n&uacute;t lệnh thường d&ugrave;ng</span>, v&ugrave;ng c&aacute;c bạn sẽ <span style=\"color:black\">k&eacute;o thả code</span>, v&ugrave;ng c&aacute;c bạn sẽ thao t&aacute;c, c&agrave;i đặt với c&aacute;c đối tượng 3D</span></span></span></p>\r\n','/media/unzip/Hoat_dong_2_pt3jyEw/story_flash.html /media/Khoi_tao_mot_project_ckhmGdE.pdf https://www.youtube.com/embed/NHA7P1hwgEE',3,'',6,7,23,NULL),(28,'Trò chơi tương tác 1','2019-04-27 21:48:49.291055','2019-04-27 21:48:49.291059',5,1,'<p><span style=\"font-size:18px\"><span style=\"font-family:Times New Roman,Times,serif\"><span style=\"background-color:white\">Được thiết kế dưới dạng tr&ograve; chơi gi&uacute;p c&aacute;c bạn củng cố lại kiến thức. Tr&ograve; chơi n&agrave;y chỉ gi&uacute;p c&aacute;c bạn củng cố kiến thức n&ecirc;n sẽ kh&ocirc;ng <span style=\"color:black\">lấy điểm</span></span></span></span></p>\r\n','<p><span style=\"font-size:18px\"><span style=\"background-color:white\"><span style=\"font-family:&quot;Times New Roman&quot;,serif\">Củng cố lại kiến thức hoạt động 2</span></span></span></p>\r\n','/media/unzip/On_tap_hoat_dong_2/story_flash.html',1,'',6,4,24,NULL),(29,'Trò chơi tương tác 2','2019-04-27 21:49:43.179151','2019-04-27 21:49:43.179157',5,1,'<p><span style=\"font-size:18px\"><span style=\"background-color:white\"><span style=\"font-family:&quot;Times New Roman&quot;,serif\">Được thiết kế dưới dạng tr&ograve; chơi gi&uacute;p c&aacute;c bạn củng cố lại kiến thức. Tr&ograve; chơi n&agrave;y chỉ gi&uacute;p c&aacute;c bạn củng cố kiến thức n&ecirc;n sẽ kh&ocirc;ng lấy điểm</span></span></span></p>\r\n','<p><span style=\"font-size:18px\"><span style=\"background-color:white\"><span style=\"font-family:&quot;Times New Roman&quot;,serif\">Củng cố lại kiến thức hoạt động 3</span></span></span></p>\r\n','/media/unzip/On_tap_hoat_dong_3/story_flash.html',2,'',6,4,24,NULL),(30,'Biến Giả Thành Thật','2019-04-27 21:51:19.618692','2019-05-03 16:34:54.072679',1,1,'<p style=\"text-align:justify\"><span style=\"color:#16a085\"><strong><span style=\"font-size:20px\"><span style=\"font-family:Calibri,sans-serif\"><span style=\"font-family:&quot;Times New Roman&quot;,serif\">Ch&agrave;o mừng c&aacute;c bạn đ&atilde; đến với hoạt động học tập thứ 11 &ndash; hoạt động học tập cuối c&ugrave;ng của chuy&ecirc;n đề học tập số 2. </span></span></span></strong></span></p>\r\n','<p style=\"margin-left:0cm; margin-right:0cm; text-align:center\"><span style=\"font-size:11pt\"><span style=\"font-family:Calibri,sans-serif\"><strong><span style=\"font-size:20.0pt\"><span style=\"font-family:&quot;Times New Roman&quot;,serif\"><span style=\"color:red\">B&Agrave;I TẬP :</span></span></span></strong></span></span></p>\r\n\r\n<p style=\"margin-left:0cm; margin-right:0cm; text-align:justify\"><span style=\"font-size:11pt\"><span style=\"font-family:Calibri,sans-serif\"><span style=\"font-size:14.0pt\"><span style=\"font-family:&quot;Times New Roman&quot;,serif\"><span style=\"color:#16a085\">Ở hoạt động n&agrave;y, tất cả c&aacute;c bạn sẽ quay lại 1 clip thực h&agrave;nh lựa chọn v&agrave; lắp đặt c&aacute;c linh kiện theo hướng dẫn để tạo n&ecirc;n một khung xe tự h&agrave;nh nhữ đ&atilde; được ch&uacute;ng t&ocirc;i giới thiệu v&agrave; hướng dẫn. V&agrave; sau đ&oacute; thự hiện lập tr&igrave;nh cho xe tự h&agrave;nh hoạt động theo chu kỳ như sau: </span><strong><span style=\"color:red\">Tiến 5s, dừng 2 s, rẻ tr&aacute;i, đi thẳng 4s, rẻ phải ,đi thẳng 3s , dừng 2s</span></strong></span></span></span></span></p>\r\n\r\n<p style=\"margin-left:0cm; margin-right:0cm; text-align:justify\"><span style=\"font-size:11pt\"><span style=\"font-family:Calibri,sans-serif\"><strong><span style=\"font-size:14.0pt\"><span style=\"font-family:&quot;Times New Roman&quot;,serif\">Ghi ch&uacute;:</span></span></strong></span></span></p>\r\n\r\n<p style=\"margin-left:0cm; margin-right:0cm; text-align:justify\"><span style=\"color:#8e44ad\"><span style=\"font-size:11pt\"><span style=\"font-family:Calibri,sans-serif\"><strong><span style=\"font-size:14.0pt\"><span style=\"font-family:&quot;Times New Roman&quot;,serif\">Trong hoạt động n&agrave;y </span></span></strong></span></span></span></p>\r\n\r\n<ol>\r\n	<li style=\"text-align:justify\"><span style=\"color:#16a085\"><span style=\"font-size:11pt\"><span style=\"font-family:Calibri,sans-serif\"><strong><span style=\"font-size:14.0pt\"><span style=\"font-family:&quot;Times New Roman&quot;,serif\">Hoạt động 1 l&agrave; link up clip thực h&agrave;nh lắp đặt.</span></span></strong></span></span></span></li>\r\n	<li style=\"text-align:justify\"><span style=\"color:#16a085\"><span style=\"font-size:11pt\"><span style=\"font-family:Calibri,sans-serif\"><strong><span style=\"font-size:14.0pt\"><span style=\"font-family:&quot;Times New Roman&quot;,serif\">Hoạt động 2 l&agrave; nh&uacute;ng trang codding cho người học code trực tiếp y&ecirc;u cầu 2 ( CODE BẰNG MBLOCK 3) sau đ&oacute; sao lưu về m&aacute;y v&agrave; nộp b&agrave;i.</span></span></strong></span></span></span></li>\r\n</ol>\r\n\r\n<p style=\"margin-left:0cm; margin-right:0cm; text-align:justify\"><span style=\"color:#8e44ad\"><span style=\"font-size:11pt\"><span style=\"font-family:Calibri,sans-serif\"><strong><span style=\"font-size:14.0pt\"><span style=\"font-family:&quot;Times New Roman&quot;,serif\">QUY TẮC NỌP B&Agrave;I:</span></span></strong></span></span></span></p>\r\n\r\n<p style=\"margin-left:0cm; margin-right:0cm; text-align:justify\"><span style=\"font-size:11pt\"><span style=\"font-family:Calibri,sans-serif\"><strong><span style=\"font-size:14.0pt\"><span style=\"font-family:&quot;Times New Roman&quot;,serif\">Hoạt động 1 , 2 được n&eacute;n v&agrave;o c&ugrave;ng 1 file .zip c&oacute; quy tắc đặt t&ecirc;n như sau:</span></span></strong></span></span></p>\r\n\r\n<p style=\"margin-left:0cm; margin-right:0cm; text-align:justify\"><span style=\"color:#3498db\"><span style=\"font-size:11pt\"><span style=\"font-family:Calibri,sans-serif\"><strong><span style=\"font-size:14.0pt\"><span style=\"font-family:&quot;Times New Roman&quot;,serif\">TenHocVien_bai02_arduinocombokydiew.zip</span></span></strong></span></span></span></p>\r\n\r\n<p style=\"margin-left:0cm; margin-right:0cm; text-align:justify\"><span style=\"color:#e74c3c\"><strong><span style=\"font-size:20px\"><span style=\"font-family:Calibri,sans-serif\"><span style=\"font-family:&quot;Times New Roman&quot;,serif\">Code mẫu</span></span></span></strong></span></p>\r\n\r\n<div style=\"width:100%\" align=\"right\" class=\"hvr-icon-buzz-out\">\r\n<a class=\"hvr-buzz-out\" href=\"http://editor.makeblock.com\">\r\n<button class=\"btn_1\" align=\"right\"> Mở MLBLOCK</button>\r\n</a>\r\n</div>\r\n\r\n<p><iframe frameborder=\"0\" src=\"https://create.arduino.cc/editor/arduinocombokydieu/0a8db3e5-3aaf-4002-8931-9dcf7d4bab51/preview?embed\" style=\"height:510px;width:100%;margin:10px 0\"></iframe></p>\r\n\r\n<p style=\"margin-right:0cm; text-align:justify\"><span style=\"color:#e74c3c\"><strong><span style=\"font-size:20px\"><span style=\"font-family:Calibri,sans-serif\"><span style=\"font-family:&quot;Times New Roman&quot;,serif\">Lưu &yacute;: Đ&acirc;y l&agrave; hoạt động bắt buộc, c&oacute; t&iacute;nh điểm. </span></span></span></strong></span></p>\r\n','',2,'',5,6,11,NULL),(31,'Tàu hải tặc','2019-04-27 21:53:44.879134','2019-04-27 21:53:44.879139',5,1,'<p><span style=\"font-size:16px\"><span style=\"font-family:Times New Roman,Times,serif\">C&aacute;c bạn tải project theo đường link:&nbsp;<a href=\"https://drive.google.com/open?id=1_na_TlVS4jrcnlFDVgxSLgAPR7aJO77K\">Link</a></span></span></p>\r\n','<p><span style=\"font-size:18px\"><span style=\"font-family:Times New Roman,Times,serif\">Video chạy chương tr&igrave;nh</span></span></p>\r\n','https://www.youtube.com/embed/3sdjrU_Sc3Y',1,'',6,3,25,NULL),(32,'Hoang mạc vui vẻ','2019-04-27 21:55:12.265003','2019-04-27 21:55:12.265010',5,1,'<p><span style=\"font-size:18px\"><span style=\"font-family:Times New Roman,Times,serif\">C&aacute;c bạn tải project theo link:&nbsp;<a href=\"https://drive.google.com/open?id=1yydlIYFNXgRyRnC7uuBL1BiqAW70AMYA\">Link</a></span></span></p>\r\n','<p><span style=\"font-size:18px\"><span style=\"font-family:Times New Roman,Times,serif\">Video chạy chương tr&igrave;nh</span></span></p>\r\n','https://www.youtube.com/embed/h_nWqSe1oKw',2,'',6,3,25,NULL),(33,'Chú công biết yêu','2019-04-27 21:56:45.497441','2019-04-27 21:56:45.497447',5,1,'<p><span style=\"font-size:18px\"><span style=\"font-family:Times New Roman,Times,serif\">C&aacute;c bạn tải project theo link:&nbsp;<a href=\"https://drive.google.com/open?id=1ES3JchLAgcwZw-Kx8VyzG46Q2FqPXXhi\">Link</a></span></span></p>\r\n','<p><span style=\"font-size:18px\"><span style=\"font-family:Times New Roman,Times,serif\">Video chạy chương tr&igrave;nh</span></span></p>\r\n','https://www.youtube.com/embed/PNaufJQv0qg',3,'',6,3,25,NULL),(34,'MIDSTERM - DỰ ÁN KHỔNG LỒ','2019-04-27 21:59:40.386210','2019-04-27 21:59:40.386215',1,1,'<p><span style=\"color:#16a085\"><span style=\"font-size:20px\"><strong><em><span style=\"font-family:&quot;Times New Roman&quot;,serif\">&nbsp;B&acirc;y giờ l&agrave; l&uacute;c để c&aacute;c bạn vận dụng khả năng s&aacute;ng tạo của bản th&acirc;n m&igrave;nh để ho&agrave;n th&agrave;nh dự &aacute;n học tập giữa kỳ. </span></em></strong></span></span></p>\r\n','<p style=\"margin-left:0cm; margin-right:0cm; text-align:justify\"><em><span style=\"color:#8e44ad\"><span style=\"font-size:20px\"><span style=\"font-family:Tahoma,sans-serif\"><span style=\"font-family:&quot;Times New Roman&quot;,serif\">Sau khi ho&agrave;n th&agrave;nh nội dung b&agrave;i 01 v&agrave; b&agrave;i 02 th&igrave; c&aacute;c em đ&atilde; c&oacute; những kiến thức v&agrave; hiểu biết cơ bản về Arduino cũng như ưng dụng của lập tr&igrave;nh Arduino trong việc tạo ra c&aacute;c sản phẩm đơn giản m&agrave; cụ thể l&agrave; xe tự h&agrave;nh đơn giản. B&acirc;y giờ l&agrave; l&uacute;c để c&aacute;c em vận dụng khả năng s&aacute;ng tạo của bản th&acirc;n m&igrave;nh để ho&agrave;n th&agrave;nh dự &aacute;n giữa kỳ - đ&acirc;y l&agrave; hoạt động c&oacute; t&iacute;nh điểm.</span></span></span></span></em></p>\r\n\r\n<p style=\"margin-left:0cm; margin-right:0cm; text-align:center\"><strong><span style=\"font-size:48px\"><span style=\"color:#8e44ad\"><span style=\"font-family:Tahoma,sans-serif\"><span style=\"font-family:&quot;Times New Roman&quot;,serif\">Nội dung ch&iacute;nh:</span></span></span></span></strong></p>\r\n\r\n<ul>\r\n	<li style=\"text-align: justify;\"><span style=\"color:#8e44ad\"><span style=\"font-size:20px\"><span style=\"font-family:Tahoma,sans-serif\"><span style=\"font-family:&quot;Times New Roman&quot;,serif\">Dự &aacute;n MidTerm y&ecirc;u cầu người học nắm vững kiến thức của b&agrave;i học số 1 v&agrave; b&agrave;i học số 2 để tiến h&agrave;nh Lắp đặt ri&ecirc;ng cho m&igrave;nh một xe tự h&agrave;nh đơn giản c&oacute; trang tr&iacute; đ&egrave;n Led. </span></span></span></span></li>\r\n</ul>\r\n\r\n<p style=\"margin-left:0cm; margin-right:0cm; text-align:justify\"><strong><span style=\"color:#8e44ad\"><span style=\"font-size:20px\"><span style=\"font-family:Tahoma,sans-serif\"><u><span style=\"font-family:&quot;Times New Roman&quot;,serif\">Y&ecirc;u cầu:</span></u></span></span></span></strong></p>\r\n\r\n<p style=\"text-align:justify\"><strong><span style=\"color:#8e44ad\"><span style=\"font-size:20px\"><span style=\"font-family:Tahoma,sans-serif\"><span style=\"font-family:&quot;Times New Roman&quot;,serif\">Y&ecirc;u cầu sản phẩm cơ bản cần đ&aacute;p ứng:</span></span></span></span></strong></p>\r\n\r\n<ul>\r\n	<li style=\"text-align: justify;\"><span style=\"color:#16a085\"><em><span style=\"font-size:20px\"><span style=\"font-family:Tahoma,sans-serif\"><span style=\"font-family:&quot;Times New Roman&quot;,serif\">Video clip giới thiệu bản th&acirc;n</span></span></span></em></span></li>\r\n	<li style=\"text-align: justify;\"><span style=\"color:#16a085\"><em><span style=\"font-size:20px\"><span style=\"font-family:Tahoma,sans-serif\"><span style=\"font-family:&quot;Times New Roman&quot;,serif\">Video clip giới thiệu sơ lượt về c&aacute;c c&ocirc;ng đoạn thiết kế</span></span></span></em></span></li>\r\n	<li style=\"text-align: justify;\"><span style=\"color:#16a085\"><em><span style=\"font-size:20px\"><span style=\"font-family:Tahoma,sans-serif\"><span style=\"font-family:&quot;Times New Roman&quot;,serif\">Video clip Demo sản phẩm</span></span></span></em></span></li>\r\n	<li style=\"text-align: justify;\"><span style=\"color:#16a085\"><em><span style=\"font-size:20px\"><span style=\"font-family:Tahoma,sans-serif\"><span style=\"font-family:&quot;Times New Roman&quot;,serif\">File m&atilde; nguồn</span></span></span></em></span></li>\r\n</ul>\r\n','',1,'',5,6,1,NULL),(35,'Kho Tàng Vô Giá','2019-04-27 22:07:06.829482','2019-04-27 22:07:06.829487',1,1,'<p style=\"text-align:justify\"><strong><span style=\"font-size:20px\"><span style=\"color:#16a085\"><span style=\"font-family:Calibri,sans-serif\"><span style=\"font-family:&quot;Times New Roman&quot;,serif\">Đ&acirc;y l&agrave; hoạt động học tập số 01 trong chuỗi c&aacute;c hoạt động học tập của chuy&ecirc;n đề học tập số 03. </span></span></span></span></strong></p>\r\n','<p style=\"margin-right:0cm; text-align:justify\"><strong><span style=\"font-size:20px\"><span style=\"color:#16a085\"><span style=\"font-family:Calibri,sans-serif\"><span style=\"font-family:&quot;Times New Roman&quot;,serif\">Đ&acirc;y l&agrave; hoạt động học tập số 01 trong chuỗi c&aacute;c hoạt động học tập của chuy&ecirc;n đề học tập số 03. Đ&acirc;y l&agrave; hoạt động được thiết kế với chức năng ch&iacute;nh l&agrave; cung cấp những nguồn t&agrave;i liệu, hoặc những kiến thức mở rộng c&oacute; li&ecirc;n quan đến nội dung b&agrave;i học. B&ecirc;n cạnh đ&oacute;, chuy&ecirc;n mục &ldquo;Document - Kho T&agrave;ng V&ocirc; Gi&aacute;&rdquo; cũng l&agrave; một nơi chứ đựng nhiều điều bất ngờ v&agrave; th&uacute; vị. </span></span></span></span></strong></p>\r\n\r\n<p style=\"margin-right:0cm; text-align:justify\"><span style=\"color:#e74c3c\"><strong><span style=\"font-size:20px\"><span style=\"font-family:Calibri,sans-serif\"><span style=\"font-family:&quot;Times New Roman&quot;,serif\">Lưu &yacute;, đ&acirc;y l&agrave; hoạt động học tập bắt buộc, kh&ocirc;ng t&iacute;nh&nbsp; điểm.</span></span></span></strong></span></p>\r\n','/media/TEST%20CAM%20BIEN%20SIEU%20AM.pdf',1,'',5,2,12,NULL),(36,'Khám Phá Giác Quan','2019-04-27 22:09:05.995101','2019-04-27 22:09:05.995117',1,1,'<p style=\"text-align:justify\"><span style=\"color:#16a085\"><strong><span style=\"font-size:20px\"><span style=\"font-family:Calibri,sans-serif\"><span style=\"font-family:&quot;Times New Roman&quot;,serif\">Đ&acirc;y l&agrave; hoạt động học tập số 02 trong chuỗi 06 hoạt động của nh&oacute;m hoạt động MỖI NG&Agrave;Y MỘT B&Agrave;I HỌC.</span></span></span></strong></span></p>\r\n','<p style=\"margin-right:0cm; text-align:justify\"><span style=\"color:#16a085\"><strong><span style=\"font-size:20px\"><span style=\"font-family:Calibri,sans-serif\"><span style=\"font-family:&quot;Times New Roman&quot;,serif\">Đ&acirc;y l&agrave; hoạt động học tập số 02 trong chuỗi 06 hoạt động của nh&oacute;m hoạt động MỖI NG&Agrave;Y MỘT B&Agrave;I HỌC. Ở hoạt động n&agrave;y, c&aacute;c bạn sẽ được ch&uacute;ng t&ocirc;i giới thiệu tổng quan về cảm biến si&ecirc;u &acirc;m: C&aacute;c kh&aacute;i niệm tổng quan, th&ocirc;ng tin , lưu &yacute; về cảm biến si&ecirc;u&nbsp;&acirc;m. </span></span></span></strong></span></p>\r\n\r\n<p style=\"margin-right:0cm; text-align:justify\"><span style=\"color:#e74c3c\"><strong><span style=\"font-size:20px\"><span style=\"font-family:Calibri,sans-serif\"><span style=\"font-family:&quot;Times New Roman&quot;,serif\">Lưu &yacute;: Đ&acirc;y l&agrave; hoạt động học tập bắt buộc, kh&ocirc;ng t&iacute;nh điểm.</span></span></span></strong></span></p>\r\n','/media/unzip/hd_02_Ultrasonic_sensors_khampha_giacquan_moi/story_flash.html',2,'',5,4,12,NULL),(37,'Cảm Nhận Giác Quan','2019-04-27 22:10:49.953652','2019-04-27 22:10:49.953658',1,1,'<p style=\"text-align:justify\"><span style=\"color:#16a085\"><strong><span style=\"font-size:20px\"><span style=\"font-family:Calibri,sans-serif\"><span style=\"font-family:&quot;Times New Roman&quot;,serif\">Ch&agrave;o mừng c&aacute;c bạn đ&atilde; đến với hoạt động học tập: Ultrasonic Sensors &ndash; Cảm Nhận Gi&aacute;c Quan. Đ&acirc;y l&agrave; hoạt động học tập số 03 trong chuy&ecirc;n đề học tập số 03. </span></span></span></strong></span></p>\r\n','<p style=\"margin-right:0cm; text-align:justify\"><span style=\"color:#16a085\"><strong><span style=\"font-size:20px\"><span style=\"font-family:Calibri,sans-serif\"><span style=\"font-family:&quot;Times New Roman&quot;,serif\">Ch&agrave;o mừng c&aacute;c bạn đ&atilde; đến với hoạt động học tập: Ultrasonic Sensors &ndash; Cảm Nhận Gi&aacute;c Quan. Đ&acirc;y l&agrave; hoạt động học tập số 03 trong chuy&ecirc;n đề học tập số 03. Ở hoạt động n&agrave;y, ch&uacute;ng ta sẽ c&ugrave;ng nhau t&igrave;m hiểu về nguy&ecirc;n l&yacute; hoạt động của cảm biến si&ecirc;u &acirc;m như nguy&ecirc;n l&yacute; thu ph&aacute;t, nguy&ecirc;n l&yacute; đo lường khoảng c&aacute;ch,v.v. </span></span></span></strong></span></p>\r\n\r\n<p style=\"margin-right:0cm; text-align:justify\"><span style=\"color:#e74c3c\"><strong><span style=\"font-size:20px\"><span style=\"font-family:Calibri,sans-serif\"><span style=\"font-family:&quot;Times New Roman&quot;,serif\">Lưu &yacute;: Đ&acirc;y l&agrave; hoạt động học tập bắt buộc, kh&ocirc;ng t&iacute;nh điểm.</span></span></span></strong></span></p>\r\n','/media/unzip/hd03_Ultrasonic_sensers_camnhangiacquan/story_flash.html',3,'',5,4,12,NULL),(38,'Những Họa Đồ Tối Mật','2019-04-27 22:15:11.427093','2019-04-27 22:15:11.427097',1,1,'<p style=\"text-align:justify\"><span style=\"color:#16a085\"><strong><span style=\"font-size:20px\"><span style=\"font-family:Calibri,sans-serif\"><span style=\"font-family:&quot;Times New Roman&quot;,serif\">Ch&agrave;o mừng c&aacute;c bạn đ&atilde; đến với hoạt động học tập số 04, đ&acirc;y l&agrave; một trong chuỗi 06 hoạt động của nh&oacute;m hoạt động: MỖI NG&Agrave;Y MỘT B&Agrave;I HỌC. </span></span></span></strong></span></p>\r\n','<p style=\"margin-right:0cm; text-align:justify\"><span style=\"color:#16a085\"><strong><span style=\"font-size:20px\"><span style=\"font-family:Calibri,sans-serif\"><span style=\"font-family:&quot;Times New Roman&quot;,serif\">Ch&agrave;o mừng c&aacute;c bạn đ&atilde; đến với hoạt động học tập số 04, đ&acirc;y l&agrave; một trong chuỗi 06 hoạt động của nh&oacute;m hoạt động: MỖI NG&Agrave;Y MỘT B&Agrave;I HỌC. Ở hoạt động n&agrave;y, đ&uacute;ng như t&ecirc;n gọi của n&oacute;, ch&uacute;ng ta sẽ c&ugrave;ng nhau t&igrave;m hiểu về sơ đồ nối mạch giữa cảm biến si&ecirc;u &acirc;m v&agrave; mạch Arduino để tạo ra thiết bị xe tự h&agrave;nh tr&aacute;nh vật cảng. </span></span></span></strong></span></p>\r\n\r\n<p style=\"margin-right:0cm; text-align:justify\"><span style=\"color:#e74c3c\"><strong><span style=\"font-size:20px\"><span style=\"font-family:Calibri,sans-serif\"><span style=\"font-family:&quot;Times New Roman&quot;,serif\">Lưu &yacute;: đ&acirc;y l&agrave; hoạt động học tập bắt buộc, kh&ocirc;ng t&iacute;nh điểm.</span></span></span></strong></span></p>\r\n','/media/unzip/HD_04_NHUNG_HOA_DO_TOI_MAT/story_flash.html',4,'',5,4,12,NULL),(39,'Lớp và thư viện','2019-04-27 22:20:23.621979','2019-04-29 09:49:29.481639',15,1,'<p><span style=\"font-family:Times New Roman,Times,serif\"><span style=\"font-size:18px\"><span style=\"color:#2980b9\"><u><strong>Mục ti&ecirc;u: </strong></u></span><br />\r\nGi&uacute;p học bi&ecirc;n hiểu được kh&aacute;i niệm về lớp.<br />\r\nGi&uacute;p học sinh l&agrave;m quen với thư việc c&aacute;c đối tượng trong Alice</span></span></p>\r\n\r\n<p><span style=\"font-family:Times New Roman,Times,serif\"><span style=\"font-size:18px\"><u><strong><span style=\"color:#27ae60\">Y&ecirc;u cầu đầu ra:</span></strong></u> Học vi&ecirc;n nắm được c&aacute;ch ph&acirc;n loại c&aacute;c đối tượng trong thư viện đối tượng của Alice</span></span></p>\r\n\r\n<p><span style=\"font-family:Times New Roman,Times,serif\"><span style=\"font-size:18px\"><u><strong><span style=\"color:#16a085\">M&ocirc; tả:</span></strong></u>&nbsp;<span style=\"background-color:white\">Hoạt động LỚP V&Agrave; THƯ VIỆN sẽ gồm c&oacute;: Video hướng dẫn chi tiết, 1 b&agrave;i giảng tương t&aacute;c với gi&uacute;p c&aacute;c bạn c&oacute; thể dễ d&agrave;ng nắm bắt kiến thức trong video, 1 bản pdf nội dung c&aacute;c bạn c&oacute; thể tải về để l&agrave;m t&agrave;i liệu. </span></span></span></p>\r\n','<p><span style=\"font-size:18px\"><span style=\"background-color:white\"><span style=\"font-family:&quot;Times New Roman&quot;,serif\">Hoạt động LỚP V&Agrave; THƯ VIỆN sẽ gi&uacute;p c&aacute;c bạn t&igrave;m hiểu: Lớp trong Alice, ph&acirc;n biệt được <span style=\"color:black\">lớp n&agrave;o</span> l&agrave; <span style=\"color:black\">lớp cha</span>, lớp n&agrave;o l&agrave; <span style=\"color:black\">lớp con</span>, c&aacute;ch sắp xếp thư viện h&igrave;nh ảnh trong Alice</span></span></span></p>\r\n','/media/unzip/Hoat_dong_1_Pyl0yTA/story_flash.html /media/Lop_va_thu_vien_hinh_anh_cua_Alice.pdf https://www.youtube.com/embed/nQIVeJ5b0cM',1,'',6,7,26,NULL),(40,'Màn hình làm việc','2019-04-27 22:23:17.927729','2019-04-29 09:49:40.326798',25,1,'<p><span style=\"font-size:18px\"><span style=\"font-family:Times New Roman,Times,serif\"><span style=\"color:#2980b9\"><u><strong>Mục ti&ecirc;u: </strong></u></span>H<span style=\"background-color:white\">ướng dẫn học vi&ecirc;n&nbsp;<span style=\"color:black\">những c&aacute;ch</span> th&ecirc;m đối tượng v&agrave;o m&agrave;n h&igrave;nh l&agrave; việc 3D.</span></span></span></p>\r\n\r\n<p><span style=\"font-size:18px\"><span style=\"font-family:Times New Roman,Times,serif\"><span style=\"background-color:white\"><span style=\"color:#27ae60\"><u><strong>Y&ecirc;u cầu đầu ra: </strong></u></span>Th&ecirc;m được đối tượng v&agrave;o m&agrave;n h&igrave;nh l&agrave;m việc 3D.</span></span></span></p>\r\n\r\n<p><span style=\"font-size:18px\"><span style=\"font-family:Times New Roman,Times,serif\"><span style=\"background-color:white\"><span style=\"color:#16a085\"><u><strong>M&ocirc; tả:</strong></u></span>&nbsp;Hoạt động M&Agrave;N H&Igrave;NH L&Agrave;M VIỆC 3D&nbsp;sẽ gồm c&oacute;: Video hướng dẫn chi tiết, 1 b&agrave;i giảng tương t&aacute;c với gi&uacute;p c&aacute;c bạn c&oacute; thể dễ d&agrave;ng nắm bắt kiến thức trong video, 1 bản pdf nội dung c&aacute;c bạn c&oacute; thể tải về để l&agrave;m t&agrave;i liệu.</span></span></span></p>\r\n','<p><span style=\"font-size:18px\"><span style=\"background-color:white\"><span style=\"font-family:&quot;Times New Roman&quot;,serif\">Hoạt động M&Agrave;N H&Igrave;NH L&Agrave;M VIỆC 3D sẽ hướng dẫn c&aacute;c bạn <span style=\"color:black\">những c&aacute;ch</span> th&ecirc;m đối tượng v&agrave;o m&agrave;n h&igrave;nh l&agrave; việc 3D.</span></span></span></p>\r\n','/media/unzip/Hoat_dong_2_ydLZGxn/story_flash.html /media/Them_doi_tuong_vao_man_hinh_lam_viec_3D.pdf https://www.youtube.com/embed/K4DMOjp1p5k',2,'',6,7,26,NULL),(41,'Làm Chủ Giác Quan','2019-04-27 22:23:27.709365','2019-04-27 22:23:27.709371',1,1,'<p><strong><span style=\"color:#16a085\"><span style=\"font-size:20px\"><span style=\"font-family:Calibri,sans-serif\"><span style=\"font-family:&quot;Times New Roman&quot;,serif\">Đ&acirc;y l&agrave; hoạt động học tập số 05&nbsp;trong chuỗi 06&nbsp;hoạt động trong nh&oacute;m hoạt động: MỖI NG&Agrave;Y MỘT B&Agrave;I HỌC.</span></span></span></span></strong></p>\r\n','<p style=\"margin-right:0cm; text-align:justify\"><strong><span style=\"color:#16a085\"><span style=\"font-size:20px\"><span style=\"font-family:Calibri,sans-serif\"><span style=\"font-family:&quot;Times New Roman&quot;,serif\">Đ&acirc;y l&agrave; hoạt động học tập số 05&nbsp;trong chuỗi 06&nbsp;hoạt động trong nh&oacute;m hoạt động: MỖI NG&Agrave;Y MỘT B&Agrave;I HỌC. Ở hoạt động n&agrave;y, c&aacute;c bạn sẽ được ch&uacute;ng t&ocirc;i hướng dẫn c&aacute;ch thức lắp đặt v&agrave; sử dụng cảm biến si&ecirc;u &acirc;m. </span></span></span></span></strong></p>\r\n\r\n<p style=\"margin-right:0cm; text-align:justify\"><span style=\"color:#e74c3c\"><strong><span style=\"font-size:20px\"><span style=\"font-family:Calibri,sans-serif\"><span style=\"font-family:&quot;Times New Roman&quot;,serif\">Lưu &Yacute;: Đ&acirc;y l&agrave; hoạt động học tập bắt buộc, kh&ocirc;ng t&iacute;nh điểm.</span></span></span></strong></span></p>\r\n','https://www.youtube.com/embed/iqcK_Oq29Ik',5,'',5,3,12,NULL),(42,'Cài đặt đối tượng','2019-04-27 22:25:55.852443','2019-04-29 09:49:52.694496',15,1,'<p><span style=\"font-family:Times New Roman,Times,serif\"><span style=\"font-size:18px\"><span style=\"color:#2980b9\"><u><strong>Mục ti&ecirc;u:</strong></u></span> H<span style=\"background-color:white\">ướng dẫn học vi&ecirc;n c&agrave;i đặt đối tượng: Xoay đối tượng, Di <span style=\"color:black\">chuyển đối tượng</span>, Thay đổi k&iacute;ch thước đối tượng, v&agrave; một số c&agrave;i đặt kh&aacute;c</span></span></span></p>\r\n\r\n<p><span style=\"font-family:Times New Roman,Times,serif\"><span style=\"font-size:18px\"><span style=\"color:#27ae60\"><u><strong>Y&ecirc;u cầu đầu ra:</strong></u></span> Học vi&ecirc;n c&agrave;i đặt được theo y&ecirc;u cầu.</span></span></p>\r\n\r\n<p><span style=\"font-family:Times New Roman,Times,serif\"><span style=\"font-size:18px\"><span style=\"color:#16a085\"><u><strong>M&ocirc; tả</strong></u></span>:&nbsp;<span style=\"background-color:white\">Hoạt động C&Agrave;I ĐẶT ĐỐI TƯỢNG&nbsp;sẽ gồm c&oacute;: Video hướng dẫn chi tiết, 1 b&agrave;i giảng tương t&aacute;c với gi&uacute;p c&aacute;c bạn c&oacute; thể dễ d&agrave;ng nắm bắt kiến thức trong video, 1 bản pdf nội dung c&aacute;c bạn c&oacute; thể tải về để l&agrave;m t&agrave;i liệu.</span></span></span></p>\r\n','<p><span style=\"font-size:18px\"><span style=\"background-color:white\"><span style=\"font-family:&quot;Times New Roman&quot;,serif\">Hoạt động C&Agrave;I ĐẶT ĐỐI TƯỢNG sẽ hướng dẫn c&aacute;c bạn c&agrave;i đặt đối tượng: Xoay đối tượng, Di <span style=\"color:black\">chuyển đối tượng</span>, Thay đổi k&iacute;ch thước đối tượng, v&agrave; một số c&agrave;i đặt kh&aacute;c</span></span></span></p>\r\n','/media/unzip/Hoat_dong_3/story_flash.html /media/Cai_dat_doi_tuong_trong_Alice_3D.pdf https://www.youtube.com/embed/hV125C8X7vU',3,'',6,7,26,NULL),(43,'Sử dụng máy quay','2019-04-27 22:28:40.473203','2019-04-29 09:50:04.932797',15,1,'<p><span style=\"font-size:18px\"><span style=\"font-family:Times New Roman,Times,serif\"><u><strong><span style=\"color:#2980b9\">Mục ti&ecirc;u:</span></strong></u> H<span style=\"background-color:white\">ướng dẫn học vi&ecirc;n&nbsp;c&aacute;ch điều khiển m&aacute;y quay v&agrave; c&aacute;c g&oacute;c nh&igrave;n trong m&agrave;n h&igrave;nh l&agrave;m việc 3D: Starting Camera View, &nbsp;Layout Camera View TOP, SIDE, FRONT</span></span></span></p>\r\n\r\n<p><span style=\"font-size:18px\"><span style=\"font-family:Times New Roman,Times,serif\"><span style=\"background-color:white\"><span style=\"color:#27ae60\"><u><strong>Y&ecirc;u cầu đầu ra:</strong></u></span> Học vi&ecirc;n sử dụng được c&aacute;c g&oacute;c nh&igrave;n m&aacute;y quay trong việc k&eacute;o thả đối tượng v&agrave;o m&agrave;n h&igrave;nh l&agrave;m việc 3D.</span></span></span></p>\r\n\r\n<p><span style=\"font-size:18px\"><span style=\"font-family:Times New Roman,Times,serif\"><span style=\"background-color:white\"><u><strong><span style=\"color:#16a085\">M&ocirc; tả:</span></strong></u>&nbsp;Hoạt động SỬ DỤNG M&Aacute;Y QUAY&nbsp;&nbsp;sẽ gồm c&oacute;: Video hướng dẫn chi tiết, 1 b&agrave;i giảng tương t&aacute;c với gi&uacute;p c&aacute;c bạn c&oacute; thể dễ d&agrave;ng nắm bắt kiến thức trong video, 1 bản pdf nội dung c&aacute;c bạn c&oacute; thể tải về để l&agrave;m t&agrave;i liệu.</span></span></span></p>\r\n','<p><span style=\"font-family:Times New Roman,Times,serif\"><span style=\"font-size:18px\"><span style=\"background-color:white\">Hoạt động SỬ DỤNG M&Aacute;Y QUAY sẽ hướng dẫn c&aacute;c bạn c&aacute;ch điều khiển m&aacute;y quay v&agrave; c&aacute;c g&oacute;c nh&igrave;n trong m&agrave;n h&igrave;nh l&agrave;m việc 3D: Starting Camera View, &nbsp;Layout Camera View TOP, SIDE, FRONT</span></span></span></p>\r\n','/media/unzip/Hoat_dong_4/story_flash.html /media/May_quay_trong_Alice.pdf https://www.youtube.com/embed/9WEDolWFb1M',4,'',6,7,26,NULL),(44,'Trò chơi tương tác','2019-04-27 22:29:41.957069','2019-04-27 22:29:41.957075',5,1,'<p><span style=\"font-size:18px\"><span style=\"background-color:white\"><span style=\"font-family:&quot;Times New Roman&quot;,serif\">Được thiết kế dưới dạng tr&ograve; chơi gi&uacute;p c&aacute;c bạn củng cố lại kiến thức. Tr&ograve; chơi n&agrave;y chỉ gi&uacute;p c&aacute;c bạn củng cố kiến thức n&ecirc;n sẽ kh&ocirc;ng lấy điểm</span></span></span></p>\r\n','<p><span style=\"font-size:18px\"><span style=\"background-color:white\"><span style=\"font-family:&quot;Times New Roman&quot;,serif\">Củng cố lại kiến thức hoạt động 4</span></span></span></p>\r\n','/media/unzip/On_tap_hoat_dong_4/story_flash.html',1,'',6,4,27,NULL),(45,'Trò chơi: Giao hàng','2019-04-27 22:30:27.195522','2019-04-27 22:30:27.195526',5,1,'<p><span style=\"font-size:18px\"><span style=\"font-family:Times New Roman,Times,serif\"><span style=\"background-color:white\">Được thiết kế dưới dạng tr&ograve; chơi gi&uacute;p c&aacute;c bạn củng cố lại kiến thức. Tr&ograve; chơi n&agrave;y chỉ gi&uacute;p c&aacute;c bạn củng cố kiến thức n&ecirc;n sẽ kh&ocirc;ng lấy điểm</span></span></span></p>\r\n','','/media/unzip/Giao_hang/story_flash.html',2,'',6,4,27,NULL),(46,'Trò chơi: Những chuyến đi','2019-04-27 22:31:19.988676','2019-04-27 22:31:19.988681',5,1,'<p><span style=\"font-size:18px\"><span style=\"background-color:white\"><span style=\"font-family:&quot;Times New Roman&quot;,serif\">Được thiết kế dưới dạng tr&ograve; chơi gi&uacute;p c&aacute;c bạn củng cố lại kiến thức. Tr&ograve; chơi n&agrave;y chỉ gi&uacute;p c&aacute;c bạn củng cố kiến thức n&ecirc;n sẽ kh&ocirc;ng lấy điểm</span></span></span></p>\r\n','','/media/unzip/Nhung_chuyen_di/story_flash.html',3,'',6,4,27,NULL),(47,'Camera Markers','2019-04-27 22:32:39.931098','2019-04-27 22:32:39.931116',5,1,'<p><span style=\"font-size:18px\"><span style=\"font-family:Times New Roman,Times,serif\">Giới thiệu về Camera Markers</span></span></p>\r\n','','/media/unzip/Camera_markers/story_flash.html',1,'',6,4,28,NULL),(48,'Nhân Vật Kỳ Bí','2019-04-27 22:38:11.012526','2019-04-27 22:38:11.012531',1,1,'<p style=\"text-align:justify\"><span style=\"font-size:20px\"><span style=\"color:#16a085\"><span style=\"font-family:Calibri,sans-serif\"><strong><em><span style=\"font-family:&quot;Times New Roman&quot;,serif\">Ch&agrave;o mừng c&aacute;c bạn đ&atilde; đến với hoạt động học tập số 5 , đ&acirc;y l&agrave; hoạt động được thiết kế nhằm cung cấp cho c&aacute;c bạn những v&iacute; dụ đơn giản khi l&agrave;m việc với đ&egrave;n Led</span></em></strong></span></span></span></p>\r\n','<p style=\"margin-left:36pt; margin-right:0cm; text-align:justify\"><span style=\"font-size:20px\"><span style=\"color:#16a085\"><span style=\"font-family:Calibri,sans-serif\"><strong><em><span style=\"font-family:&quot;Times New Roman&quot;,serif\">Ch&agrave;o mừng c&aacute;c bạn đ&atilde; đến với hoạt động học tập số 5 , đ&acirc;y l&agrave; hoạt động được thiết kế nhằm cung cấp cho c&aacute;c bạn những v&iacute; dụ điểm h&igrave;nh nhất về việc ứng dụng arduino m&agrave; cụ thể l&agrave; những v&iacute; dụ đơn giản l&agrave;m việc với đ&egrave;n Led, qua đ&oacute; những kiến thức cơ bản về v&ograve;ng lặp cũng sẽ được ch&uacute;ng t&ocirc;i hướng dẫn đan xen v&agrave; minh họa sao cho đơn giản , dễ hiểu nhất ! </span></em></strong></span></span></span></p>\r\n\r\n<p style=\"margin-left:36pt; margin-right:0cm; text-align:justify\"><span style=\"color:#e74c3c\"><span style=\"font-size:20px\"><span style=\"font-family:Calibri,sans-serif\"><strong><em><span style=\"font-family:&quot;Times New Roman&quot;,serif\">Lưu &yacute;: đ&acirc;y l&agrave; hoạt động học tập bắt buộc, kh&ocirc;ng t&iacute;nh điểm.</span></em></strong></span></span></span></p>\r\n','/media/unzip/HD05_B01_LED_NHANVATKYBI_t49c0Hd/story_flash.html /media/2den_S1z25Rw.pdf https://www.youtube.com/embed/ufPs9abqUmg',5,'',5,7,6,NULL),(49,'Mã Nguồn Ma Thuật','2019-04-27 22:44:40.372710','2019-04-27 22:44:40.372714',1,1,'<p style=\"text-align:justify\"><span style=\"color:#16a085\"><strong><span style=\"font-size:20px\"><span style=\"font-family:Calibri,sans-serif\"><span style=\"font-family:&quot;Times New Roman&quot;,serif\">Sau khi đ&atilde; ho&agrave;n th&agrave;nh to&agrave;n bộ qu&aacute; tr&igrave;nh lắp đặt cũng như tinh chỉnh cần thiết cho cảm biến si&ecirc;u &acirc;m, ch&uacute;ng ta bước sang hoạt động số 06 : &ldquo;</span></span></span></strong></span><span style=\"color:#e74c3c\"><strong><span style=\"font-size:20px\"><span style=\"font-family:Calibri,sans-serif\"><span style=\"font-family:&quot;Times New Roman&quot;,serif\">Code - M&atilde; Nguồn Ma Thuật</span></span></span></strong></span><span style=\"color:#16a085\"><strong><span style=\"font-size:20px\"><span style=\"font-family:Calibri,sans-serif\"><span style=\"font-family:&quot;Times New Roman&quot;,serif\">&rdquo;.</span></span></span></strong></span></p>\r\n','<p style=\"margin-right:0cm; text-align:justify\"><span style=\"color:#16a085\"><strong><span style=\"font-size:20px\"><span style=\"font-family:Calibri,sans-serif\"><span style=\"font-family:&quot;Times New Roman&quot;,serif\">Sau khi đ&atilde; ho&agrave;n th&agrave;nh to&agrave;n bộ qu&aacute; tr&igrave;nh lắp đặt cũng như tinh chỉnh cần thiết cho cảm biến si&ecirc;u &acirc;m, ch&uacute;ng ta bước sang hoạt động số 06 : &ldquo;</span></span></span></strong></span><span style=\"color:#e74c3c\"><strong><span style=\"font-size:20px\"><span style=\"font-family:Calibri,sans-serif\"><span style=\"font-family:&quot;Times New Roman&quot;,serif\">Code - M&atilde; Nguồn Ma Thuật</span></span></span></strong></span><span style=\"color:#16a085\"><strong><span style=\"font-size:20px\"><span style=\"font-family:Calibri,sans-serif\"><span style=\"font-family:&quot;Times New Roman&quot;,serif\">&rdquo;. Ở hoạt động n&agrave;y, ch&uacute;ng ta sẽ c&ugrave;ng nhau t&igrave;m hiểu những cấu tr&uacute;c m&atilde; nguồn cần thiết thể gi&uacute;p cho cảm biến si&ecirc;u &acirc;m hoạt động. </span></span></span></strong></span></p>\r\n\r\n<p style=\"margin-right:0cm; text-align:justify\"><span style=\"color:#e74c3c\"><strong><span style=\"font-size:20px\"><span style=\"font-family:Calibri,sans-serif\"><span style=\"font-family:&quot;Times New Roman&quot;,serif\">Lưu &yacute;: Đ&acirc;y l&agrave; hoạt động học tập bắt buộc, kh&ocirc;ng t&iacute;nh điểm.</span></span></span></strong></span></p>\r\n','/media/unzip/HD_05_MANGUONMATHUAT_cambiensieuam/story_flash.html /media/code_tranh_vat_can.pdf ',6,'',5,7,12,NULL),(50,'Chương trình con','2019-04-27 22:45:11.450841','2019-04-29 09:50:15.804265',20,1,'<p><span style=\"font-family:Times New Roman,Times,serif\"><span style=\"font-size:18px\"><strong><u><span style=\"color:#2980b9\">Mục ti&ecirc;u:</span></u></strong> G<span style=\"background-color:white\">i&uacute;p c&aacute;c bạn t&igrave;m hiểu: <span style=\"color:black\">c&aacute;ch tạo</span> v&agrave; sử dụng thủ tục v&agrave; h&agrave;m trong Alice, kh&aacute;c nhau <span style=\"color:black\">giữa h&agrave;m</span> v&agrave; thủ tục trong Alice</span></span></span></p>\r\n\r\n<p><span style=\"font-family:Times New Roman,Times,serif\"><span style=\"font-size:18px\"><u><strong><span style=\"color:#27ae60\">Y&ecirc;u cầu đầu ra:</span></strong></u> Học vi&ecirc;n tạo v&agrave; lập tr&igrave;nh được h&agrave;m v&agrave; thủ tục trong Alice</span></span></p>\r\n\r\n<p><span style=\"font-family:Times New Roman,Times,serif\"><span style=\"font-size:18px\"><strong><u><span style=\"color:#16a085\">M&ocirc; tả:</span></u></strong>&nbsp;<span style=\"background-color:white\">Hoạt động CHƯƠNG TR&Igrave;NH CON&nbsp;sẽ gồm c&oacute;: Video hướng dẫn chi tiết, 1 b&agrave;i giảng tương t&aacute;c với gi&uacute;p c&aacute;c bạn c&oacute; thể dễ d&agrave;ng nắm bắt kiến thức trong video, 1 bản pdf nội dung c&aacute;c bạn c&oacute; thể tải về để l&agrave;m t&agrave;i liệu.</span></span></span></p>\r\n','<p><span style=\"font-size:18px\"><span style=\"background-color:white\"><span style=\"font-family:&quot;Times New Roman&quot;,serif\">Hoạt động CHƯƠNG TR&Igrave;NH CON sẽ gi&uacute;p c&aacute;c bạn t&igrave;m hiểu: <span style=\"color:black\">c&aacute;ch tạo</span> v&agrave; sử dụng thủ tục v&agrave; h&agrave;m trong Alice, kh&aacute;c nhau <span style=\"color:black\">giữa h&agrave;m</span> v&agrave; thủ tục trong Alice</span></span></span></p>\r\n','/media/unzip/Hoat_dong_1_Ntp1x7b/story_flash.html /media/Chuong_trinh_con.pdf https://www.youtube.com/embed/PVh4mKbQrGI',1,'',6,7,29,NULL),(51,'Ai Nhanh Ai Đúng','2019-04-27 22:48:06.186196','2019-04-27 22:48:06.186202',1,1,'<p><span style=\"color:#16a085\"><strong><span style=\"font-size:20px\"><span style=\"font-family:Calibri,sans-serif\"><span style=\"font-family:&quot;Times New Roman&quot;,serif\">Ch&agrave;o mừng c&aacute;c bạn đ&atilde; đến với hoạt động học tập số 7, đ&acirc;y l&agrave; một trong 3 hoạt động học tập thuộc nh&oacute;m c&aacute;c hoạt động tr&ograve; chơi thử th&aacute;ch.</span></span></span></strong></span></p>\r\n','<p style=\"margin-right:0cm; text-align:justify\"><span style=\"color:#16a085\"><strong><span style=\"font-size:20px\"><span style=\"font-family:Calibri,sans-serif\"><span style=\"font-family:&quot;Times New Roman&quot;,serif\">Ch&agrave;o mừng c&aacute;c bạn đ&atilde; đến với hoạt động học tập số 7, đ&acirc;y l&agrave; một trong 3 hoạt động học tập thuộc nh&oacute;m c&aacute;c hoạt động tr&ograve; chơi thử th&aacute;ch. Hoạt động n&agrave;y được thiết kế dưới h&igrave;nh thức một tr&ograve; chơi nhằm gi&uacute;p c&aacute;c bạn hồi tưởng lại c&aacute;c kiến thức về nguy&ecirc;n l&yacute; hoạt động của cảm biến si&ecirc;u &acirc;m. </span></span></span></strong></span></p>\r\n\r\n<p style=\"margin-right:0cm; text-align:justify\"><span style=\"color:#e74c3c\"><strong><span style=\"font-size:20px\"><span style=\"font-family:Calibri,sans-serif\"><span style=\"font-family:&quot;Times New Roman&quot;,serif\">Lưu &Yacute;, đ&acirc;y l&agrave; hoạt động học tập bắt buộc, c&oacute; t&iacute;nh điểm.</span></span></span></strong></span></p>\r\n','/media/unzip/hoat_dong_07_ainhanhaidung/story_flash.html',1,'',5,4,13,NULL),(52,'Lập trình với lớp Scene','2019-04-27 22:49:38.965150','2019-04-29 09:50:25.604052',20,1,'<p><span style=\"font-family:Times New Roman,Times,serif\"><span style=\"font-size:18px\"><span style=\"color:#2980b9\"><u><strong>Mục ti&ecirc;u:</strong></u></span> Hướng dẫn học vi&ecirc;n&nbsp;lập tr&igrave;nh bắt sự kiện, v&agrave; hướng dẫn c&aacute;c bạn lập tr&igrave;nh v&agrave; chạy một thủ tục trong lớp Scene</span></span></p>\r\n\r\n<p><span style=\"font-family:Times New Roman,Times,serif\"><span style=\"font-size:18px\"><span style=\"color:#27ae60\"><u><strong>Y&ecirc;u cầu đầu ra:</strong></u> </span>Học vi&ecirc;n lập tr&igrave;nh được bắt sự kiện, lập tr&igrave;nh v&agrave; chạy thủ tục cho b&agrave;i tập cụ thể.</span></span></p>\r\n\r\n<p><span style=\"font-family:Times New Roman,Times,serif\"><span style=\"font-size:18px\"><span style=\"color:#16a085\"><u><strong>M&ocirc; tả:</strong></u></span>&nbsp;Hoạt động LẬP TR&Igrave;NH VỚI LỚP SCENE&nbsp;sẽ gồm c&oacute;: Video hướng dẫn chi tiết, 1 b&agrave;i giảng tương t&aacute;c với gi&uacute;p c&aacute;c bạn c&oacute; thể dễ d&agrave;ng nắm bắt kiến thức trong video, 1 bản pdf nội dung c&aacute;c bạn c&oacute; thể tải về để l&agrave;m t&agrave;i liệu</span></span></p>\r\n','<p><span style=\"font-family:Times New Roman,Times,serif\"><span style=\"font-size:11.0pt\"><span style=\"background-color:white\">Hoạt động LẬP TR&Igrave;NH VỚI LỚP SCENE sẽ hướng dẫn c&aacute;c bạn lập tr&igrave;nh bắt sự kiện, v&agrave; hướng dẫn c&aacute;c bạn lập tr&igrave;nh v&agrave; chạy một thủ tục trong lớp Scene</span></span></span></p>\r\n','/media/unzip/Hoat_dong_2_shty2Mf/story_flash.html /media/Lap_trinh_voi_lop_Scene.pdf https://www.youtube.com/embed/-ggUgVkFHcw',2,'',6,7,29,NULL),(53,'Thỏ Tìm Cà Rốt','2019-04-27 22:50:03.521409','2019-04-27 22:50:03.521415',1,1,'<p><span style=\"color:#16a085\"><strong><span style=\"font-size:20px\"><span style=\"font-family:Calibri,sans-serif\"><span style=\"font-family:&quot;Times New Roman&quot;,serif\">Đ&acirc;y l&agrave; hoạt động học tập số 8 trong chuỗi c&aacute;c hoạt động học tập của chuy&ecirc;n đề học tập số 3. </span></span></span></strong></span></p>\r\n','<p style=\"margin-right:0cm; text-align:justify\"><span style=\"color:#16a085\"><strong><span style=\"font-size:20px\"><span style=\"font-family:Calibri,sans-serif\"><span style=\"font-family:&quot;Times New Roman&quot;,serif\">Đ&acirc;y l&agrave; hoạt động học tập số 8 trong chuỗi c&aacute;c hoạt động học tập của chuy&ecirc;n đề học tập số 3. Hoạt động n&agrave;y được thiết kế dưới h&igrave;nh thức tr&ograve; chơi tương t&aacute;c nhanh, nhằm gi&uacute;p c&aacute;c bạn cũng cố c&aacute;c thao t&aacute;c giữa cảm biến si&ecirc;u &acirc;m v&agrave; mạch Arduino. </span></span></span></strong></span></p>\r\n\r\n<p style=\"margin-right:0cm; text-align:justify\"><span style=\"color:#e74c3c\"><strong><span style=\"font-size:20px\"><span style=\"font-family:Calibri,sans-serif\"><span style=\"font-family:&quot;Times New Roman&quot;,serif\">Lưu &yacute;, đ&acirc;y l&agrave; hoạt động học tập bắt buộc, c&oacute; t&iacute;nh điểm.</span></span></span></strong></span></p>\r\n','/media/unzip/Hoat_dong_08_Thotim_Carot/story_flash.html',2,'',5,4,13,NULL),(54,'Lập trình với lớp khác','2019-04-27 22:52:19.483748','2019-04-29 09:50:35.617304',20,1,'<p><span style=\"font-family:Times New Roman,Times,serif\"><span style=\"font-size:18px\"><span style=\"color:#2980b9\"><u><strong>Mục ti&ecirc;u:</strong></u></span> H<span style=\"background-color:white\">ướng dẫn c&aacute;c học vi&ecirc;n:&nbsp;tạo v&agrave; lập tr&igrave;nh với một thủ tục trong lớp kh&aacute;c, v&agrave; chạy thủ tục đ&oacute;.</span></span></span></p>\r\n\r\n<p><span style=\"font-family:Times New Roman,Times,serif\"><span style=\"font-size:18px\"><span style=\"background-color:white\"><span style=\"color:#27ae60\"><u><strong>Y&ecirc;u cầu đầu ra:</strong></u></span> Học vi&ecirc;n lập tr&igrave;nh được&nbsp;với lớp kh&aacute;c trong b&agrave;i tập cụ thể.</span></span></span></p>\r\n\r\n<p><span style=\"font-family:Times New Roman,Times,serif\"><span style=\"font-size:11.0pt\"><span style=\"color:#16a085\"><span style=\"font-size:18px\"><u><strong>M&ocirc; tả:</strong></u></span></span><span style=\"background-color:white\"><span style=\"font-size:18px\">&nbsp;Hoạt động LẬP TR&Igrave;NH VỚI LỚP KH&Aacute;C sẽ gồm c&oacute;: Video hướng dẫn chi tiết, 1 b&agrave;i giảng tương t&aacute;c với gi&uacute;p c&aacute;c bạn c&oacute; thể dễ d&agrave;ng nắm bắt kiến thức trong video, 1 bản pdf nội dung c&aacute;c bạn c&oacute; thể tải về để l&agrave;m t&agrave;i liệu.</span></span></span></span></p>\r\n','<p><span style=\"font-size:18px\"><span style=\"background-color:white\"><span style=\"font-family:&quot;Times New Roman&quot;,serif\">Hoạt động LẬP TR&Igrave;NH VỚI LỚP KH&Aacute;C sẽ hướng dẫn c&aacute;c bạn: tạo v&agrave; lập tr&igrave;nh với một thủ tục trong lớp kh&aacute;c, v&agrave; chạy thủ tục đ&oacute;</span></span></span></p>\r\n','/media/unzip/Hoat_dong_3_YdvRpHb/story_flash.html /media/Lap_trinh_voi_mot_lop_khac.pdf https://www.youtube.com/embed/4IVKwfidy60',3,'',6,7,29,NULL),(55,'Đề bài thực hành','2019-04-27 22:56:26.276015','2019-05-09 09:09:44.365505',3,1,'<p style=\"margin-right:0in; text-align:justify\"><span style=\"font-size:18px\"><span style=\"font-family:Calibri,sans-serif\"><span style=\"background-color:white\"><span style=\"font-family:&quot;Times New Roman&quot;,serif\">C&aacute;c bạn sẽ thực h&agrave;nh theo <span style=\"color:black\">file pdf</span>.</span></span></span></span></p>\r\n\r\n<p style=\"margin-right:0in\"><span style=\"font-size:18px\"><span style=\"font-family:Calibri,sans-serif\"><span style=\"background-color:white\"><span style=\"font-family:&quot;Times New Roman&quot;,serif\">C&aacute;c bạn sẽ l&agrave;m v&agrave; nộp lại b&agrave;i <span style=\"color:black\">theo đường&nbsp;link</span>:&nbsp;<a href=\"https://drive.google.com/drive/folders/1kdqJcaXDdhuXokuDCsXKLUmzAsFMD6nZ?usp=sharing\">Link</a></span></span></span></span></p>\r\n\r\n<p style=\"margin-right:0in; text-align:justify\"><span style=\"font-size:18px\"><span style=\"font-family:Calibri,sans-serif\"><span style=\"background-color:white\"><span style=\"font-family:&quot;Times New Roman&quot;,serif\">T&ecirc;n <span style=\"color:black\">file nộp</span>: <span style=\"color:black\">Thuchanhbai</span>3_<span style=\"color:black\">Hoten</span>.a3p</span></span></span></span></p>\r\n\r\n<p><span style=\"font-size:18px\"><span style=\"background-color:white\"><span style=\"font-family:&quot;Times New Roman&quot;,serif\">&nbsp; &nbsp; &nbsp; &nbsp; &nbsp;V&iacute; dụ: Thuchanhbai3_NguyenVanA.a3</span></span></span></p>\r\n','<p><span style=\"font-family:Times New Roman,Times,serif\"><span style=\"font-size:18px\">Đề b&agrave;i thực h&agrave;nh</span></span></p>\r\n','/media/Bai_thuc_hanh.pdf',1,'',6,2,30,NULL),(56,'Tài nguyên','2019-04-27 22:58:21.225809','2019-05-09 09:09:32.059042',2,1,'<p><span style=\"font-family:Times New Roman,Times,serif\"><span style=\"font-size:18px\"><span style=\"background-color:white\">C&aacute;c bạn <span style=\"color:black\">tải file</span> n&agrave;y về để thực h&agrave;nh. C&aacute;c bạn sẽ thực h&agrave;nh dựa theo <span style=\"color:black\">bản pdf</span> ở&nbsp;hoạt động Đề b&agrave;i. </span></span></span></p>\r\n','<p><span style=\"font-size:18px\"><span style=\"font-family:Times New Roman,Times,serif\">Link tải file:&nbsp;<a href=\"https://drive.google.com/open?id=1vMhLLUeZeBrpZaJesh7A-VUnnSSSGlIm\">Link</a></span></span></p>\r\n','',2,'',6,1,30,NULL),(57,'Quả Banh May Mắn','2019-04-27 22:58:37.451873','2019-04-27 22:58:37.451878',1,1,'<p style=\"text-align:justify\"><span style=\"color:#16a085\"><strong><span style=\"font-size:20px\"><span style=\"font-family:Calibri,sans-serif\"><span style=\"font-family:&quot;Times New Roman&quot;,serif\">Ch&agrave;o mừng c&aacute;c bạn đ&atilde; đến với hoạt động học tập số 9, đ&acirc;y l&agrave; một trong 3 hoạt động học tập thuộc nh&oacute;m c&aacute;c hoạt động tr&ograve; chơi thử th&aacute;ch.</span></span></span></strong></span></p>\r\n','<p style=\"margin-left:36pt; margin-right:0cm; text-align:justify\"><span style=\"color:#16a085\"><strong><span style=\"font-size:20px\"><span style=\"font-family:Calibri,sans-serif\"><span style=\"font-family:&quot;Times New Roman&quot;,serif\">Ch&agrave;o mừng c&aacute;c bạn đ&atilde; đến với hoạt động học tập số 9, đ&acirc;y l&agrave; một trong 3 hoạt động học tập thuộc nh&oacute;m c&aacute;c hoạt động tr&ograve; chơi thử th&aacute;ch. Hoạt động n&agrave;y được thiết kế dưới h&igrave;nh thức một tr&ograve; chơi nhằm gi&uacute;p c&aacute;c bạn củng cố lại những kiến thức đ&atilde; học c&oacute; li&ecirc;n quan nội dung li&ecirc;n quan đến phương thức c&agrave;i đặt v&agrave; k&iacute;ch hoạt cảm biến si&ecirc;u &acirc;m. </span></span></span></strong></span><span style=\"color:#e74c3c\"><strong><span style=\"font-size:20px\"><span style=\"font-family:Calibri,sans-serif\"><span style=\"font-family:&quot;Times New Roman&quot;,serif\">Lưu &yacute;, đ&acirc;y l&agrave; hoạt động học tập bắt buộc, c&oacute; t&iacute;nh điểm.</span></span></span></strong></span></p>\r\n','/media/unzip/Hoat_DONG_09_quaBanhMayman/story_flash.html',3,'',5,4,13,NULL),(58,'Trò chơi tương tác 1','2019-04-27 22:59:17.382619','2019-04-27 22:59:17.382625',5,1,'<p><span style=\"font-size:18px\"><span style=\"background-color:white\"><span style=\"font-family:&quot;Times New Roman&quot;,serif\">Được thiết kế dưới dạng tr&ograve; chơi gi&uacute;p c&aacute;c bạn củng cố lại kiến thức. Tr&ograve; chơi n&agrave;y chỉ gi&uacute;p c&aacute;c bạn củng cố kiến thức n&ecirc;n sẽ kh&ocirc;ng lấy điểm</span></span></span></p>\r\n','<p><span style=\"font-size:18px\"><span style=\"background-color:white\"><span style=\"font-family:&quot;Times New Roman&quot;,serif\">Củng cố lại kiến thức hoạt động 1</span></span></span></p>\r\n','/media/unzip/On_tap_hoat_dong_1/story_flash.html',1,'',6,4,31,NULL),(59,'Trò chơi tương tác 2','2019-04-27 23:00:08.885676','2019-04-27 23:00:08.885681',5,1,'<p><span style=\"font-size:18px\"><span style=\"background-color:white\"><span style=\"font-family:&quot;Times New Roman&quot;,serif\">Được thiết kế dưới dạng tr&ograve; chơi gi&uacute;p c&aacute;c bạn củng cố lại kiến thức. Tr&ograve; chơi n&agrave;y chỉ gi&uacute;p c&aacute;c bạn củng cố kiến thức n&ecirc;n sẽ kh&ocirc;ng lấy điểm</span></span></span></p>\r\n','<p><span style=\"font-size:18px\"><span style=\"background-color:white\"><span style=\"font-family:&quot;Times New Roman&quot;,serif\">Củng cố lại kiến thức hoạt động 2</span></span></span></p>\r\n','/media/unzip/On_tap_hoat_dong_2_RFEUZh1/story_flash.html',2,'',6,4,31,NULL),(60,'Trò chơi tương tác 3','2019-04-27 23:00:58.296959','2019-04-27 23:00:58.296964',5,1,'<p><span style=\"font-size:18px\"><span style=\"background-color:white\"><span style=\"font-family:&quot;Times New Roman&quot;,serif\">Được thiết kế dưới dạng tr&ograve; chơi gi&uacute;p c&aacute;c bạn củng cố lại kiến thức. Tr&ograve; chơi n&agrave;y chỉ gi&uacute;p c&aacute;c bạn củng cố kiến thức n&ecirc;n sẽ kh&ocirc;ng lấy điểm</span></span></span></p>\r\n','<p><span style=\"font-family:Times New Roman,Times,serif\"><span style=\"font-size:18px\"><span style=\"background-color:white\">Củng cố lại kiến thức hoạt động 3</span></span></span></p>\r\n','/media/unzip/On_tap_hoat_dong_3_QjRcztF/story_flash.html',3,'',6,4,31,NULL),(61,'Lớp và đối tượng','2019-04-27 23:04:52.624428','2019-04-27 23:04:52.624434',5,1,'<p><span style=\"font-size:18px\"><span style=\"font-family:Times New Roman,Times,serif\">Giới thiệu về Lớp v&agrave; đối tượng trong C++<br />\r\nĐể tải to&agrave;n bộ&nbsp;t&agrave;i liệu, c&aacute;c bạn tải về theo link:&nbsp;<a href=\"https://drive.google.com/open?id=1dUpDiS589dBgP6h9mM-oIktPfp9f_-oO\">Link</a></span></span></p>\r\n','','/media/C%2B%2B%20dai%20hoc%20cong%20nghe214-276.pdf',1,'',6,2,32,NULL),(62,'Phù Thủy Thời Gian','2019-04-27 23:10:02.869023','2019-04-27 23:10:02.869027',1,1,'<p style=\"text-align:justify\"><strong><span style=\"color:#16a085\"><span style=\"font-size:20px\"><span style=\"font-family:Calibri,sans-serif\"><span style=\"font-family:&quot;Times New Roman&quot;,serif\">Ch&agrave;o mừng c&aacute;c bạn đ&atilde; đến với hoạt động học tập số 10 &ndash; Một trong những hoạt động học tập quan trọng của chuy&ecirc;n đề học tập số 3.</span></span></span></span></strong></p>\r\n','<p style=\"margin-right:0cm; text-align:justify\"><strong><span style=\"color:#16a085\"><span style=\"font-size:20px\"><span style=\"font-family:Calibri,sans-serif\"><span style=\"font-family:&quot;Times New Roman&quot;,serif\">Ch&agrave;o mừng c&aacute;c bạn đ&atilde; đến với hoạt động học tập số 10 &ndash; Một trong những hoạt động học tập quan trọng của chuy&ecirc;n đề học tập số 3. Ở hoạt động n&agrave;y, tất cả c&aacute;c bạn sẽ c&ugrave;ng nhau thực hiện một b&agrave;i Quiz gồm 10 c&acirc;u trắc nghiệm đ&uacute;ng/sai về nguy&ecirc;n l&yacute; hoạt động cũng như phương thức lắp đăt cảm biến si&ecirc;u &acirc;m.</span></span></span></span></strong></p>\r\n\r\n<p style=\"margin-right:0cm; text-align:justify\"><span style=\"color:#e74c3c\"><strong><span style=\"font-size:20px\"><span style=\"font-family:Calibri,sans-serif\"><span style=\"font-family:&quot;Times New Roman&quot;,serif\">Lưu &yacute;, đ&acirc;y l&agrave; hoạt động học tập bắt buộc, c&oacute; t&iacute;nh điểm</span></span></span></strong></span></p>\r\n','/media/unzip/HD_10_phuthuy_thoigian_sieuam/story_flash.html',1,'',5,4,14,NULL),(63,'Biến Giả Thành Thật','2019-04-27 23:14:17.184449','2019-04-27 23:14:17.184454',1,1,'<p style=\"text-align:justify\"><span style=\"color:#16a085\"><strong><span style=\"font-size:20px\"><span style=\"font-family:Calibri,sans-serif\"><span style=\"font-family:&quot;Times New Roman&quot;,serif\">Ở hoạt động n&agrave;y, tất cả c&aacute;c bạn sẽ quay lại 1 clip thực h&agrave;nh lựa chọn v&agrave; lắp đặt c&aacute;c linh kiện theo hướng dẫn để tạo n&ecirc;n một xe tr&aacute;nh vật cảng </span></span></span></strong></span></p>\r\n','<p style=\"margin-right:0cm; text-align:justify\"><span style=\"color:#16a085\"><strong><span style=\"font-size:20px\"><span style=\"font-family:Calibri,sans-serif\"><span style=\"font-family:&quot;Times New Roman&quot;,serif\">Ch&agrave;o mừng c&aacute;c bạn đ&atilde; đến với hoạt động học tập thứ 11. Ở hoạt động n&agrave;y, tất cả c&aacute;c bạn sẽ quay lại 1 clip thực h&agrave;nh lựa chọn v&agrave; lắp đặt c&aacute;c linh kiện theo hướng dẫn để tạo n&ecirc;n một xe tr&aacute;nh vật cảng sử dụng cảm biến si&ecirc;u &acirc;m như đ&atilde; được ch&uacute;ng t&ocirc;i giới thiệu v&agrave; hướng dẫn. </span></span></span></strong></span></p>\r\n\r\n<p style=\"margin-right:0cm; text-align:justify\"><span style=\"color:#16a085; font-family:Times New Roman, serif\"><span style=\"font-size:20px\"><strong>Sản phẩm l&agrave; một clip được up l&ecirc;n </strong></span></span><span style=\"color:#e74c3c\"><span style=\"font-family:Times New Roman, serif\"><span style=\"font-size:20px\"><strong>youtube</strong></span></span></span><span style=\"color:#16a085; font-family:Times New Roman, serif\"><span style=\"font-size:20px\"><strong> v&agrave; d&aacute;n link v&agrave;o </strong></span></span><span style=\"color:#8e44ad\"><span style=\"font-family:Times New Roman, serif\"><span style=\"font-size:20px\"><strong>file.docx</strong></span></span></span></p>\r\n\r\n<p style=\"margin-right:0cm; text-align:justify\"><span style=\"color:#e74c3c\"><strong><span style=\"font-size:20px\"><span style=\"font-family:Calibri,sans-serif\"><span style=\"font-family:&quot;Times New Roman&quot;,serif\">Lưu &yacute;: Đ&acirc;y l&agrave; hoạt động bắt buộc, c&oacute; t&iacute;nh điểm.</span></span></span></strong></span></p>\r\n','',2,'',5,6,14,NULL),(64,'Thế Giới Lập Trình','2019-04-27 23:17:55.813987','2019-05-03 18:54:48.135220',1,1,'<p><strong><span style=\"color:#16a085\"><span style=\"font-size:20px\"><span style=\"font-family:Calibri,sans-serif\"><span style=\"font-family:&quot;Times New Roman&quot;,serif\">Đ&acirc;y l&agrave; hoạt động học tập cuối c&ugrave;ng trong chuy&ecirc;n đề học tập số 04.</span></span></span></span></strong></p>\r\n','<p style=\"margin-left:0cm; margin-right:0cm; text-align:center\"><span style=\"font-size:11pt\"><span style=\"font-family:Calibri,sans-serif\"><strong><span style=\"font-size:18.0pt\"><span style=\"font-family:&quot;Times New Roman&quot;,serif\"><span style=\"color:red\">B&Agrave;I TẬP</span></span></span></strong></span></span></p>\r\n\r\n<p style=\"margin-left:0cm; margin-right:0cm; text-align:justify\"><span style=\"font-size:11pt\"><span style=\"font-family:Calibri,sans-serif\"><strong><span style=\"font-size:14.0pt\"><span style=\"font-family:&quot;Times New Roman&quot;,serif\"><span style=\"color:#002060\">Từ m&atilde; nguồn đ&atilde; được hướng dẫn, bạn h&atilde;y viết m&atilde; nguồn điều khiển xe tự h&agrave;nh v&agrave; cảm biến si&ecirc;u &acirc;m để tạo ra xe tr&aacute;nh vật cảng theo y&ecirc;u cầu như sau: </span></span></span></strong></span></span></p>\r\n\r\n<p style=\"margin-left:0cm; margin-right:0cm; text-align:justify\"><span style=\"font-size:11pt\"><span style=\"font-family:Calibri,sans-serif\"><strong><em><span style=\"font-size:14.0pt\"><span style=\"font-family:&quot;Times New Roman&quot;,serif\"><span style=\"color:red\">&ldquo; Xe tự h&agrave;nh vận h&agrave;nh b&igrave;nh thường theo hướng đi thẳng. khi ph&aacute;t hiện thấy vật cảng c&aacute;ch xe 30 cm, xa chủ động l&ugrave;i lại trong 2 gi&acirc;y v&agrave; rẽ sang phải v&agrave; tiếp tục đi thẳng.&rdquo;</span></span></span></em></strong></span></span></p>\r\n\r\n<p style=\"margin-left:0cm; margin-right:0cm; text-align:justify\"><span style=\"font-size:11pt\"><span style=\"font-family:Calibri,sans-serif\"><strong><span style=\"font-size:14.0pt\"><span style=\"font-family:&quot;Times New Roman&quot;,serif\"><span style=\"color:red\">Y&Ecirc;U CẦU:</span></span></span></strong></span></span></p>\r\n\r\n<ul>\r\n	<li style=\"text-align:justify\"><span style=\"font-size:11pt\"><span style=\"font-family:Calibri,sans-serif\"><strong><span style=\"font-size:14.0pt\"><span style=\"font-family:&quot;Times New Roman&quot;,serif\"><span style=\"color:#002060\">SỬ DỤNG MBLOCK 3 NGAY TẠI N&Uacute;T LỆNH</span></span></span></strong></span></span></li>\r\n	<li style=\"text-align:justify\"><span style=\"font-size:11pt\"><span style=\"font-family:Calibri,sans-serif\"><strong><span style=\"font-size:14.0pt\"><span style=\"font-family:&quot;Times New Roman&quot;,serif\"><span style=\"color:#002060\">SỬ DỤNG ARDUINO IDE OFFLINE V&Agrave; NỘP FILE M&Atilde; MUỒN</span></span></span></strong></span></span></li>\r\n</ul>\r\n\r\n<p style=\"margin-left:0cm; margin-right:0cm; text-align:justify\"><span style=\"font-size:11pt\"><span style=\"font-family:Calibri,sans-serif\"><strong><span style=\"font-size:14.0pt\"><span style=\"font-family:&quot;Times New Roman&quot;,serif\"><span style=\"color:red\">NỘP B&Agrave;I:</span></span></span></strong></span></span></p>\r\n\r\n<ul>\r\n	<li style=\"text-align:justify\"><span style=\"font-size:11pt\"><span style=\"font-family:Calibri,sans-serif\"><strong><span style=\"font-size:14.0pt\"><span style=\"font-family:&quot;Times New Roman&quot;,serif\"><span style=\"color:#002060\">Sao lưu file m&atilde; nguồn của hai tr&igrave;nh soạn m&atilde; về m&aacute;y t&iacute;nh v&agrave; n&eacute;n v&agrave;o 1 file .zip duy nhất c&oacute; quy tắc đặt t&ecirc;n như sau:</span></span></span></strong></span></span></li>\r\n</ul>\r\n\r\n<p style=\"margin-left:36pt; margin-right:0cm; text-align:center\"><span style=\"font-size:11pt\"><span style=\"font-family:Calibri,sans-serif\"><strong><span style=\"font-size:14.0pt\"><span style=\"font-family:&quot;Times New Roman&quot;,serif\"><span style=\"color:red\">TenHocVien_B04_arduinocombokydieu.zip</span></span></span></strong></span></span></p>\r\n\r\n<p style=\"margin-left:36pt; margin-right:0cm\"><span style=\"font-size:11pt\"><span style=\"font-family:Calibri,sans-serif\"><strong><span style=\"font-size:14.0pt\"><span style=\"font-family:&quot;Times New Roman&quot;,serif\"><span style=\"color:red\">Code mẫu&nbsp;</span></span></span></strong></span></span></p>\r\n\r\n<div style=\"width:100%\" align=\"right\" class=\"hvr-icon-buzz-out\">\r\n<a class=\"hvr-buzz-out\" href=\"http://editor.makeblock.com\">\r\n<button class=\"btn_1\" align=\"right\"> Mở MLBLOCK</button>\r\n    </a>\r\n</div>\r\n\r\n<p><iframe frameborder=\"0\" src=\"https://create.arduino.cc/editor/arduinocombokydieu/2f178ff6-60de-4899-afb2-9e28dcd6e2db/preview?embed\" style=\"height:510px;width:100%;margin:10px 0\"></iframe></p>\r\n\r\n<p style=\"margin-right:0cm; text-align:justify\"><span style=\"color:#e74c3c\"><strong><span style=\"font-size:20px\"><span style=\"font-family:Calibri,sans-serif\"><span style=\"font-family:&quot;Times New Roman&quot;,serif\">Lưu &yacute;, đ&acirc;y l&agrave; hoạt động học tập bắt buộc, c&oacute; t&iacute;nh điểm.</span></span></span></strong></span></p>\r\n','',3,'',5,6,14,NULL),(65,'Bí Mật Thời Gian','2019-04-27 23:20:30.428634','2019-04-27 23:20:30.428640',1,1,'<p><strong><span style=\"font-size:20px\"><span style=\"color:#16a085\"><span style=\"font-family:Calibri,sans-serif\"><span style=\"font-family:&quot;Times New Roman&quot;,serif\">Ch&agrave;o mừng c&aacute;c bạn đ&atilde; đến với hoạt động học tập số 07, đ&acirc;y l&agrave; một trong 3 hoạt động học tập thuộc nh&oacute;m c&aacute;c hoạt động tr&ograve; chơi thử th&aacute;ch.</span></span></span></span></strong></p>\r\n','<p style=\"margin-right:0cm; text-align:justify\"><strong><span style=\"font-size:20px\"><span style=\"color:#16a085\"><span style=\"font-family:Calibri,sans-serif\"><span style=\"font-family:&quot;Times New Roman&quot;,serif\">Ch&agrave;o mừng c&aacute;c bạn đ&atilde; đến với hoạt động học tập số 07, đ&acirc;y l&agrave; một trong 3 hoạt động học tập thuộc nh&oacute;m c&aacute;c hoạt động tr&ograve; chơi thử th&aacute;ch. Hoạt động n&agrave;y được thiết kế dưới h&igrave;nh thức một tr&ograve; chơi nhằm gi&uacute;p c&aacute;c bạn hồi tưởng lại c&aacute;c kiến thức về nguy&ecirc;n l&yacute; hoạt động của cảm biến d&ograve; đường thanh 5 Led . </span></span></span></span></strong></p>\r\n\r\n<p style=\"margin-right:0cm; text-align:justify\"><span style=\"color:#e74c3c\"><strong><span style=\"font-size:20px\"><span style=\"font-family:Calibri,sans-serif\"><span style=\"font-family:&quot;Times New Roman&quot;,serif\">Lưu &yacute;, đ&acirc;y l&agrave; hoạt động học tập bắt buộc, c&oacute; t&iacute;nh điểm.</span></span></span></strong></span></p>\r\n','/media/unzip/HD07_B04_BIMATTHOIGIAN_DOLINE/story_flash.html',1,'',5,4,16,NULL),(66,'Bông Hoa Lém Lĩnh','2019-04-27 23:21:50.193654','2019-04-27 23:21:50.193659',1,1,'<p style=\"text-align:justify\"><strong><span style=\"color:#16a085\"><span style=\"font-size:20px\"><span style=\"font-family:Calibri,sans-serif\"><span style=\"font-family:&quot;Times New Roman&quot;,serif\">Ch&agrave;o mừng c&aacute;c em đ&atilde; đến với hoạt động &ldquo; B&ocirc;ng hoa l&eacute;m lĩnh&rdquo;. Đ&acirc;y l&agrave; hoạt động học tập số 08 trong chuỗi c&aacute;c hoạt động học tập của chuy&ecirc;n đề học tập số 04. </span></span></span></span></strong></p>\r\n','<p style=\"margin-left:36pt; margin-right:0cm; text-align:justify\"><strong><span style=\"color:#16a085\"><span style=\"font-size:20px\"><span style=\"font-family:Calibri,sans-serif\"><span style=\"font-family:&quot;Times New Roman&quot;,serif\">Ch&agrave;o mừng c&aacute;c em đ&atilde; đến với hoạt động &ldquo; B&ocirc;ng hoa l&eacute;m lĩnh&rdquo;. Đ&acirc;y l&agrave; hoạt động học tập số 08 trong chuỗi c&aacute;c hoạt động học tập của chuy&ecirc;n đề học tập số 04. Hoạt động n&agrave;y được thiết kế dưới h&igrave;nh thức tr&ograve; chơi tương t&aacute;c nhanh, nhằm gi&uacute;p c&aacute;c bạn cũng cố c&aacute;c nội dung l&yacute; thuyết đ&atilde; được học về c&aacute;c Thao t&aacute;c giữa cảm biến d&ograve; đường thanh 5 Led v&agrave; mạch Arduino. </span></span></span></span></strong></p>\r\n\r\n<p style=\"margin-left:36pt; margin-right:0cm; text-align:justify\"><span style=\"color:#e74c3c\"><strong><span style=\"font-size:20px\"><span style=\"font-family:Calibri,sans-serif\"><span style=\"font-family:&quot;Times New Roman&quot;,serif\">Lưu &yacute;, đ&acirc;y l&agrave; hoạt động học tập bắt buộc, c&oacute; t&iacute;nh điểm.</span></span></span></strong></span></p>\r\n','/media/unzip/HD08_B04_BONGHOA_LEMLIINH/story_flash.html',2,'',5,4,16,NULL),(67,'Quả Táo May Mắn','2019-04-27 23:23:41.190122','2019-04-27 23:23:41.190126',1,1,'<p style=\"text-align:justify\"><strong><span style=\"color:#16a085\"><span style=\"font-size:20px\"><span style=\"font-family:Calibri,sans-serif\"><span style=\"font-family:&quot;Times New Roman&quot;,serif\">Ch&agrave;o mừng c&aacute;c bạn đ&atilde; đến với hoạt động học tập số 09, đ&acirc;y l&agrave; hoạt động học tập cuối c&ugrave;ng thuộc nh&oacute;m c&aacute;c hoạt động tr&ograve; chơi thử th&aacute;ch.</span></span></span></span></strong></p>\r\n','<p style=\"margin-right:0cm; text-align:justify\"><strong><span style=\"color:#16a085\"><span style=\"font-size:20px\"><span style=\"font-family:Calibri,sans-serif\"><span style=\"font-family:&quot;Times New Roman&quot;,serif\">Ch&agrave;o mừng c&aacute;c bạn đ&atilde; đến với hoạt động học tập số 09, đ&acirc;y l&agrave; hoạt động học tập cuối c&ugrave;ng thuộc nh&oacute;m c&aacute;c hoạt động tr&ograve; chơi thử th&aacute;ch. Hoạt động n&agrave;y được thiết kế dưới h&igrave;nh thức một tr&ograve; chơi nhằm gi&uacute;p c&aacute;c bạn củng cố lại những kiến thức đ&atilde; học c&oacute; nội dung li&ecirc;n quan đến phương thức c&agrave;i đặt v&agrave; k&iacute;ch hoạt cảm biến d&ograve; đường thanh 5 Led.</span></span></span></span></strong></p>\r\n\r\n<p style=\"margin-right:0cm; text-align:justify\"><span style=\"color:#e74c3c\"><strong><span style=\"font-size:20px\"><span style=\"font-family:Calibri,sans-serif\"><span style=\"font-family:&quot;Times New Roman&quot;,serif\">Lưu &yacute;, đ&acirc;y l&agrave; hoạt động học tập bắt buộc, c&oacute; t&iacute;nh điểm.</span></span></span></strong></span></p>\r\n','/media/unzip/HD09_B04_QUATAOMAYMAN/story_flash.html',3,'',5,4,16,NULL),(68,'Ai Nhanh Ai Đúng','2019-04-27 23:25:22.036978','2019-04-27 23:25:22.036982',1,1,'<p style=\"text-align:justify\"><strong><span style=\"color:#16a085\"><span style=\"font-size:20px\"><span style=\"font-family:Calibri,sans-serif\"><span style=\"font-family:&quot;Times New Roman&quot;,serif\">Ch&agrave;o mừng c&aacute;c bạn đ&atilde; đến với hoạt động học tập số 7, đ&acirc;y l&agrave; một trong 3 hoạt động học tập thược nh&oacute;m c&aacute;c hoạt động tr&ograve; chơi thử th&aacute;ch.</span></span></span></span></strong></p>\r\n','<p style=\"margin-left:36pt; margin-right:0cm; text-align:justify\"><strong><span style=\"color:#16a085\"><span style=\"font-size:20px\"><span style=\"font-family:Calibri,sans-serif\"><span style=\"font-family:&quot;Times New Roman&quot;,serif\">Ch&agrave;o mừng c&aacute;c bạn đ&atilde; đến với hoạt động học tập số 7, đ&acirc;y l&agrave; một trong 3 hoạt động học tập thược nh&oacute;m c&aacute;c hoạt động tr&ograve; chơi thử th&aacute;ch. Hoạt động n&agrave;y được thiết kế dưới h&igrave;nh thức một tr&ograve; chơi nhằm gi&uacute;p c&aacute;c bạn hồi tưởng lại c&aacute;c nguy&ecirc;n l&yacute; hoạt động của cảm biến nhận bluetooth v&agrave; thiết bị di động ph&aacute;t bluetooth. </span></span></span></span></strong></p>\r\n\r\n<p style=\"margin-left:36pt; margin-right:0cm; text-align:justify\"><span style=\"color:#e74c3c\"><strong><span style=\"font-size:20px\"><span style=\"font-family:Calibri,sans-serif\"><span style=\"font-family:&quot;Times New Roman&quot;,serif\">Lưu &Yacute;, đ&acirc;y l&agrave; hoạt động học tập bắt buộc, c&oacute; t&iacute;nh điểm.</span></span></span></strong></span></p>\r\n','/media/unzip/hoat_dong_07_ainhanhaidung_BlxEvZE/story_flash.html',1,'',5,4,19,NULL),(69,'Thỏ Tìm Cà Rốt','2019-04-27 23:27:03.707843','2019-04-27 23:27:03.707848',1,1,'<p style=\"text-align:justify\"><strong><span style=\"color:#16a085\"><span style=\"font-size:20px\"><span style=\"font-family:&quot;Times New Roman&quot;,serif\">Đ&acirc;y l&agrave; hoạt động học tập số 8 trong chuỗi c&aacute;c hoạt động học tập của chuy&ecirc;n đề học tập số 3. </span></span></span></strong></p>\r\n','<p><strong><span style=\"color:#16a085\"><span style=\"font-size:20px\"><span style=\"font-family:&quot;Times New Roman&quot;,serif\">Đ&acirc;y l&agrave; hoạt động học tập số 8 trong chuỗi c&aacute;c hoạt động học tập của chuy&ecirc;n đề học tập số 3. Hoạt động n&agrave;y được thiết kế dưới h&igrave;nh thức tr&ograve; chơi tương t&aacute;c nhanh</span> <span style=\"font-family:&quot;Times New Roman&quot;,serif\">về c&aacute;c thao t&aacute;c giữa cảm biến s&oacute;ng Bluetooth v&agrave; mạch Arduino. </span></span></span></strong></p>\r\n\r\n<p><span style=\"color:#e74c3c\"><strong><span style=\"font-size:20px\"><span style=\"font-family:&quot;Times New Roman&quot;,serif\">Lưu &yacute;, đ&acirc;y l&agrave; hoạt động học tập bắt buộc, c&oacute; t&iacute;nh điểm.</span></span></strong></span></p>\r\n','/media/unzip/Hoat_dong_08_Thotim_Carot_TvzB4v3/story_flash.html',2,'',5,4,19,NULL),(70,'Bông Hoa Lém Lĩnh','2019-04-27 23:31:41.579318','2019-04-27 23:31:41.579324',1,1,'<p style=\"text-align:justify\"><strong><span style=\"color:#16a085\"><span style=\"font-size:20px\"><span style=\"font-family:Calibri,sans-serif\"><span style=\"font-family:&quot;Times New Roman&quot;,serif\">Ch&agrave;o mừng c&aacute;c bạn đ&atilde; đến với hoạt động học tập số 9, đ&acirc;y l&agrave; một trong 3 hoạt động học tập thuộc nh&oacute;m c&aacute;c hoạt động tr&ograve; chơi thử th&aacute;ch.</span></span></span></span></strong></p>\r\n','<p style=\"margin-right:0cm; text-align:justify\"><strong><span style=\"color:#16a085\"><span style=\"font-size:20px\"><span style=\"font-family:Calibri,sans-serif\"><span style=\"font-family:&quot;Times New Roman&quot;,serif\">Ch&agrave;o mừng c&aacute;c bạn đ&atilde; đến với hoạt động học tập số 9, đ&acirc;y l&agrave; một trong 3 hoạt động học tập thuộc nh&oacute;m c&aacute;c hoạt động tr&ograve; chơi thử th&aacute;ch. Hoạt động n&agrave;y được thiết kế dưới h&igrave;nh thức một tr&ograve; chơi nhằm gi&uacute;p c&aacute;c bạn củng cố lại những kiến thức đ&atilde; học c&oacute; li&ecirc;n quan nội dung li&ecirc;n quan đến phương thức c&agrave;i đặt v&agrave; k&iacute;ch hoạt MODEL Bluetooth HC-05. </span></span></span></span></strong></p>\r\n\r\n<p style=\"margin-right:0cm; text-align:justify\"><span style=\"color:#e74c3c\"><strong><span style=\"font-size:20px\"><span style=\"font-family:Calibri,sans-serif\"><span style=\"font-family:&quot;Times New Roman&quot;,serif\">Lưu &yacute;, đ&acirc;y l&agrave; hoạt động học tập bắt buộc, c&oacute; t&iacute;nh điểm.</span></span></span></strong></span></p>\r\n','/media/unzip/BONG_HOA_LEM_LINH/story_flash.html',3,'',5,4,19,NULL),(71,'Những Bài Học Thú Vị','2019-04-28 00:15:35.143871','2019-04-28 18:12:52.754698',2,1,'<p style=\"text-align:center\"><img alt=\"\" src=\"/media/2019/04/27/banner.png\" style=\"height:311px; width:600px\" /></p>\r\n\r\n<p style=\"text-align:justify\"><span style=\"color:#e74c3c\"><span style=\"font-size:20px\"><span style=\"font-family:Times New Roman,Times,serif\"><strong>Hoạt động <em>&ldquo;Những B&agrave;i Học Th&uacute; Vị&rdquo; </em>l&agrave; hoạt động xem video để c&oacute; c&aacute;i nh&igrave;n tổng quan về chủ đề, nắm r&otilde; một số điểm quan trọng trong chủ đề đ&oacute;. Hoạt động n&agrave;y cung cấp cho ch&uacute;ng ta mục ti&ecirc;u b&agrave;i học, y&ecirc;u cầu kiến thức cần đạt khi l&agrave;m quen với Tynker. </strong></span></span></span></p>\r\n','<p style=\"text-align:center\"><img alt=\"\" src=\"/media/2019/04/28/picture5.png\" style=\"height:356px; width:600px\" /></p>\r\n\r\n<p style=\"text-align:center\"><span style=\"color:#2980b9\"><strong><span style=\"font-size:36px\"><span style=\"font-family:Times New Roman,Times,serif\">NHỮNG B&Agrave;I HỌC TH&Uacute; VỊ</span></span></strong></span></p>\r\n\r\n<p style=\"text-align:justify\"><span style=\"color:#e74c3c\"><span style=\"font-family:Times New Roman, Times, serif\"><span style=\"font-size:20px\"><strong>A. Mục ti&ecirc;u hoạt động</strong></span></span></span></p>\r\n\r\n<p style=\"text-align:justify\"><span style=\"color:#d35400\"><span style=\"font-size:20px\"><span style=\"font-family:Times New Roman,Times,serif\">- Gi&uacute;p ch&uacute;ng ta c&oacute; c&aacute;i nh&igrave;n tổng quan về m&aacute;y t&iacute;nh, phần mềm v&agrave; ng&ocirc;n ngữ lập tr&igrave;nh n&oacute;i chung, qua đ&oacute; ch&uacute;ng ta sẽ x&aacute;c định được vị tr&iacute; v&agrave; vai tr&ograve; của ng&ocirc;n ngữ lập tr&igrave;nh Tynker.</span></span></span></p>\r\n\r\n<p style=\"text-align:justify\"><span style=\"color:#d35400\"><span style=\"font-size:20px\"><span style=\"font-family:Times New Roman,Times,serif\"><strong>-&nbsp;</strong>Giới thiệu chi tiết,&nbsp;đầy đủ về ng&ocirc;n ngữ lập tr&igrave;nh Tynker.</span></span></span></p>\r\n\r\n<p style=\"text-align:justify\"><span style=\"color:#e74c3c\"><span style=\"font-family:Times New Roman, Times, serif\"><span style=\"font-size:20px\"><strong>B. Video b&agrave;i giảng</strong></span></span></span></p>\r\n','https://www.youtube.com/embed/hjMuxoYo0XM',1,'',7,3,33,NULL),(73,'Phân tích bài toán','2019-04-28 14:35:20.060092','2019-04-29 10:09:00.244017',15,1,'<p><span style=\"font-size:18px\"><span style=\"font-family:Times New Roman,Times,serif\"><span style=\"color:#2980b9\"><u><strong>Mục ti&ecirc;u:</strong></u></span> G<span style=\"background-color:white\">i&uacute;p học vi&ecirc;n&nbsp;t&igrave;m hiểu về c&aacute;c bước ph&acirc;n t&iacute;ch b&agrave;i to&aacute;n, v&agrave; t&aacute;c dụng của việc ph&acirc;n t&iacute;ch b&agrave;i to&aacute;n.</span></span></span></p>\r\n\r\n<p><span style=\"font-size:18px\"><span style=\"font-family:Times New Roman,Times,serif\"><span style=\"background-color:white\"><span style=\"color:#27ae60\"><u><strong>Y&ecirc;u cầu đầu ra:</strong></u></span> Học vi&ecirc;n ph&acirc;n t&iacute;ch được một b&agrave;i to&aacute;n cụ thể</span></span></span></p>\r\n\r\n<p><span style=\"font-size:11.0pt\"><span style=\"background-color:white\"><span style=\"font-family:&quot;Times New Roman&quot;,serif\"><span style=\"font-size:18px\"><span style=\"font-family:Times New Roman,Times,serif\"><span style=\"color:#16a085\"><u><strong>M&ocirc; tả:</strong></u></span>&nbsp;Hoạt động PH&Acirc;N T&Iacute;CH B&Agrave;I TO&Aacute;N sẽ gồm c&oacute;: 1 b&agrave;i giảng <span style=\"color:black\">pdf</span> gi&uacute;p c&aacute;c bạn đọc hiểu v&agrave; nắm được kh&aacute;i niệm ph&acirc;n t&iacute;ch b&agrave;i to&aacute;n</span></span></span></span></span></p>\r\n','<p><span style=\"font-size:18px\"><span style=\"background-color:white\"><span style=\"font-family:&quot;Times New Roman&quot;,serif\">Hoạt động PH&Acirc;N T&Iacute;CH B&Agrave;I TO&Aacute;N sẽ gi&uacute;p c&aacute;c bạn t&igrave;m hiểu về c&aacute;c bước ph&acirc;n t&iacute;ch b&agrave;i to&aacute;n, v&agrave; t&aacute;c dụng của việc ph&acirc;n t&iacute;ch b&agrave;i to&aacute;n.</span></span></span></p>\r\n','/media/Khai_niem_phan_tich_bai_toan.pdf',1,'',6,2,37,NULL),(74,'Phân tích trò chơi','2019-04-28 14:37:18.894678','2019-04-28 14:37:18.894684',10,1,'<p><span style=\"font-size:18px\"><span style=\"font-family:Times New Roman,Times,serif\"><span style=\"color:#2980b9\"><u><strong>Mục ti&ecirc;u:</strong></u></span> H<span style=\"background-color:white\">ướng dẫn học vi&ecirc;n ph&acirc;n t&iacute;ch tr&ograve; chơi khỉ hứng dừa</span></span></span></p>\r\n\r\n<p><span style=\"font-size:18px\"><span style=\"font-family:Times New Roman,Times,serif\"><span style=\"color:#27ae60\"><u><strong>Y&ecirc;u cầu đầu ra: </strong></u></span>Ph&acirc;n t&iacute;ch được tr&ograve; chơi m&aacute;y bay n&eacute; tr&aacute;nh</span></span></p>\r\n\r\n<p><span style=\"font-size:18px\"><span style=\"font-family:Times New Roman,Times,serif\"><span style=\"color:#16a085\"><u><strong>M&ocirc; tả:</strong></u></span>&nbsp;<span style=\"background-color:white\">Hoạt động PH&Acirc;N T&Iacute;CH TR&Ograve; CHƠI sẽ gồm c&oacute;: 1 b&agrave;i giảng pdf gi&uacute;p c&aacute;c bạn đọc hiểu v&agrave; nắm được kh&aacute;i niệm ph&acirc;n t&iacute;ch b&agrave;i to&aacute;n</span></span></span></p>\r\n','<p><span style=\"font-size:18px\"><span style=\"background-color:white\"><span style=\"font-family:&quot;Times New Roman&quot;,serif\">Hoạt động PH&Acirc;N T&Iacute;CH TR&Ograve; CHƠI KHỈ HỨNG DỪA sẽ hướng dẫn c&aacute;c bạn ph&acirc;n t&iacute;ch tr&ograve; chơi khỉ hứng dừa.</span></span></span></p>\r\n','/media/Phan_tich_tro_choi_khi_hung_dua.pdf',2,'',6,2,37,NULL),(75,'Trò chơi tương tác','2019-04-28 14:38:22.972938','2019-04-28 14:38:22.972942',5,1,'<p><span style=\"font-size:18px\"><span style=\"background-color:white\"><span style=\"font-family:&quot;Times New Roman&quot;,serif\">Được thiết kế dưới dạng tr&ograve; chơi gi&uacute;p c&aacute;c bạn củng cố lại kiến thức. Tr&ograve; chơi n&agrave;y chỉ gi&uacute;p c&aacute;c bạn củng cố kiến thức n&ecirc;n sẽ kh&ocirc;ng lấy điểm</span></span></span></p>\r\n','<p><span style=\"font-size:18px\"><span style=\"background-color:white\"><span style=\"font-family:&quot;Times New Roman&quot;,serif\">Củng cố lại kiến thức chủ để 4</span></span></span></p>\r\n','/media/unzip/Cung_co/story_flash.html',1,'',6,4,38,NULL),(76,'Kho Tàng Vô Giá','2019-04-28 14:40:51.086400','2019-04-28 14:40:51.086407',1,1,'<p style=\"text-align:justify\"><strong><span style=\"color:#16a085\"><span style=\"font-size:20px\"><span style=\"font-family:Calibri,sans-serif\"><span style=\"font-family:&quot;Times New Roman&quot;,serif\">Đ&acirc;y l&agrave; hoạt động học tập 01 c&ugrave;ng trong chuỗi c&aacute;c hoạt động học tập của chuy&ecirc;n đề học tập số 04.</span></span></span></span></strong></p>\r\n','<p style=\"margin-left:36pt; margin-right:0cm; text-align:justify\"><strong><span style=\"color:#16a085\"><span style=\"font-size:20px\"><span style=\"font-family:Calibri,sans-serif\"><span style=\"font-family:&quot;Times New Roman&quot;,serif\">Đ&acirc;y l&agrave; hoạt động học tập 01 c&ugrave;ng trong chuỗi c&aacute;c hoạt động học tập của chuy&ecirc;n đề học tập số 04. Đ&acirc;y l&agrave; hoạt động được thiết kế với chức năng ch&iacute;nh l&agrave; cung cấp những nguồn t&agrave;i liệu, hoặc những kiến thức mở rộng c&oacute; li&ecirc;n quan đến nội dung b&agrave;i học. B&ecirc;n cạnh đ&oacute;, chuy&ecirc;n mục &ldquo;Document - Kho T&agrave;ng V&ocirc; Gi&aacute;&rdquo; cũng l&agrave; một nơi chứ đựng nhiều điều bất ngờ v&agrave; th&uacute; vị. </span></span></span></span></strong></p>\r\n\r\n<p style=\"margin-left:36pt; margin-right:0cm; text-align:justify\"><span style=\"color:#e74c3c\"><strong><span style=\"font-size:20px\"><span style=\"font-family:Calibri,sans-serif\"><span style=\"font-family:&quot;Times New Roman&quot;,serif\">Lưu &yacute;, đ&acirc;y l&agrave; hoạt động học tập bắt buộc, kh&ocirc;ng t&iacute;nh&nbsp; điểm.</span></span></span></strong></span></p>\r\n','/media/test%20cam%20bien%20do%20line%20thanh%205%20LED.pdf',1,'',5,2,15,NULL),(77,'Điều Tra Danh Tính','2019-04-28 14:43:10.830925','2019-04-28 14:43:10.830929',1,1,'<p><strong><span style=\"color:#16a085\"><span style=\"font-size:20px\"><span style=\"font-family:Calibri,sans-serif\"><span style=\"font-family:&quot;Times New Roman&quot;,serif\">Đ&acirc;y l&agrave; hoạt động học tập số 02 trong chuỗi 06 hoạt động của nh&oacute;m hoạt động MỖI NG&Agrave;Y MỘT B&Agrave;I HỌC.</span></span></span></span></strong></p>\r\n','<p style=\"margin-left:36pt; margin-right:0cm; text-align:justify\"><strong><span style=\"color:#16a085\"><span style=\"font-size:20px\"><span style=\"font-family:Calibri,sans-serif\"><span style=\"font-family:&quot;Times New Roman&quot;,serif\">Đ&acirc;y l&agrave; hoạt động học tập số 02 trong chuỗi 06 hoạt động của nh&oacute;m hoạt động MỖI NG&Agrave;Y MỘT B&Agrave;I HỌC. Ở hoạt động n&agrave;y, c&aacute;c bạn sẽ được ch&uacute;ng t&ocirc;i giới thiệu tổng quan về cảm biến d&ograve; đường thanh 5 Led: C&aacute;c kh&aacute;i niệm tổng quan, th&ocirc;ng tin , lưu &yacute; về cảm biến d&ograve; line thanh 5 LED. </span></span></span></span></strong></p>\r\n\r\n<p style=\"margin-left:36pt; margin-right:0cm; text-align:justify\"><strong><span style=\"color:#16a085\"><span style=\"font-size:20px\"><span style=\"font-family:Calibri,sans-serif\"><span style=\"font-family:&quot;Times New Roman&quot;,serif\">Lưu &yacute;: Đ&acirc;y l&agrave; hoạt động học tập bắt buộc, kh&ocirc;ng t&iacute;nh điểm.</span></span></span></span></strong></p>\r\n','/media/unzip/hd02_IR_senser_dieutra_danhtinh/story_flash.html',2,'',5,4,15,NULL),(78,'Tiếp Cận Điệp Viên','2019-04-28 14:44:56.324464','2019-04-28 14:44:56.324468',1,1,'<p style=\"text-align:justify\"><strong><span style=\"font-size:20px\"><span style=\"color:#16a085\"><span style=\"font-family:Calibri,sans-serif\"><span style=\"font-family:&quot;Times New Roman&quot;,serif\">Ch&agrave;o mừng c&aacute;c bạn đ&atilde; đến với hoạt động học tập: IR Sensor&nbsp;- Tiếp Cận Điệp Vi&ecirc;n. Đ&acirc;y l&agrave; hoạt động học tập số 03 trong chuy&ecirc;n đề học tập số 04.</span></span></span></span></strong></p>\r\n','<p style=\"margin-right:0cm; text-align:justify\"><strong><span style=\"font-size:20px\"><span style=\"color:#16a085\"><span style=\"font-family:Calibri,sans-serif\"><span style=\"font-family:&quot;Times New Roman&quot;,serif\">Ch&agrave;o mừng c&aacute;c bạn đ&atilde; đến với hoạt động học tập: IR Sensor&nbsp;- Tiếp Cận Điệp Vi&ecirc;n. Đ&acirc;y l&agrave; hoạt động học tập số 03 trong chuy&ecirc;n đề học tập số 04. Ở hoạt động n&agrave;y, ch&uacute;ng ta sẽ c&ugrave;ng nhau t&igrave;m hiểu về nguy&ecirc;n l&yacute; hoạt động của cảm biến d&ograve; đường thanh 5 Led. </span></span></span></span></strong></p>\r\n\r\n<p style=\"margin-right:0cm; text-align:justify\"><span style=\"color:#e74c3c\"><strong><span style=\"font-size:20px\"><span style=\"font-family:Calibri,sans-serif\"><span style=\"font-family:&quot;Times New Roman&quot;,serif\">Lưu &yacute;: Đ&acirc;y l&agrave; hoạt động học tập bắt buộc, kh&ocirc;ng t&iacute;nh điểm.</span></span></span></strong></span></p>\r\n','/media/unzip/HD_03_IR_sensor_tiepcan_diepvien/story_flash.html',3,'',5,4,15,NULL),(79,'Họa Đồ Tối Mật','2019-04-28 14:50:28.174130','2019-04-28 14:54:19.849803',1,1,'<p style=\"margin-right:0cm; text-align:justify\"><span style=\"color:#16a085\"><strong><span style=\"font-size:20px\"><span style=\"font-family:Calibri,sans-serif\"><span style=\"font-family:&quot;Times New Roman&quot;,serif\">Ch&agrave;o mừng c&aacute;c bạn đ&atilde; đến với hoạt động học tập số 04, đ&acirc;y l&agrave; một trong chuỗi 06 hoạt động của nh&oacute;m hoạt động: MỖI NG&Agrave;Y MỘT B&Agrave;I HỌC. </span></span></span></strong></span></p>\r\n','<p style=\"margin-right:0cm; text-align:justify\"><span style=\"color:#16a085\"><strong><span style=\"font-size:20px\"><span style=\"font-family:Calibri,sans-serif\"><span style=\"font-family:&quot;Times New Roman&quot;,serif\">Ch&agrave;o mừng c&aacute;c bạn đ&atilde; đến với hoạt động học tập số 04, đ&acirc;y l&agrave; một trong chuỗi 06 hoạt động của nh&oacute;m hoạt động: MỖI NG&Agrave;Y MỘT B&Agrave;I HỌC. Ở hoạt động n&agrave;y, đ&uacute;ng như t&ecirc;n gọi của n&oacute;, ch&uacute;ng ta sẽ c&ugrave;ng nhau t&igrave;m hiểu về sơ đồ nối mạch giữa cảm biến d&ograve; đường thanh 5 Led v&agrave; mạch arduino để tạo ra thiết bị xe d&ograve; line. </span></span></span></strong></span></p>\r\n\r\n<p style=\"margin-right:0cm; text-align:justify\"><span style=\"color:#e74c3c\"><strong><span style=\"font-size:20px\"><span style=\"font-family:Calibri,sans-serif\"><span style=\"font-family:&quot;Times New Roman&quot;,serif\">Lưu &yacute;: đ&acirc;y l&agrave; hoạt động học tập bắt buộc, kh&ocirc;ng t&iacute;nh điểm.</span></span></span></strong></span></p>\r\n','/media/unzip/HD04_hoado_toimat/story_flash.html',4,'',5,4,15,NULL),(80,'Làm Chủ Giác Quan','2019-04-28 14:53:06.611723','2019-04-28 14:53:06.611729',1,1,'<p><span style=\"font-size:20px\"><strong><span style=\"color:#16a085\"><span style=\"font-family:Calibri,sans-serif\"><span style=\"font-family:&quot;Times New Roman&quot;,serif\">Đ&acirc;y l&agrave; hoạt động học tập số 05 trong chuỗi 06 hoạt động trong nh&oacute;m hoạt động: MỖI NG&Agrave;Y MỘT B&Agrave;I HỌC.</span></span></span></strong></span></p>\r\n','<p style=\"text-align:justify\"><span style=\"font-size:20px\"><strong><span style=\"color:#16a085\"><span style=\"font-family:Calibri,sans-serif\"><span style=\"font-family:&quot;Times New Roman&quot;,serif\">Đ&acirc;y l&agrave; hoạt động học tập số 05 trong chuỗi 06 hoạt động trong nh&oacute;m hoạt động: MỖI NG&Agrave;Y MỘT B&Agrave;I HỌC. Ở hoạt động n&agrave;y, c&aacute;c bạn sẽ được ch&uacute;ng t&ocirc;i hướng dẫn c&aacute;ch thức lắp đặt v&agrave; sử dụng cảm biến d&ograve; đường thanh 5 Led.</span></span></span></strong></span></p>\r\n\r\n<p style=\"text-align:justify\"><span style=\"color:#e74c3c\"><span style=\"font-size:20px\"><strong><span style=\"font-family:Calibri,sans-serif\"><span style=\"font-family:&quot;Times New Roman&quot;,serif\">Lưu &yacute;: Đ&acirc;y l&agrave; hoạt động học tập bắt buộc, kh&ocirc;ng t&iacute;nh điểm.</span></span></strong></span></span></p>\r\n','https://www.youtube.com/embed/9OedmE20OGI',5,'',5,3,15,NULL),(82,'Cấu trúc rẽ nhánh','2019-04-28 14:57:26.210347','2019-04-29 10:09:25.703352',15,1,'<p><span style=\"font-family:Times New Roman,Times,serif\"><span style=\"font-size:18px\"><span style=\"color:#2980b9\"><u><strong>Mục ti&ecirc;u:</strong></u></span> Gi&uacute;p học vi&ecirc;n&nbsp;t&igrave;m hiểu: &yacute; nghĩa của cấu tr&uacute;c rẽ nh&aacute;nh trong lập tr&igrave;nh, c&aacute;ch khai b&aacute;o cấu tr&uacute;c rẽ nh&aacute;nh trong Alice.</span></span></p>\r\n\r\n<p><span style=\"font-family:Times New Roman,Times,serif\"><span style=\"font-size:18px\"><span style=\"color:#27ae60\"><u><strong>Y&ecirc;u cầu đầu ra</strong></u>:</span> Học vi&ecirc;n nắm được c&aacute;ch kh&aacute;i b&aacute;o khai cấu tr&uacute;c rẽ nh&aacute;nh trong Alice</span></span></p>\r\n\r\n<p><span style=\"font-family:Times New Roman,Times,serif\"><span style=\"font-size:18px\"><span style=\"color:#16a085\"><u><strong>M&ocirc; tả:</strong></u></span>&nbsp;Hoạt động CẤU TR&Uacute;C RẼ NH&Aacute;NH&nbsp;sẽ gồm c&oacute;:&nbsp; 1 b&agrave;i giảng tương t&aacute;c với gi&uacute;p c&aacute;c bạn c&oacute; thể dễ d&agrave;ng nắm bắt kiến thức, 1 bản pdf nội dung c&aacute;c bạn c&oacute; thể tải về để l&agrave;m t&agrave;i liệu</span></span></p>\r\n','<p><span style=\"font-size:18px\"><span style=\"background-color:white\"><span style=\"font-family:&quot;Times New Roman&quot;,serif\">Hoạt động CẤU TR&Uacute;C RẼ NH&Aacute;NH sẽ gi&uacute;p c&aacute;c bạn t&igrave;m hiểu: &yacute; nghĩa của cấu tr&uacute;c rẽ <span style=\"color:black\">nh&aacute;nh trong lập tr&igrave;nh</span>, c&aacute;ch khai b&aacute;o cấu tr&uacute;c rẽ nh&aacute;nh trong Alice</span></span></span></p>\r\n','/media/unzip/Hoat_dong_1_PZfrZbq/story_flash.html /media/C%E1%BA%A5u%20tr%C3%BAc%20r%E1%BA%BD%20nh%C3%A1nh_gNNfYKj.pdf ',1,'',6,7,40,NULL),(83,'Mã Nguồn Ma Thuật','2019-04-28 14:57:40.924973','2019-04-28 14:57:40.924979',1,1,'<p style=\"text-align:justify\"><strong><span style=\"color:#16a085\"><span style=\"font-size:20px\"><span style=\"font-family:&quot;Times New Roman&quot;,serif\">Sau khi đ&atilde; ho&agrave;n th&agrave;nh to&agrave;n bộ qu&aacute; tr&igrave;nh lắp đặt cũng như tinh chỉnh cần thiết cho cảm biến thanh 5 Led, ch&uacute;ng ta bước sang hoạt động số 06 : </span></span></span><span style=\"color:#e74c3c\"><span style=\"font-size:20px\"><span style=\"font-family:&quot;Times New Roman&quot;,serif\">Code - M&atilde; Nguồn Ma Thuật</span></span></span><span style=\"color:#16a085\"><span style=\"font-size:20px\"><span style=\"font-family:&quot;Times New Roman&quot;,serif\">&rdquo;.</span></span></span></strong></p>\r\n','<p><strong><span style=\"color:#16a085\"><span style=\"font-size:20px\"><span style=\"font-family:&quot;Times New Roman&quot;,serif\">Sau khi đ&atilde; ho&agrave;n th&agrave;nh to&agrave;n bộ qu&aacute; tr&igrave;nh lắp đặt cũng như tinh chỉnh cần thiết cho cảm biến thanh 5 Led, ch&uacute;ng ta bước sang hoạt động số 06 : </span></span></span><span style=\"color:#e74c3c\"><span style=\"font-size:20px\"><span style=\"font-family:&quot;Times New Roman&quot;,serif\">Code - M&atilde; Nguồn Ma Thuật</span></span></span><span style=\"color:#16a085\"><span style=\"font-size:20px\"><span style=\"font-family:&quot;Times New Roman&quot;,serif\">&rdquo;. Ở hoạt động n&agrave;y , ch&uacute;ng ta sẽ c&ugrave;ng nhau t&igrave;m hiểu những cấu tr&uacute;c m&atilde; nguồn cần thiết thể gi&uacute;p cho cảm biến d&ograve; đường thanh 5 Led hoạt động. </span></span></span></strong></p>\r\n\r\n<p><span style=\"color:#e74c3c\"><strong><span style=\"font-size:20px\"><span style=\"font-family:&quot;Times New Roman&quot;,serif\">Lưu &yacute;: Đ&acirc;y l&agrave; hoạt động học tập bắt buộc, kh&ocirc;ng t&iacute;nh điểm.</span></span></strong></span></p>\r\n','/media/unzip/HD_05_MANGUONMATHUAT/story_flash.html /media/xedoline.pdf ',6,'',5,7,15,NULL),(84,'Lập trình điều khiển','2019-04-28 15:00:35.696820','2019-04-29 10:09:45.013757',30,1,'<p><span style=\"font-size:18px\"><span style=\"font-family:Times New Roman,Times,serif\"><u><strong><span style=\"color:#2980b9\">Mục ti&ecirc;u:</span></strong></u> H<span style=\"background-color:white\">ướng dẫn học vi&ecirc;n&nbsp;lập tr&igrave;nh điều khiển <span style=\"color:black\">ch&uacute; khỉ</span> từ b&agrave;n ph&iacute;m th&ocirc;ng qua bắt sự kiện v&agrave; sử dụng cấu tr&uacute;c rẽ nh&aacute;nh.</span></span></span></p>\r\n\r\n<p><span style=\"font-size:18px\"><span style=\"font-family:Times New Roman,Times,serif\"><span style=\"color:#27ae60\"><u><strong>Y&ecirc;u cầu đầu ra:</strong></u></span> Học vi&ecirc;n nắm được c&aacute;ch lập tr&igrave;nh điều khiển v&agrave; &aacute;p dụng c&aacute;ch lập tr&igrave;nh điều khiển v&agrave;o những b&agrave;i tập kh&aacute;c.</span></span></p>\r\n\r\n<p><span style=\"font-size:18px\"><span style=\"font-family:Times New Roman,Times,serif\"><span style=\"color:#16a085\"><u><strong>M&ocirc; tả:</strong></u></span>&nbsp;<span style=\"background-color:white\">Hoạt động LẬP TR&Igrave;NH ĐIỀU KHIỂN&nbsp;&nbsp;sẽ gồm c&oacute;: Video hướng dẫn chi tiết, 1 b&agrave;i giảng tương t&aacute;c với gi&uacute;p c&aacute;c bạn c&oacute; thể dễ d&agrave;ng nắm bắt kiến thức trong video, 1 bản pdf nội dung c&aacute;c bạn c&oacute; thể tải về để l&agrave;m t&agrave;i liệu</span></span></span></p>\r\n','<p><span style=\"font-size:18px\"><span style=\"background-color:white\"><span style=\"font-family:&quot;Times New Roman&quot;,serif\">Hoạt động LẬP TR&Igrave;NH ĐIỀU KHIỂN sẽ hướng dẫn c&aacute;c bạn lập tr&igrave;nh điều khiển <span style=\"color:black\">ch&uacute; khỉ</span> từ b&agrave;n ph&iacute;m th&ocirc;ng qua bắt sự kiện v&agrave; sử dụng cấu tr&uacute;c rẽ nh&aacute;nh</span></span></span></p>\r\n','/media/unzip/Hoat_dong_2_dRC5hNt/story_flash.html /media/Lap_trinh_dieu_khien_chu_khi.pdf https://www.youtube.com/embed/oR82ShkScOI',2,'',6,7,40,NULL),(85,'Phù Thủy Thời Gian','2019-04-28 15:02:27.670641','2019-04-28 15:02:27.670647',1,1,'<p style=\"text-align:justify\"><strong><span style=\"color:#16a085\"><span style=\"font-size:20px\"><span style=\"font-family:Calibri,sans-serif\"><span style=\"font-family:&quot;Times New Roman&quot;,serif\">Ch&agrave;o mừng c&aacute;c bạn đ&atilde; đến với hoạt động học tập số 10 &ndash; Một trong những hoạt động học tập quan trọng của chuy&ecirc;n đề học tập số 1.</span></span></span></span></strong></p>\r\n','<p style=\"margin-right:0cm; text-align:justify\"><strong><span style=\"color:#16a085\"><span style=\"font-size:20px\"><span style=\"font-family:Calibri,sans-serif\"><span style=\"font-family:&quot;Times New Roman&quot;,serif\">Ch&agrave;o mừng c&aacute;c bạn đ&atilde; đến với hoạt động học tập số 10 &ndash; Một trong những hoạt động học tập quan trọng của chuy&ecirc;n đề học tập số 1. Ở hoạt động n&agrave;y, tất cả c&aacute;c bạn sẽ c&ugrave;ng nhau thực hiện một b&agrave;i Quiz gồm 10 c&acirc;u trắc nghiệm đ&uacute;ng/sai về nguy&ecirc;n l&yacute; hoạt động cũng như phương thức lắp đăt cảm biến d&ograve; đường thanh 5 Led. </span></span></span></span></strong></p>\r\n\r\n<p style=\"margin-right:0cm; text-align:justify\"><span style=\"color:#e74c3c\"><strong><span style=\"font-size:20px\"><span style=\"font-family:Calibri,sans-serif\"><span style=\"font-family:&quot;Times New Roman&quot;,serif\">Lưu &yacute;, đ&acirc;y l&agrave; hoạt động học tập bắt buộc, c&oacute; t&iacute;nh điểm</span></span></span></strong></span></p>\r\n','/media/unzip/HD10_B04_phuthuy_thoigian_thanh_5_LED/story_flash.html',1,'',5,4,17,NULL),(86,'Đề bài thực hành','2019-04-28 15:03:08.640824','2019-04-28 15:03:08.640830',5,1,'<p style=\"margin-right:0in; text-align:justify\"><span style=\"font-size:18px\"><span style=\"font-family:Times New Roman,Times,serif\"><span style=\"background-color:white\">C&aacute;c bạn sẽ thực h&agrave;nh theo file pdf.</span></span></span></p>\r\n\r\n<p style=\"margin-right:0in\"><span style=\"font-size:18px\"><span style=\"font-family:Times New Roman,Times,serif\"><span style=\"background-color:white\">C&aacute;c bạn sẽ <span style=\"color:black\">nộp b&agrave;i theo link</span>:&nbsp;<a href=\"https://drive.google.com/open?id=1kdqJcaXDdhuXokuDCsXKLUmzAsFMD6nZ\">Link</a></span></span></span></p>\r\n\r\n<p style=\"margin-right:0in\"><span style=\"font-size:18px\"><span style=\"font-family:Times New Roman,Times,serif\"><span style=\"background-color:white\">Hướng dẫn <span style=\"color:black\">nộp b&agrave;i</span>: C&aacute;c bạn tạo một <span style=\"color:black\">folder&nbsp;mới t&ecirc;n</span>: ThucHanhBai5_HoTen</span></span></span></p>\r\n\r\n<p style=\"margin-right:0in; text-align:justify\"><span style=\"font-size:18px\"><span style=\"font-family:Times New Roman,Times,serif\"><span style=\"background-color:white\">&nbsp; &nbsp; &nbsp; &nbsp; &nbsp; &nbsp;<span style=\"color:black\">V&iacute;&nbsp;dụ</span>: ThucHanhBai5_NguyenVanA</span></span></span></p>\r\n\r\n<p><span style=\"font-size:18px\"><span style=\"font-family:Times New Roman,Times,serif\"><span style=\"background-color:white\">&nbsp; &nbsp; &nbsp; <span style=\"color:black\">C&aacute;c file</span> thực h&agrave;nh c&aacute;c bạn sẽ nộp v&agrave;o <span style=\"color:black\">folder</span> n&agrave;y (T&ecirc;n <span style=\"color:black\">file đặt</span> đ&uacute;ng theo giống trong bản pdf)</span></span></span></p>\r\n','<p><span style=\"font-size:18px\"><span style=\"background-color:white\"><span style=\"font-family:&quot;Times New Roman&quot;,serif\">Đề b&agrave;i thực h&agrave;nh b&agrave;i 5.</span></span></span></p>\r\n','/media/Bai_tap_cau_truc_re_nhanh.pdf',1,'',6,2,41,NULL),(87,'Tài nguyên','2019-04-28 15:05:22.040064','2019-04-28 15:05:22.040070',5,1,'<p><span style=\"font-size:18px\"><span style=\"background-color:white\"><span style=\"font-family:&quot;Times New Roman&quot;,serif\">C&aacute;c bạn tải file n&agrave;y về để thực h&agrave;nh. C&aacute;c bạn sẽ thực h&agrave;nh dựa theo bản pdf ở&nbsp;hoạt động Đề b&agrave;i.</span></span></span></p>\r\n','<p><span style=\"font-size:18px\"><span style=\"background-color:white\"><span style=\"font-family:&quot;Times New Roman&quot;,serif\">File thực h&agrave;nh cho b&agrave;i 5:&nbsp;<a href=\"https://drive.google.com/open?id=1BfOaTCFVQxEeJFIEizTll-Kljh-A0V6U\">Link</a></span></span></span></p>\r\n','',2,'',6,1,41,NULL),(88,'Trò chơi tương tác 1','2019-04-28 15:06:11.497032','2019-04-28 15:06:11.497037',5,1,'<p><span style=\"font-size:18px\"><span style=\"background-color:white\"><span style=\"font-family:&quot;Times New Roman&quot;,serif\">Được thiết kế dưới dạng tr&ograve; chơi gi&uacute;p c&aacute;c bạn củng cố lại kiến thức. Tr&ograve; chơi n&agrave;y chỉ gi&uacute;p c&aacute;c bạn củng cố kiến thức n&ecirc;n sẽ kh&ocirc;ng lấy điểm</span></span></span></p>\r\n','<p><span style=\"font-size:18px\"><span style=\"background-color:white\"><span style=\"font-family:&quot;Times New Roman&quot;,serif\">Củng cố lại kiến thức hoạt động 1</span></span></span></p>\r\n','/media/unzip/On_tap_hoat_dong_1_c7Kq16i/story_flash.html',1,'',6,4,42,NULL),(89,'Trò chơi tương tác 2','2019-04-28 15:06:57.845303','2019-04-28 15:06:57.845309',5,1,'<p><span style=\"font-size:18px\"><span style=\"background-color:white\"><span style=\"font-family:&quot;Times New Roman&quot;,serif\">Được thiết kế dưới dạng tr&ograve; chơi gi&uacute;p c&aacute;c bạn củng cố lại kiến thức. Tr&ograve; chơi n&agrave;y chỉ gi&uacute;p c&aacute;c bạn củng cố kiến thức n&ecirc;n sẽ kh&ocirc;ng lấy điểm</span></span></span></p>\r\n','<p><span style=\"font-size:18px\"><span style=\"background-color:white\"><span style=\"font-family:&quot;Times New Roman&quot;,serif\">Củng cố lại kiến thức hoạt động 2</span></span></span></p>\r\n','/media/unzip/On_tap_hoat_dong_2_r86VUD9/story_flash.html',2,'',6,4,42,NULL),(90,'Cấu trúc rẽ nhánh trong C++','2019-04-28 15:08:44.332630','2019-04-28 15:08:44.332636',5,1,'<p><span style=\"font-family:Times New Roman,Times,serif\"><span style=\"font-size:18px\">Giới thiệu về cấu tr&uacute;c rẽ nh&aacute;nh&nbsp;trong C++<br />\r\nĐể tải to&agrave;n bộ&nbsp;t&agrave;i liệu, c&aacute;c bạn tải về theo link:&nbsp;<a href=\"https://drive.google.com/open?id=1dUpDiS589dBgP6h9mM-oIktPfp9f_-oO\">Link</a></span></span></p>\r\n','<p><span style=\"font-size:18px\"><span style=\"font-family:Times New Roman,Times,serif\">Cấu tr&uacute;c rẽ nh&aacute;nh trong C++</span></span></p>\r\n','/media/lap_va_re_nhanh_C%2B%2B.pdf',1,'',6,2,43,NULL),(91,'Biến Giả Thành Thật','2019-04-28 15:08:49.440964','2019-04-28 15:08:49.440971',1,1,'<p><strong><span style=\"color:#16a085\"><span style=\"font-size:20px\"><span style=\"font-family:Calibri,sans-serif\"><span style=\"font-family:&quot;Times New Roman&quot;,serif\">Ch&agrave;o mừng c&aacute;c bạn đ&atilde; đến với hoạt động học tập thứ 11. Ở hoạt động n&agrave;y, tất cả c&aacute;c bạn sẽ quay lại 1 clip thực h&agrave;nh lựa chọn v&agrave; lắp đặt c&aacute;c linh kiện theo hướng dẫn để tạo n&ecirc;n một xe tự h&agrave;nh </span></span></span></span></strong></p>\r\n','<p style=\"margin-right:0cm; text-align:justify\"><strong><span style=\"color:#16a085\"><span style=\"font-size:20px\"><span style=\"font-family:Calibri,sans-serif\"><span style=\"font-family:&quot;Times New Roman&quot;,serif\">Ch&agrave;o mừng c&aacute;c bạn đ&atilde; đến với hoạt động học tập thứ 11. Ở hoạt động n&agrave;y, tất cả c&aacute;c bạn sẽ quay lại 1 clip thực h&agrave;nh lựa chọn v&agrave; lắp đặt c&aacute;c linh kiện theo hướng dẫn để tạo n&ecirc;n một xe tự h&agrave;nh &nbsp;sử dụng cảm biến d&ograve; đường thanh 5 Led như đ&atilde; được ch&uacute;ng t&ocirc;i giới thiệu v&agrave; hướng dẫn. </span></span></span></span></strong></p>\r\n\r\n<p style=\"margin-right:0cm; text-align:center\"><strong><span style=\"color:#16a085\"><span style=\"font-size:20px\"><span style=\"font-family:Calibri,sans-serif\"><span style=\"font-family:&quot;Times New Roman&quot;,serif\"><img alt=\"\" src=\"/media/2019/04/28/a4105e9152d63ed8ad7399d95b56ab8d.jpg\" style=\"height:400px; width:650px\" /></span></span></span></span></strong></p>\r\n\r\n<p style=\"margin-right:0cm; text-align:justify\"><span style=\"color:#16a085; font-family:Times New Roman, serif\"><span style=\"font-size:20px\"><strong>Sản phẩm sau c&ugrave;ng l&agrave; 1 video clip được upload l&ecirc;n </strong></span></span><span style=\"color:#e74c3c\"><span style=\"font-family:Times New Roman, serif\"><span style=\"font-size:20px\"><strong>Youtube </strong></span></span></span><span style=\"color:#16a085; font-family:Times New Roman, serif\"><span style=\"font-size:20px\"><strong>v&agrave; điền link v&agrave;o file </strong></span></span><span style=\"color:#e74c3c\"><span style=\"font-family:Times New Roman, serif\"><span style=\"font-size:20px\"><strong>.docx.</strong></span></span></span></p>\r\n\r\n<p style=\"margin-right:0cm; text-align:justify\"><span style=\"color:#e74c3c\"><strong><span style=\"font-size:20px\"><span style=\"font-family:Calibri,sans-serif\"><span style=\"font-family:&quot;Times New Roman&quot;,serif\">Lưu &yacute;: Đ&acirc;y l&agrave; hoạt động bắt buộc, c&oacute; t&iacute;nh điểm.</span></span></span></strong></span></p>\r\n','',2,'',5,6,17,NULL),(92,'Thế Giới Lập Trình','2019-04-28 15:13:37.867591','2019-05-03 18:56:20.597881',1,1,'<p style=\"text-align:justify\"><strong><span style=\"font-size:20px\"><span style=\"color:#16a085\"><span style=\"font-family:Calibri,sans-serif\"><span style=\"font-family:&quot;Times New Roman&quot;,serif\">Đ&acirc;y l&agrave; hoạt động học tập cuối c&ugrave;ng trong chuy&ecirc;n đề học tập số 04, ở hoạt động n&agrave;y, c&aacute;c bạn sẽ thực hiện việc viết m&atilde; nguồn cho một đề b&agrave;i tập cho sẵn.</span></span></span></span></strong></p>\r\n','<p style=\"margin-right:0cm; text-align:justify\"><strong><span style=\"font-size:20px\"><span style=\"color:#16a085\"><span style=\"font-family:Calibri,sans-serif\"><span style=\"font-family:&quot;Times New Roman&quot;,serif\">Đ&acirc;y l&agrave; hoạt động học tập cuối c&ugrave;ng trong chuy&ecirc;n đề học tập số 04, ở hoạt động n&agrave;y, c&aacute;c bạn sẽ thực hiện việc viết m&atilde; nguồn cho một đề b&agrave;i tập cho sẵn c&oacute; nội dung ph&ugrave; hợp với kiến thức đ&atilde; được giới thiệu ở những hoạt động trước đ&oacute;. </span></span></span></span></strong></p>\r\n\r\n<p style=\"margin-right:0cm; text-align:center\"><span style=\"font-size:48px\"><span style=\"color:#e74c3c\"><span style=\"font-family:Times New Roman,serif\"><strong>B&Agrave;I TẬP</strong></span></span></span></p>\r\n\r\n<p style=\"margin-left:0cm; margin-right:0cm; text-align:justify\"><span style=\"font-size:11pt\"><span style=\"font-family:Calibri,sans-serif\"><strong><span style=\"font-size:14.0pt\"><span style=\"font-family:&quot;Times New Roman&quot;,serif\"><span style=\"color:#002060\">Từ m&atilde; nguồn đ&atilde; được hướng dẫn, bạn h&atilde;y viết m&atilde; nguồn điều khiển xe tự h&agrave;nh v&agrave; cảm biến d&ograve; line 5 led ( </span></span></span></strong><strong><span style=\"font-size:14.0pt\"><span style=\"font-family:&quot;Times New Roman&quot;,serif\"><span style=\"color:red\">sử dụng mảng 1 chiều v&agrave; cấu tr&uacute;c if đơn</span></span></span></strong><strong><span style=\"font-size:14.0pt\"><span style=\"font-family:&quot;Times New Roman&quot;,serif\"><span style=\"color:#002060\">) để tạo ra xe ra d&ograve; line </span></span></span></strong></span></span></p>\r\n\r\n<p style=\"margin-left:0cm; margin-right:0cm; text-align:justify\"><span style=\"font-size:11pt\"><span style=\"font-family:Calibri,sans-serif\"><strong><span style=\"font-size:14.0pt\"><span style=\"font-family:&quot;Times New Roman&quot;,serif\"><span style=\"color:#002060\">C&aacute;c bạn thực hiện nội dung b&agrave;i tập v&agrave; nộp lại cho v&agrave;o mục nộp b&agrave;i với quy tắc như sau:</span></span></span></strong></span></span></p>\r\n\r\n<ol>\r\n	<li style=\"text-align:justify\"><span style=\"font-size:11pt\"><span style=\"font-family:Calibri,sans-serif\"><strong><span style=\"font-size:14.0pt\"><span style=\"font-family:&quot;Times New Roman&quot;,serif\"><span style=\"color:#002060\">&nbsp;B&agrave;i l&agrave;m được n&eacute;n v&agrave;o file .zip theo quy tắc: </span><span style=\"color:#e74c3c\">bai12_tenhocvien.zip</span></span></span></strong></span></span></li>\r\n</ol>\r\n\r\n<p style=\"margin-right:0cm; text-align:justify\"><span style=\"color:#e74c3c\"><strong><span style=\"font-size:20px\"><span style=\"font-family:Calibri,sans-serif\"><span style=\"font-family:&quot;Times New Roman&quot;,serif\">Code mẫu</span></span></span></strong></span></p>\r\n\r\n<div style=\"width:100%\" align=\"right\" class=\"hvr-icon-buzz-out\">\r\n<a class=\"hvr-buzz-out\" href=\"http://editor.makeblock.com\">\r\n<button class=\"btn_1\" align=\"right\"> Mở MLBLOCK</button>\r\n    </a>\r\n</div>\r\n\r\n<iframe frameborder=\"0\" src=\"https://create.arduino.cc/editor/arduinocombokydieu/70561a0c-e2b3-4184-98ae-e2d725cf6d6f/preview?embed\" style=\"height:510px;width:100%;margin:10px 0\"></iframe></div>\r\n\r\n<p style=\"margin-right:0cm; text-align:justify\"><span style=\"color:#e74c3c\"><strong><span style=\"font-size:20px\"><span style=\"font-family:Calibri,sans-serif\"><span style=\"font-family:&quot;Times New Roman&quot;,serif\">Lưu &yacute;, đ&acirc;y l&agrave; hoạt động học tập bắt buộc, c&oacute; t&iacute;nh điểm.</span></span></span></strong></span></p>\r\n','',3,'',5,6,17,NULL),(93,'Kho Tàng Vô Giá','2019-04-28 15:15:51.679823','2019-04-28 15:15:51.679830',1,1,'<p style=\"text-align:justify\"><strong><span style=\"font-size:20px\"><span style=\"color:#16a085\"><span style=\"font-family:Calibri,sans-serif\"><span style=\"font-family:&quot;Times New Roman&quot;,serif\">Đ&acirc;y l&agrave; hoạt động học tập số 01 trong chuỗi c&aacute;c hoạt động học tập của chuy&ecirc;n đề học tập số 05.</span></span></span></span></strong></p>\r\n','<p style=\"margin-right:0cm; text-align:justify\"><strong><span style=\"font-size:20px\"><span style=\"color:#16a085\"><span style=\"font-family:Calibri,sans-serif\"><span style=\"font-family:&quot;Times New Roman&quot;,serif\">Đ&acirc;y l&agrave; hoạt động học tập số 01 trong chuỗi c&aacute;c hoạt động học tập của chuy&ecirc;n đề học tập số 05. Đ&acirc;y l&agrave; hoạt động được thiết kế với chức năng ch&iacute;nh l&agrave; cung cấp những nguồn t&agrave;i liệu, hoặc những kiến thức mở rộng c&oacute; li&ecirc;n quan đến nội dung b&agrave;i học. B&ecirc;n cạnh đ&oacute;, chuy&ecirc;n mục &ldquo;</span></span></span><span style=\"color:#e74c3c\"><span style=\"font-family:Calibri,sans-serif\"><span style=\"font-family:&quot;Times New Roman&quot;,serif\">Document - Kho T&agrave;ng V&ocirc; Gi&aacute;</span></span></span><span style=\"color:#16a085\"><span style=\"font-family:Calibri,sans-serif\"><span style=\"font-family:&quot;Times New Roman&quot;,serif\">&rdquo; cũng l&agrave; một nơi chứ đựng nhiều điều bất ngờ v&agrave; th&uacute; vị. </span></span></span></span></strong></p>\r\n\r\n<p style=\"margin-right:0cm; text-align:justify\"><span style=\"color:#e74c3c\"><strong><span style=\"font-size:20px\"><span style=\"font-family:Calibri,sans-serif\"><span style=\"font-family:&quot;Times New Roman&quot;,serif\">Lưu &yacute;, đ&acirc;y l&agrave; hoạt động học tập bắt buộc, kh&ocirc;ng t&iacute;nh&nbsp; điểm.</span></span></span></strong></span></p>\r\n','/media/test%20model%20bluetooth%20hc05.pdf',1,'',5,2,18,NULL),(94,'Cấu trúc lặp','2019-04-28 15:16:10.226672','2019-04-29 10:14:11.919136',5,1,'<p><span style=\"font-family:Times New Roman,Times,serif\"><span style=\"font-size:18px\"><span style=\"color:#2980b9\"><strong><u>Mục ti&ecirc;u:</u></strong></span> G<span style=\"background-color:white\">i&uacute;p học vi&ecirc;n&nbsp;t&igrave;m hiểu: &yacute; nghĩa của cấu tr&uacute;c lặp <span style=\"color:black\">trong lập tr&igrave;nh</span>, c&aacute;ch khai b&aacute;o cấu tr&uacute;c lặp trong Alice</span></span></span></p>\r\n\r\n<p><span style=\"font-family:Times New Roman,Times,serif\"><span style=\"font-size:18px\"><span style=\"background-color:white\"><span style=\"color:#27ae60\"><u><strong>Y&ecirc;u cầu đầu ra:</strong></u><strong> </strong></span>Học vi&ecirc;n nắm được c&aacute;ch khai b&aacute;o cấu tr&uacute;c lặp trong Alice</span></span></span></p>\r\n\r\n<p><span style=\"font-family:Times New Roman,Times,serif\"><span style=\"font-size:11.0pt\"><span style=\"background-color:white\"><span style=\"font-size:18px\"><span style=\"color:#16a085\"><u><strong>M&ocirc; tả:</strong></u></span>&nbsp;Hoạt động CẤU TR&Uacute;C LẶP&nbsp;sẽ gồm c&oacute;:&nbsp; 1 b&agrave;i giảng tương t&aacute;c với gi&uacute;p c&aacute;c bạn c&oacute; thể dễ d&agrave;ng nắm bắt kiến thức , 1 bản pdf nội dung c&aacute;c bạn c&oacute; thể tải về để l&agrave;m t&agrave;i liệu</span></span></span></span></p>\r\n','<p><span style=\"font-size:18px\"><span style=\"background-color:white\"><span style=\"font-family:&quot;Times New Roman&quot;,serif\">Hoạt động CẤU TR&Uacute;C LẶP sẽ gi&uacute;p c&aacute;c bạn t&igrave;m hiểu: &yacute; nghĩa của cấu tr&uacute;c lặp <span style=\"color:black\">trong lập tr&igrave;nh</span>, c&aacute;ch khai b&aacute;o cấu tr&uacute;c lặp trong Alice</span></span></span></p>\r\n','/media/unzip/Hoat_dong_1_pD8jyAI/story_flash.html /media/Vong_lap.pdf ',1,'',6,7,44,NULL),(95,'Truy Tìm Bảo Bối','2019-04-28 15:18:37.546342','2019-04-28 15:18:37.546346',1,1,'<p style=\"text-align:justify\"><strong><span style=\"font-size:20px\"><span style=\"color:#16a085\"><span style=\"font-family:Calibri,sans-serif\"><span style=\"font-family:&quot;Times New Roman&quot;,serif\">Đ&acirc;y l&agrave; hoạt động học tập số 02 trong chuỗi 06 hoạt động của nh&oacute;m hoạt động MỖI NG&Agrave;Y MỘT B&Agrave;I HỌC.</span></span></span></span></strong></p>\r\n','<p style=\"margin-right:0cm; text-align:justify\"><strong><span style=\"font-size:20px\"><span style=\"color:#16a085\"><span style=\"font-family:Calibri,sans-serif\"><span style=\"font-family:&quot;Times New Roman&quot;,serif\">Đ&acirc;y l&agrave; hoạt động học tập số 02 trong chuỗi 06 hoạt động của nh&oacute;m hoạt động MỖI NG&Agrave;Y MỘT B&Agrave;I HỌC. Ở hoạt động n&agrave;y, c&aacute;c bạn sẽ được ch&uacute;ng t&ocirc;i giới thiệu tổng quan về Model Bluetooth HC-05 v&agrave; về việc sử dụng Bluetooth để điều khiển thiết bị.</span></span></span></span></strong></p>\r\n\r\n<p style=\"margin-right:0cm; text-align:justify\"><span style=\"color:#e74c3c\"><strong><span style=\"font-size:20px\"><span style=\"font-family:Calibri,sans-serif\"><span style=\"font-family:&quot;Times New Roman&quot;,serif\">Lưu &yacute;: Đ&acirc;y l&agrave; hoạt động học tập bắt buộc, kh&ocirc;ng t&iacute;nh điểm.</span></span></span></strong></span></p>\r\n','/media/unzip/HD02_B05_BLUETOOTH_truytimvukhi/story_flash.html',2,'',5,4,18,NULL),(96,'Lập trình trái dừa rơi (Phần 1)','2019-04-28 15:18:59.393496','2019-04-29 10:14:22.902681',25,1,'<p><span style=\"font-size:18px\"><span style=\"font-family:Times New Roman,Times,serif\"><span style=\"color:#2980b9\"><strong><u>Mục ti&ecirc;u:</u></strong></span> H<span style=\"background-color:white\">ướng dẫn học vi&ecirc;n&nbsp;lập tr&igrave;nh cho <span style=\"color:black\">tr&aacute;i tr&aacute;i dừa rơi</span> v&agrave; dừng lại</span></span></span></p>\r\n\r\n<p><span style=\"font-size:18px\"><span style=\"font-family:Times New Roman,Times,serif\"><span style=\"background-color:white\"><span style=\"color:#27ae60\"><u><strong>Y&ecirc;u cầu đầu ra:</strong></u></span> Học vi&ecirc;n lập tr&igrave;nh được cho tr&aacute;i dừa rơi v&agrave; dừng lại</span></span></span></p>\r\n\r\n<p><span style=\"font-size:18px\"><span style=\"font-family:Times New Roman,Times,serif\"><span style=\"background-color:white\"><span style=\"color:#16a085\"><u><strong>M&ocirc; tả:</strong></u></span>&nbsp;</span></span><span style=\"background-color:white\"><span style=\"font-family:&quot;Times New Roman&quot;,serif\">Hoạt động LẬP TR&Igrave;NH TR&Aacute;I DỪA RƠI (PHẦN 1)&nbsp;sẽ gồm c&oacute;: Video hướng dẫn chi tiết, 1 b&agrave;i giảng tương t&aacute;c với gi&uacute;p c&aacute;c bạn c&oacute; thể dễ d&agrave;ng nắm bắt kiến thức trong video, 1 bản pdf nội dung c&aacute;c bạn c&oacute; thể tải về để l&agrave;m t&agrave;i liệu.</span></span></span></p>\r\n','<p><span style=\"font-size:18px\"><span style=\"background-color:white\"><span style=\"font-family:&quot;Times New Roman&quot;,serif\">Hoạt động LẬP TR&Igrave;NH TR&Aacute;I DỪA RƠI (PHẦN 1) sẽ hướng dẫn c&aacute;c bạn lập tr&igrave;nh cho <span style=\"color:black\">tr&aacute;i tr&aacute;i dừa rơi</span> v&agrave; dừng lại</span></span></span></p>\r\n','/media/unzip/Hoat_dong_2_QcgKXgq/story_flash.html /media/Lap_trinh_khi_hung_dua_p1.pdf https://www.youtube.com/embed/8hStwAglc7M',2,'',6,7,44,NULL),(97,'Họa Đồ Tối Mật','2019-04-28 15:20:34.519580','2019-04-28 15:20:34.519586',1,1,'<p style=\"text-align:justify\"><strong><span style=\"color:#16a085\"><span style=\"font-size:20px\"><span style=\"font-family:Calibri,sans-serif\"><span style=\"font-family:&quot;Times New Roman&quot;,serif\">Ch&agrave;o mừng c&aacute;c bạn đ&atilde; đến với hoạt động học tập số 03, đ&acirc;y l&agrave; một trong chuỗi 06&nbsp;hoạt động của nh&oacute;m hoạt động: MỖI NG&Agrave;Y MỘT B&Agrave;I HỌC.</span></span></span></span></strong></p>\r\n','<p style=\"margin-right:0cm; text-align:justify\"><strong><span style=\"color:#16a085\"><span style=\"font-size:20px\"><span style=\"font-family:Calibri,sans-serif\"><span style=\"font-family:&quot;Times New Roman&quot;,serif\">Ch&agrave;o mừng c&aacute;c bạn đ&atilde; đến với hoạt động học tập số 03, đ&acirc;y l&agrave; một trong chuỗi 07 hoạt động của nh&oacute;m hoạt động: MỖI NG&Agrave;Y MỘT B&Agrave;I HỌC. Ở hoạt động n&agrave;y, đ&uacute;ng như t&ecirc;n gọi của n&oacute;, ch&uacute;ng ta sẽ c&ugrave;ng nhau t&igrave;m hiểu về sơ đồ nối mạch giữa model Bluetooth v&agrave; mạch arduino để tạo ra thiết bị xe điều khiển từ xa qua Bluetooth.</span></span></span></span></strong></p>\r\n\r\n<p style=\"margin-right:0cm; text-align:justify\"><span style=\"color:#e74c3c\"><strong><span style=\"font-size:20px\"><span style=\"font-family:Calibri,sans-serif\"><span style=\"font-family:&quot;Times New Roman&quot;,serif\">Lưu &yacute;: đ&acirc;y l&agrave; hoạt động học tập bắt buộc, kh&ocirc;ng t&iacute;nh điểm.</span></span></span></strong></span></p>\r\n','/media/unzip/hd03_b05_hoadotoimat/story_flash.html',3,'',5,4,18,NULL),(98,'Bảo Vật Quyền Năng','2019-04-28 15:25:55.457763','2019-04-28 15:25:55.457768',1,1,'<p><strong><span style=\"color:#16a085\"><span style=\"font-size:20px\"><span style=\"font-family:Calibri,sans-serif\"><span style=\"font-family:&quot;Times New Roman&quot;,serif\">Ch&agrave;o mừng c&aacute;c bạn đ&atilde; đến với hoạt động học tập số 05.</span></span></span></span></strong></p>\r\n','<p style=\"margin-right:0cm; text-align:justify\"><strong><span style=\"color:#16a085\"><span style=\"font-size:20px\"><span style=\"font-family:Calibri,sans-serif\"><span style=\"font-family:&quot;Times New Roman&quot;,serif\">Ch&agrave;o mừng c&aacute;c bạn đ&atilde; đến với hoạt động học tập số 05. Ở hoạt động n&agrave;y, ch&uacute;ng ta sẽ c&ugrave;ng nhau t&igrave;m hiểu phương ph&aacute;p sử dụng phần mềm biến điện thoại th&agrave;nh 1 chiếc remote điều khiển từ xa tr&ecirc;n thiết bị di động điều khiển th&ocirc;ng qua Bluetooth. </span></span></span></span></strong></p>\r\n\r\n<p style=\"margin-right:0cm; text-align:justify\"><span style=\"color:#e74c3c\"><strong><span style=\"font-size:20px\"><span style=\"font-family:Calibri,sans-serif\"><span style=\"font-family:&quot;Times New Roman&quot;,serif\">Lưu &yacute;: Đ&acirc;y l&agrave; hoạt động học tập bắt buộc v&agrave; c&oacute; t&iacute;nh điểm.</span></span></span></strong></span></p>\r\n','https://www.youtube.com/embed/BKNNgSABlC8',5,'',5,3,18,NULL),(99,'Khai Phá Bí Mật','2019-04-28 15:28:16.510647','2019-04-28 15:28:16.510652',1,1,'<p style=\"text-align:justify\"><strong><span style=\"font-size:20px\"><span style=\"color:#16a085\"><span style=\"font-family:&quot;Times New Roman&quot;,serif\">Đ&acirc;y l&agrave; hoạt động học tập số 04 trong chuỗi 06 hoạt động trong nh&oacute;m hoạt động: MỖI NG&Agrave;Y MỘT B&Agrave;I HỌC.</span></span></span></strong></p>\r\n','<p><strong><span style=\"font-size:20px\"><span style=\"color:#16a085\"><span style=\"font-family:&quot;Times New Roman&quot;,serif\">Đ&acirc;y l&agrave; hoạt động học tập số 04 trong chuỗi 06 hoạt động trong nh&oacute;m hoạt động: MỖI NG&Agrave;Y MỘT B&Agrave;I HỌC. Ở hoạt động n&agrave;y, c&aacute;c bạn sẽ được ch&uacute;ng t&ocirc;i hướng dẫn c&aacute;ch thức kết nối c&aacute;c thiết bị th&ocirc;ng qua Bluetooth. </span></span></span></strong></p>\r\n\r\n<p><span style=\"color:#e74c3c\"><strong><span style=\"font-size:20px\"><span style=\"font-family:&quot;Times New Roman&quot;,serif\">Lưu &yacute;: Đ&acirc;y l&agrave; hoạt động học tập bắt buộc, kh&ocirc;ng t&iacute;nh điểm.</span></span></strong></span></p>\r\n','https://www.youtube.com/embed/k-9dQE4BKDE',4,'',5,3,18,NULL),(100,'Lập trình trái dừa rơi (Phần 2)','2019-04-28 15:29:24.337869','2019-04-29 10:14:36.344841',25,1,'<p><span style=\"font-family:Times New Roman,Times,serif\"><span style=\"font-size:18px\"><u><strong><span style=\"color:#2980b9\">Mục ti&ecirc;u:</span></strong></u> H<span style=\"background-color:white\">ướng dẫn học vi&ecirc;n&nbsp;lập tr&igrave;nh cho <span style=\"color:black\">tr&aacute;i tr&aacute;i dừa rơi li&ecirc;n tục</span> v&agrave; xuất hiện ngẫu nhi&ecirc;n</span></span></span></p>\r\n\r\n<p><span style=\"font-family:Times New Roman,Times,serif\"><span style=\"font-size:18px\"><span style=\"background-color:white\"><u><strong><span style=\"color:#27ae60\">Y&ecirc;u cầu đầu ra:</span></strong></u> Học vi&ecirc;n lập tr&igrave;nh được cho tr&aacute;i dừa rơi li&ecirc;n tục v&agrave; xuất hiện ngẫu nhi&ecirc;n</span></span></span></p>\r\n\r\n<p><span style=\"font-family:Times New Roman,Times,serif\"><span style=\"font-size:18px\"><span style=\"background-color:white\"><u><strong><span style=\"color:#16a085\">M&ocirc; tả:</span></strong></u>&nbsp;Hoạt động LẬP TR&Igrave;NH TR&Aacute;I DỪA RƠI (PHẦN 2)&nbsp;sẽ gồm c&oacute;: Video hướng dẫn chi tiết, 1 b&agrave;i giảng tương t&aacute;c với gi&uacute;p c&aacute;c bạn c&oacute; thể dễ d&agrave;ng nắm bắt kiến thức trong video, 1 bản pdf nội dung c&aacute;c bạn c&oacute; thể tải về để l&agrave;m t&agrave;i liệu.</span></span></span></p>\r\n','<p><span style=\"font-size:18px\"><span style=\"background-color:white\"><span style=\"font-family:&quot;Times New Roman&quot;,serif\">Hoạt động LẬP TR&Igrave;NH TR&Aacute;I DỪA RƠI (PHẦN 2) sẽ hướng dẫn c&aacute;c bạn lập tr&igrave;nh cho <span style=\"color:black\">tr&aacute;i tr&aacute;i dừa rơi li&ecirc;n tục</span> v&agrave; xuất hiện ngẫu nhi&ecirc;n</span></span></span></p>\r\n','/media/unzip/Hoat_dong_3_jc8fBbm/story_flash.html /media/Lap_trinh_trai_dua_roi_p2.pdf https://www.youtube.com/embed/E3V_SeJRTmE',3,'',6,7,44,NULL),(101,'Đề bài thực hành','2019-04-28 15:30:57.998728','2019-04-28 15:30:57.998734',5,1,'<p style=\"margin-right:0in; text-align:justify\"><span style=\"font-size:18px\"><span style=\"font-family:Calibri,sans-serif\"><span style=\"background-color:white\"><span style=\"font-family:&quot;Times New Roman&quot;,serif\">C&aacute;c bạn thực h&agrave;nh dựa v&agrave;o bản pdf</span></span></span></span></p>\r\n\r\n<p style=\"margin-right:0in\"><span style=\"font-size:18px\"><span style=\"font-family:Calibri,sans-serif\"><span style=\"background-color:white\"><span style=\"font-family:&quot;Times New Roman&quot;,serif\">C&aacute;c bạn nộp <span style=\"color:black\">b&agrave;i v&agrave;o link</span>:&nbsp;<a href=\"https://drive.google.com/open?id=1kdqJcaXDdhuXokuDCsXKLUmzAsFMD6nZ\">Link</a></span></span></span></span></p>\r\n\r\n<p style=\"margin-right:0in\"><span style=\"font-size:18px\"><span style=\"font-family:Calibri,sans-serif\"><span style=\"background-color:white\"><span style=\"font-family:&quot;Times New Roman&quot;,serif\">Hướng dẫn nộp b&agrave;i: C&aacute;c bạn tạo một folder mới t&ecirc;n: <span style=\"color:black\">Baithuchanh</span>6_Hoten</span></span></span></span></p>\r\n\r\n<p style=\"margin-right:0in; text-align:justify\"><span style=\"font-size:18px\"><span style=\"font-family:Calibri,sans-serif\"><span style=\"background-color:white\"><span style=\"font-family:&quot;Times New Roman&quot;,serif\">&nbsp; &nbsp; &nbsp; &nbsp; &nbsp; &nbsp; V&iacute; dụ: Baithuchanh6_NguyenVanA</span></span></span></span></p>\r\n\r\n<p><span style=\"font-size:18px\"><span style=\"background-color:white\"><span style=\"font-family:&quot;Times New Roman&quot;,serif\">&nbsp; &nbsp; &nbsp; C&aacute;c bạn nộp c&aacute;c file thực h&agrave;nh <span style=\"color:black\">v&agrave;o folder</span> n&agrave;y (t&ecirc;n <span style=\"color:black\">file đặt theo</span> trong bản pdf)</span></span></span></p>\r\n','<p><span style=\"font-size:18px\"><span style=\"background-color:white\"><span style=\"font-family:&quot;Times New Roman&quot;,serif\">Đề b&agrave;i thực h&agrave;nh chủ để 6</span></span></span></p>\r\n','/media/Bai_tap_cau_truc_lap.pdf',1,'',6,2,45,NULL),(102,'Trò chơi tương tác','2019-04-28 15:31:52.486661','2019-04-28 15:31:52.486667',5,1,'<p><span style=\"font-size:18px\"><span style=\"background-color:white\"><span style=\"font-family:&quot;Times New Roman&quot;,serif\">Được thiết kế dưới dạng tr&ograve; chơi gi&uacute;p c&aacute;c bạn củng cố lại kiến thức. Tr&ograve; chơi n&agrave;y chỉ gi&uacute;p c&aacute;c bạn củng cố kiến thức n&ecirc;n sẽ kh&ocirc;ng lấy điểm</span></span></span></p>\r\n','<p><span style=\"font-size:18px\"><span style=\"background-color:white\"><span style=\"font-family:&quot;Times New Roman&quot;,serif\">Củng cố lại kiến thức chủ để 6.</span></span></span></p>\r\n','/media/unzip/On_tap_hoat_dong_1_Axi0wu4/story_flash.html',1,'',6,4,46,NULL),(103,'Cấu trúc lặp trong C++','2019-04-28 15:33:21.244351','2019-04-28 15:33:21.244356',5,1,'<p>&nbsp;</p>\r\n\r\n<p><span style=\"font-family:Times New Roman,Times,serif\"><span style=\"font-size:18px\">Giới thiệu về cấu tr&uacute;c lặp&nbsp;trong C++<br />\r\nĐể tải to&agrave;n bộ&nbsp;t&agrave;i liệu, c&aacute;c bạn tải về theo link:&nbsp;<a href=\"https://drive.google.com/open?id=1dUpDiS589dBgP6h9mM-oIktPfp9f_-oO\">Link</a></span></span></p>\r\n','<p><span style=\"font-family:Times New Roman,Times,serif\"><span style=\"font-size:18px\">Cấu tr&uacute;c lặp trong C++</span></span></p>\r\n','/media/lap_va_re_nhanh_C%2B%2B_nE7Z0le.pdf',1,'',6,2,47,NULL),(104,'Mã Nguồn Ma Thuật','2019-04-28 15:37:15.695926','2019-04-28 15:37:15.695932',1,1,'<p><strong><span style=\"color:#16a085\"><span style=\"font-size:20px\"><span style=\"font-family:Calibri,sans-serif\"><span style=\"font-family:&quot;Times New Roman&quot;,serif\">Sau khi đ&atilde; ho&agrave;n th&agrave;nh to&agrave;n bộ qu&aacute; tr&igrave;nh lắp đặt cũng như tinh chỉnh cần thiết cho Model Bluetooth, ch&uacute;ng ta bước sang hoạt động số 06 : &quot;Code - M&atilde; Nguồn Ma Thuật&rdquo;. </span></span></span></span></strong></p>\r\n','<p style=\"margin-left:36pt; margin-right:0cm; text-align:justify\"><strong><span style=\"color:#16a085\"><span style=\"font-size:20px\"><span style=\"font-family:Calibri,sans-serif\"><span style=\"font-family:&quot;Times New Roman&quot;,serif\">Sau khi đ&atilde; ho&agrave;n th&agrave;nh to&agrave;n bộ qu&aacute; tr&igrave;nh lắp đặt cũng như tinh chỉnh cần thiết cho Model Bluetooth, ch&uacute;ng ta bước sang hoạt động số 06 : &quot;Code - M&atilde; Nguồn Ma Thuật&rdquo;. Ở hoạt động n&agrave;y , ch&uacute;ng ta sẽ c&ugrave;ng nhau t&igrave;m hiểu những cấu tr&uacute;c m&atilde; nguồn cần thiết thể gi&uacute;p cho cảm biến Bluetooth hoạt động. </span></span></span></span></strong></p>\r\n\r\n<p style=\"margin-left:36pt; margin-right:0cm; text-align:justify\"><span style=\"color:#e74c3c\"><strong><span style=\"font-size:20px\"><span style=\"font-family:Calibri,sans-serif\"><span style=\"font-family:&quot;Times New Roman&quot;,serif\">Lưu &yacute;: Đ&acirc;y l&agrave; hoạt động học tập bắt buộc, kh&ocirc;ng t&iacute;nh điểm.</span></span></span></strong></span></p>\r\n','/media/unzip/MANGUONMATHUAT_modulbluetooth_m/story_flash.html /media/manguonmathuatbluetooth.pdf ',6,'',5,7,18,NULL),(105,'Phù Thủy Thời Gian','2019-04-28 15:39:32.133789','2019-04-28 15:39:32.133793',1,1,'<p><strong><span style=\"color:#16a085\"><span style=\"font-size:20px\"><span style=\"font-family:Calibri,sans-serif\"><span style=\"font-family:&quot;Times New Roman&quot;,serif\">Ch&agrave;o mừng c&aacute;c bạn đ&atilde; đến với hoạt động học tập số 10 &ndash; Một trong những hoạt động học tập quan trọng của chuy&ecirc;n đề học tập số 5.</span></span></span></span></strong></p>\r\n','<p style=\"margin-right:0cm; text-align:justify\"><strong><span style=\"color:#16a085\"><span style=\"font-size:20px\"><span style=\"font-family:Calibri,sans-serif\"><span style=\"font-family:&quot;Times New Roman&quot;,serif\">Ch&agrave;o mừng c&aacute;c bạn đ&atilde; đến với hoạt động học tập số 10 &ndash; Một trong những hoạt động học tập quan trọng của chuy&ecirc;n đề học tập số 5. Ở hoạt động n&agrave;y, tất cả c&aacute;c bạn sẽ c&ugrave;ng nhau thực hiện một b&agrave;i Quiz gồm 10 c&acirc;u trắc nghiệm đ&uacute;ng/sai về nguy&ecirc;n l&yacute; hoạt động cũng như phương thức lắp đăt model Bluetooth HC-05. </span></span></span></span></strong></p>\r\n\r\n<p style=\"margin-right:0cm; text-align:justify\"><span style=\"color:#e74c3c\"><strong><span style=\"font-size:20px\"><span style=\"font-family:Calibri,sans-serif\"><span style=\"font-family:&quot;Times New Roman&quot;,serif\">Lưu &yacute;, đ&acirc;y l&agrave; hoạt động học tập bắt buộc, c&oacute; t&iacute;nh điểm</span></span></span></strong></span></p>\r\n','/media/unzip/phuthuy_thoigian/story_flash.html',1,'',5,4,20,NULL),(106,'Biến Giả Thành Thật','2019-04-28 15:45:01.805793','2019-04-28 15:45:01.805799',1,1,'<p><strong><span style=\"color:#16a085\"><span style=\"font-size:20px\"><span style=\"font-family:Calibri,sans-serif\"><span style=\"font-family:&quot;Times New Roman&quot;,serif\">Ch&agrave;o mừng c&aacute;c bạn đ&atilde; đến với hoạt động học tập thứ 11.</span></span></span></span></strong></p>\r\n','<p style=\"margin-left:36pt; margin-right:0cm; text-align:justify\"><strong><span style=\"color:#16a085\"><span style=\"font-size:20px\"><span style=\"font-family:Calibri,sans-serif\"><span style=\"font-family:&quot;Times New Roman&quot;,serif\">Ch&agrave;o mừng c&aacute;c bạn đ&atilde; đến với hoạt động học tập thứ 11. Ở hoạt động n&agrave;y, </span></span></span></span><span style=\"color:#8e44ad\"><span style=\"font-size:20px\"><span style=\"font-family:Calibri,sans-serif\"><span style=\"font-family:&quot;Times New Roman&quot;,serif\"><em>tất cả c&aacute;c bạn sẽ quay lại 1 clip thực h&agrave;nh lựa chọn v&agrave; lắp đặt c&aacute;c linh kiện theo hướng dẫn để tạo n&ecirc;n một xe điều khiển từ xa sử dụng model Bluetooth HC-05 </em></span></span></span></span><span style=\"color:#16a085\"><span style=\"font-size:20px\"><span style=\"font-family:Calibri,sans-serif\"><span style=\"font-family:&quot;Times New Roman&quot;,serif\">như đ&atilde; được ch&uacute;ng t&ocirc;i giới thiệu v&agrave; hướng dẫn. </span></span></span></span></strong></p>\r\n\r\n<p style=\"margin-left:36pt; margin-right:0cm; text-align:center\"><strong><span style=\"color:#16a085\"><span style=\"font-size:20px\"><span style=\"font-family:Calibri,sans-serif\"><span style=\"font-family:&quot;Times New Roman&quot;,serif\"><img alt=\"\" src=\"/media/2019/04/28/quabluetooth.jpg\" style=\"height:360px; width:640px\" /></span></span></span></span></strong></p>\r\n\r\n<p style=\"margin-left:36pt; margin-right:0cm; text-align:justify\"><strong><span style=\"color:#16a085\"><span style=\"font-size:20px\"><span style=\"font-family:Calibri,sans-serif\"><span style=\"font-family:&quot;Times New Roman&quot;,serif\">Sản phẩm l&agrave; một video clip được upload l&ecirc;n Youtube v&agrave; link được ch&egrave;n v&agrave;o file.docx.</span></span></span></span></strong></p>\r\n\r\n<p style=\"margin-left:36pt; margin-right:0cm; text-align:justify\"><span style=\"color:#16a085; font-family:Times New Roman, serif\"><span style=\"font-size:20px\"><strong>Nguy&ecirc;n tắc nộp b&agrave;i: </strong></span></span><span style=\"color:#e74c3c\"><span style=\"font-family:Times New Roman, serif\"><span style=\"font-size:20px\"><strong>Tenhocvien_b05_ac11.docx</strong></span></span></span></p>\r\n\r\n<p style=\"margin-left:36pt; margin-right:0cm; text-align:justify\"><span style=\"color:#e74c3c\"><strong><span style=\"font-size:20px\"><span style=\"font-family:Calibri,sans-serif\"><span style=\"font-family:&quot;Times New Roman&quot;,serif\">Lưu &yacute;: Đ&acirc;y l&agrave; hoạt động bắt buộc, c&oacute; t&iacute;nh điểm.</span></span></span></strong></span></p>\r\n','',2,'',5,6,20,NULL),(107,'Nhắc lại biến','2019-04-28 15:47:32.594033','2019-04-29 10:13:23.717254',5,1,'<p><span style=\"font-size:18px\"><span style=\"font-family:Times New Roman,Times,serif\"><span style=\"color:#2980b9\"><u><strong>Mục ti&ecirc;u:</strong></u></span> N<span style=\"background-color:white\">hắc lại một số kiến thức <span style=\"color:black\">về biến</span> trong Alice</span></span></span></p>\r\n\r\n<p><span style=\"font-size:18px\"><span style=\"font-family:Times New Roman,Times,serif\"><span style=\"color:#27ae60\"><u><strong>Y&ecirc;u cầu đầu ra:</strong></u></span> Học vi&ecirc;n nắm lại được c&aacute;c kiến thức về biến trong Alice</span></span></p>\r\n\r\n<p><span style=\"font-size:18px\"><span style=\"font-family:Times New Roman,Times,serif\"><span style=\"color:#16a085\"><u><strong>M&ocirc; tả:</strong></u></span>&nbsp;<span style=\"background-color:white\">Hoạt động NHẮC LẠI BIẾN sẽ gồm c&oacute;:&nbsp; 1 b&agrave;i giảng tương t&aacute;c với gi&uacute;p c&aacute;c bạn c&oacute; thể dễ d&agrave;ng nắm bắt kiến thức , 1 bản pdf nội dung c&aacute;c bạn c&oacute; thể tải về để l&agrave;m t&agrave;i liệu.</span></span></span></p>\r\n','<p><span style=\"font-size:18px\"><span style=\"background-color:white\"><span style=\"font-family:&quot;Times New Roman&quot;,serif\">Hoạt động NHẮC LẠI BIẾN sẽ nhắc lại một số kiến thức <span style=\"color:black\">về biến</span> trong Alice</span></span></span></p>\r\n','/media/Nhac_lai.pdf',1,'',6,2,48,NULL),(108,'Thế Giới Lập Trình','2019-04-28 15:48:28.047605','2019-04-28 15:48:28.047610',1,1,'','<p style=\"margin-right:0cm; text-align:justify\"><strong><span style=\"color:#16a085\"><span style=\"font-size:20px\"><span style=\"font-family:Calibri,sans-serif\"><span style=\"font-family:&quot;Times New Roman&quot;,serif\">đ&acirc;y l&agrave; hoạt động học tập cuối c&ugrave;ng trong chuy&ecirc;n đề học tập số 05, ở hoạt động n&agrave;y, c&aacute;c bạn sẽ thực hiện việc viết m&atilde; nguồn cho một đề b&agrave;i tập cho sẵn c&oacute; nội dung ph&ugrave; hợp với kiến thức đ&atilde; được giới thiệu ở những hoạt động trước đ&oacute;. </span></span></span></span></strong></p>\r\n\r\n<p style=\"margin-right:0cm; text-align:center\"><span style=\"font-size:36px\"><span style=\"color:#e74c3c\"><span style=\"font-family:Times New Roman, serif\"><strong>B&Agrave;I TẬP</strong></span></span></span></p>\r\n\r\n<p style=\"margin-left:0cm; margin-right:0cm; text-align:justify\"><span style=\"font-size:11pt\"><span style=\"font-family:Calibri,sans-serif\"><strong><span style=\"font-size:14.0pt\"><span style=\"font-family:&quot;Times New Roman&quot;,serif\"><span style=\"color:#002060\">Từ m&atilde; nguồn đ&atilde; được hướng dẫn, bạn h&atilde;y viết m&atilde; nguồn điều khiển xe điều khiển từ xa th&ocirc;ng qua bluetooth. C&agrave;i đặt c&aacute;c n&uacute;t lệnh tr&ecirc;n phần mềm một c&aacute;ch c&aacute; nh&acirc;n h&oacute;a so với b&agrave;i giảng ban đầu.</span></span></span></strong></span></span></p>\r\n\r\n<p style=\"margin-left:0cm; margin-right:0cm; text-align:justify\"><span style=\"font-size:11pt\"><span style=\"font-family:Calibri,sans-serif\"><strong><span style=\"font-size:14.0pt\"><span style=\"font-family:&quot;Times New Roman&quot;,serif\"><span style=\"color:#002060\">C&aacute;c bạn thực hiện nội dung b&agrave;i tập OFFLINE&nbsp; bằng Arduino IDE. Nọp file v&agrave;o phần nội b&agrave;i với c&uacute; ph&aacute;p như sau:</span></span></span></strong></span></span></p>\r\n\r\n<p style=\"margin-left:0cm; margin-right:0cm; text-align:justify\"><em><span style=\"color:#e74c3c\"><span style=\"font-family:Times New Roman, serif\"><span style=\"font-size:18.6667px\"><strong>Tenhocvien_b05_ac12.docx.</strong></span></span></span></em></p>\r\n\r\n<p style=\"margin-right:0cm; text-align:justify\"><span style=\"color:#e74c3c\"><strong><span style=\"font-size:20px\"><span style=\"font-family:Calibri,sans-serif\"><span style=\"font-family:&quot;Times New Roman&quot;,serif\">Lưu &yacute;, đ&acirc;y l&agrave; hoạt động học tập bắt buộc, c&oacute; t&iacute;nh điểm.</span></span></span></strong></span></p>\r\n','',3,'',5,6,20,NULL),(109,'Lập trình tính điểm','2019-04-28 15:50:21.369054','2019-04-29 10:13:45.268089',25,1,'<p><span style=\"font-size:18px\"><span style=\"font-family:Times New Roman,Times,serif\"><span style=\"color:#2980b9\"><u><strong>Mục ti&ecirc;u:</strong></u></span> H<span style=\"background-color:white\">ướng dẫn học vi&ecirc;n&nbsp;c&aacute;ch lập tr&igrave;nh điểm cho tr&ograve; chơi. Từ đ&oacute; c&oacute; thể &aacute;p dụng để&nbsp;lập tr&igrave;nh điểm cho c&aacute;c tr&ograve; chơi kh&aacute;c.</span></span></span></p>\r\n\r\n<p><span style=\"font-size:18px\"><span style=\"font-family:Times New Roman,Times,serif\"><span style=\"background-color:white\"><span style=\"color:#27ae60\"><u><strong>Y&ecirc;u cầu đầu ra:</strong></u></span> Học vi&ecirc;n lập tr&igrave;nh được điểm cho tr&ograve; chơi Khỉ hứng dừa</span></span></span></p>\r\n\r\n<p><span style=\"font-size:11.0pt\"><span style=\"background-color:white\"><span style=\"font-family:&quot;Times New Roman&quot;,serif\"><span style=\"font-size:18px\"><span style=\"font-family:Times New Roman,Times,serif\"><span style=\"color:#16a085\"><u><strong>M&ocirc; tả:</strong></u></span>&nbsp;Hoạt động LẬP TR&Igrave;NH ĐIỂM sẽ gồm c&oacute;: Video hướng dẫn chi tiết, 1 b&agrave;i giảng tương t&aacute;c với gi&uacute;p c&aacute;c bạn c&oacute; thể dễ d&agrave;ng nắm bắt kiến thức trong video, 1 bản pdf nội dung c&aacute;c bạn c&oacute; thể tải về để l&agrave;m t&agrave;i liệu.</span></span></span></span></span></p>\r\n','<p><span style=\"font-size:18px\"><span style=\"background-color:white\"><span style=\"font-family:&quot;Times New Roman&quot;,serif\">Hoạt động LẬP TR&Igrave;NH ĐIỂM sẽ hướng dẫn c&aacute;c bạn c&aacute;ch lập tr&igrave;nh điểm cho tr&ograve; chơi. Từ đ&oacute; c&oacute; thể &aacute;p dụng để&nbsp;lập tr&igrave;nh điểm cho c&aacute;c tr&ograve; chơi kh&aacute;c.</span></span></span></p>\r\n','/media/unzip/Hoat_dong_2_QTUBN4W/story_flash.html /media/Lap_trinh_diem.pdf https://www.youtube.com/embed/YDGoKU3UMNk',2,'',6,7,48,NULL),(110,'Kho Tàng Vô Giá','2019-04-28 15:50:29.583045','2019-04-28 15:50:29.583049',1,1,'<p><strong><span style=\"color:#16a085\"><span style=\"font-size:20px\"><span style=\"font-family:Calibri,sans-serif\"><span style=\"font-family:&quot;Times New Roman&quot;,serif\">Đ&acirc;y l&agrave; hoạt động học tập số 01&nbsp;trong chuỗi c&aacute;c hoạt động học tập của chuy&ecirc;n đề &ocirc;n tập.</span></span></span></span></strong></p>\r\n','<p style=\"margin-right:0cm; text-align:justify\"><strong><span style=\"color:#16a085\"><span style=\"font-size:20px\"><span style=\"font-family:Calibri,sans-serif\"><span style=\"font-family:&quot;Times New Roman&quot;,serif\">Đ&acirc;y l&agrave; hoạt động học tập số 01&nbsp;trong chuỗi c&aacute;c hoạt động học tập của chuy&ecirc;n đề &ocirc;n tập. Đ&acirc;y l&agrave; hoạt động được thiết kế với chức năng ch&iacute;nh l&agrave; cung cấp những nguồn t&agrave;i liệu, hoặc những kiến thức mở rộng c&oacute; li&ecirc;n quan đến nội dung b&agrave;i học. B&ecirc;n cạnh đ&oacute;, chuy&ecirc;n mục &ldquo; Kho T&agrave;ng V&ocirc; Gi&aacute;&rdquo; cũng l&agrave; một nơi chứa những th&ocirc;ng tin mở rộng, lưu &yacute; v&agrave; dặn d&ograve;, </span></span></span></span></strong></p>\r\n\r\n<p style=\"margin-right:0cm; text-align:justify\"><span style=\"color:#e74c3c\"><strong><span style=\"font-size:20px\"><span style=\"font-family:Calibri,sans-serif\"><span style=\"font-family:&quot;Times New Roman&quot;,serif\">Lưu &yacute;: Đ&acirc;y l&agrave; hoạt động học tập bắt buộc, kh&ocirc;ng t&iacute;nh&nbsp; điểm.</span></span></span></strong></span></p>\r\n','/media/DIEU_KHIEN_NHIEU_LED.pdf',1,'',5,2,21,NULL),(111,'Lập trình tính thời gian','2019-04-28 15:52:39.224027','2019-04-29 10:13:58.665899',25,1,'<p><span style=\"font-family:Times New Roman,Times,serif\"><span style=\"font-size:18px\"><span style=\"color:#2980b9\"><u><strong>Mục ti&ecirc;u:</strong></u></span> H<span style=\"background-color:white\">ướng dẫn học&nbsp;vi&ecirc;n&nbsp;lập tr&igrave;nh thời gian cho tr&ograve; chơi khỉ hứng dừa</span></span></span></p>\r\n\r\n<p><span style=\"font-family:Times New Roman,Times,serif\"><span style=\"font-size:18px\"><span style=\"color:#27ae60\"><u><strong>Y&ecirc;u cầu đầu ra:</strong></u></span> Học vi&ecirc;n lập tr&igrave;nh được thời gian cho tr&ograve; chơi Khỉ hứng dừa</span></span></p>\r\n\r\n<p><span style=\"font-family:Times New Roman,Times,serif\"><span style=\"font-size:18px\"><span style=\"color:#16a085\"><u><strong>M&ocirc; tả:</strong></u></span>&nbsp;<span style=\"background-color:white\">Hoạt động LẬP TR&Igrave;NH THỜI GIAN sẽ gồm c&oacute;: Video hướng dẫn chi tiết, 1 b&agrave;i giảng tương t&aacute;c với gi&uacute;p c&aacute;c bạn c&oacute; thể dễ d&agrave;ng nắm bắt kiến thức trong video, 1 bản pdf nội dung c&aacute;c bạn c&oacute; thể tải về để l&agrave;m t&agrave;i liệu.</span></span></span></p>\r\n','<p><span style=\"font-size:18px\"><span style=\"background-color:white\"><span style=\"font-family:&quot;Times New Roman&quot;,serif\">Hoạt động LẬP TR&Igrave;NH THỜI GIAN sẽ hướng dẫn c&aacute;c bạn lập tr&igrave;nh thời gian cho tr&ograve; chơi khỉ hứng dừa</span></span></span></p>\r\n','/media/unzip/Hoat_dong_3_Vnx4Hux/story_flash.html /media/Lap_trinh_tinh_thoi_gian.pdf https://www.youtube.com/embed/gxlTR667J2Q',3,'',6,7,48,NULL),(112,'Nhìn Lại Kiến Thức','2019-04-28 15:53:21.847215','2019-04-28 15:53:21.847219',1,1,'<p><strong><span style=\"color:#16a085\"><span style=\"font-size:20px\"><span style=\"font-family:Calibri,sans-serif\"><span style=\"font-family:&quot;Times New Roman&quot;,serif\">Ch&agrave;o mừng c&aacute;c bạn đ&atilde; đến với hoạt động học tập số 02 trong chuy&ecirc;n đề &ocirc;n tập cuối kh&oacute;a.</span></span></span></span></strong></p>\r\n','<p style=\"margin-left:0cm; margin-right:0cm; text-align:justify\"><strong><span style=\"color:#16a085\"><span style=\"font-size:20px\"><span style=\"font-family:Calibri,sans-serif\"><span style=\"font-family:&quot;Times New Roman&quot;,serif\">Ch&agrave;o mừng c&aacute;c bạn đ&atilde; đến với hoạt động học tập số 02 trong chuy&ecirc;n đề &ocirc;n tập cuối kh&oacute;a. Ở Hoạt động n&agrave;y, c&aacute;c bạn sẽ được gợi nhớ lạ những nội dung kiến thức quan trọng về thuật to&aacute;n v&agrave; lặp tr&igrave;nh c++, c&aacute;c ứng dụng m&ocirc; phỏng của C++ th&ocirc;ng qua lặp tr&igrave;nh Arduino v&agrave; ứng dụng của n&oacute; như Led, xe tr&aacute;nh vật cảng, xe d&ograve; line, xe điều khiển bluetooth.</span></span></span></span></strong></p>\r\n\r\n<p style=\"margin-left:0cm; margin-right:0cm; text-align:justify\"><span style=\"color:#e74c3c\"><strong><span style=\"font-size:20px\"><span style=\"font-family:Calibri,sans-serif\"><span style=\"font-family:&quot;Times New Roman&quot;,serif\">Lưu &yacute;: Đ&acirc;y l&agrave; hoạt Động bắt buộc, kh&ocirc;ng t&iacute;nh điểm.</span></span></span></strong></span></p>\r\n','/media/unzip/NHIN_LAI_KIEN_THUC/story_flash.html',2,'',5,4,21,NULL),(113,'Đề bài thực hành','2019-04-28 15:54:12.329963','2019-04-28 15:54:12.329969',5,1,'<p style=\"margin-right:0in; text-align:justify\"><span style=\"font-size:18px\"><span style=\"font-family:Calibri,sans-serif\"><span style=\"background-color:white\"><span style=\"font-family:&quot;Times New Roman&quot;,serif\">C&aacute;c bạn tải file thực h&agrave;nh pdf về v&agrave; thực h&agrave;nh <span style=\"color:black\">theo file</span></span></span></span></span></p>\r\n\r\n<p style=\"margin-right:0in\"><span style=\"font-size:18px\"><span style=\"font-family:Calibri,sans-serif\"><span style=\"background-color:white\"><span style=\"font-family:&quot;Times New Roman&quot;,serif\">C&aacute;c bạn nộp <span style=\"color:black\">b&agrave;i theo link</span>:&nbsp;<a href=\"https://drive.google.com/open?id=1kdqJcaXDdhuXokuDCsXKLUmzAsFMD6nZ\">Link</a></span></span></span></span></p>\r\n\r\n<p style=\"margin-right:0in\"><span style=\"font-size:18px\"><span style=\"font-family:Calibri,sans-serif\"><span style=\"background-color:white\"><span style=\"font-family:&quot;Times New Roman&quot;,serif\">Hướng dẫn nộp b&agrave;i: C&aacute;c bạn đặt t&ecirc;n file lại th&agrave;nh: <span style=\"color:black\">Thuchanh</span>7_HoTen.a3p</span></span></span></span></p>\r\n\r\n<p style=\"margin-right:0in; text-align:justify\"><span style=\"font-size:18px\"><span style=\"font-family:Calibri,sans-serif\"><span style=\"background-color:white\"><span style=\"font-family:&quot;Times New Roman&quot;,serif\">&nbsp; &nbsp; &nbsp; &nbsp; V&iacute; dụ: Thuchanh7_NguyenVanA.a3p</span></span></span></span></p>\r\n','<p><span style=\"font-size:18px\"><span style=\"background-color:white\"><span style=\"font-family:&quot;Times New Roman&quot;,serif\">Đề b&agrave;i thực h&agrave;nh chủ để 7</span></span></span></p>\r\n','/media/Bai_tap_ve_bien.pdf',1,'',6,2,49,NULL),(114,'Trò chơi tương tác','2019-04-28 15:55:13.580050','2019-04-28 15:55:13.580056',5,1,'<p><span style=\"font-size:18px\"><span style=\"background-color:white\"><span style=\"font-family:&quot;Times New Roman&quot;,serif\">Được thiết kế dưới dạng tr&ograve; chơi gi&uacute;p c&aacute;c bạn củng cố lại kiến thức. Tr&ograve; chơi n&agrave;y chỉ gi&uacute;p c&aacute;c bạn củng cố kiến thức n&ecirc;n sẽ kh&ocirc;ng lấy điểm</span></span></span></p>\r\n','<p><span style=\"font-size:18px\"><span style=\"background-color:white\"><span style=\"font-family:&quot;Times New Roman&quot;,serif\">Củng cố lại kiến thức chủ để 7</span></span></span></p>\r\n','/media/unzip/On_tap/story_flash.html',1,'',6,4,50,NULL),(115,'Biến trong C++','2019-04-28 15:56:32.367995','2019-04-28 15:56:32.368001',5,1,'<p><span style=\"font-family:Times New Roman,Times,serif\"><span style=\"font-size:18px\">Giới thiệu về Lớp v&agrave; đối tượng trong C++<br />\r\nĐể tải to&agrave;n bộ&nbsp;t&agrave;i liệu, c&aacute;c bạn tải về theo link:&nbsp;<a href=\"https://drive.google.com/open?id=1dUpDiS589dBgP6h9mM-oIktPfp9f_-oO\">Link</a></span></span></p>\r\n','<p><span style=\"font-family:Times New Roman,Times,serif\"><span style=\"font-size:18px\">Biến trong C++</span></span></p>\r\n','/media/C%2B%2B%20dai%20hoc%20cong%20nghe22-42.pdf',1,'',6,2,51,NULL),(116,'Thế Giới Lập Trình','2019-04-28 15:56:39.411191','2019-05-03 18:57:37.795600',1,1,'<p><strong><span style=\"font-size:20px\"><span style=\"color:#16a085\"><span style=\"font-family:Calibri,sans-serif\"><span style=\"font-family:&quot;Times New Roman&quot;,serif\">Đ&acirc;y l&agrave; hoạt động học tập số 03 trong chuy&ecirc;n đề &ocirc;n tập cuối kh&oacute;a.</span></span></span></span></strong></p>\r\n','<p style=\"margin-right:0cm; text-align:justify\"><strong><span style=\"font-size:20px\"><span style=\"color:#16a085\"><span style=\"font-family:Calibri,sans-serif\"><span style=\"font-family:&quot;Times New Roman&quot;,serif\">Đ&acirc;y l&agrave; hoạt động học tập số 03 trong chuy&ecirc;n đề &ocirc;n tập cuối kh&oacute;a, ở hoạt động n&agrave;y, c&aacute;c bạn sẽ thực hiện việc viết m&atilde; nguồn cho một đề b&agrave;i tập cho sẵn c&oacute; nội dung ph&ugrave; hợp với kiến thức đ&atilde; được giới thiệu ở những hoạt động trước đ&oacute;. </span></span></span></span></strong></p>\r\n\r\n<p style=\"margin-right:0cm; text-align:center\"><span style=\"font-size:36px\"><strong><span style=\"color:#16a085\"><span style=\"font-family:Calibri,sans-serif\"><span style=\"font-family:&quot;Times New Roman&quot;,serif\">B&Agrave;I TẬP</span></span></span></strong></span></p>\r\n\r\n<p style=\"margin-right:0cm\">&nbsp;</p>\r\n\r\n<p style=\"margin-left:0cm; margin-right:0cm; text-align:justify\"><span style=\"font-size:11pt\"><span style=\"font-family:Calibri,sans-serif\"><strong><span style=\"font-size:14.0pt\"><span style=\"font-family:&quot;Times New Roman&quot;,serif\"><span style=\"color:#002060\">TỪ NHỮNG NỘI DUNG &Ocirc;N TẬP Đ&Atilde; QUA, BẠN H&Atilde;Y VIẾT M&Atilde; NGUỒN THỰC HIỆN NHỮNG NHIỆM VỤ NHƯ SAU:</span></span></span></strong></span></span></p>\r\n\r\n<ol>\r\n	<li style=\"text-align:justify\"><span style=\"font-size:11pt\"><span style=\"font-family:Calibri,sans-serif\"><strong><span style=\"font-size:14.0pt\"><span style=\"font-family:&quot;Times New Roman&quot;,serif\"><span style=\"color:red\">&nbsp;Viết m&atilde; nguồn điều khiển 5 đ&egrave;n s&aacute;ng tắt li&ecirc;n tục c&aacute;ch nhau 1 gi&acirc;y</span></span></span></strong></span></span></li>\r\n	<li style=\"text-align:justify\"><span style=\"font-size:11pt\"><span style=\"font-family:Calibri,sans-serif\"><strong><span style=\"font-size:14.0pt\"><span style=\"font-family:&quot;Times New Roman&quot;,serif\"><span style=\"color:red\">&nbsp;Viết m&atilde; nguồn điều khiển 2 động cơ v1 c&ugrave;ng tiến &ndash; c&ugrave;ng l&ugrave;i. hai trạng th&aacute;i c&aacute;ch nhau 2 gi&acirc;y</span></span></span></strong></span></span></li>\r\n	<li style=\"text-align:justify\"><span style=\"font-size:11pt\"><span style=\"font-family:Calibri,sans-serif\"><strong><span style=\"font-size:14.0pt\"><span style=\"font-family:&quot;Times New Roman&quot;,serif\"><span style=\"color:red\">Viết m&atilde; nguồn điều khiển xe d&ograve; line c&oacute; sử dụng cấu tr&uacute;c switch &ndash; case.</span></span></span></strong></span></span></li>\r\n</ol>\r\n\r\n<p style=\"margin-left:0cm; margin-right:0cm; text-align:justify\"><span style=\"font-size:11pt\"><span style=\"font-family:Calibri,sans-serif\"><strong><span style=\"font-size:14.0pt\"><span style=\"font-family:&quot;Times New Roman&quot;,serif\"><span style=\"color:#002060\">C&aacute;c bạn thực hiện nội dung b&agrave;i tập ngay trong phần codding ph&iacute;a dưới đ&acirc;y... hoặc l&agrave;m b&agrave;i offline v&agrave; nộp file m&atilde; nguồn.</span></span></span></strong></span></span></p>\r\n\r\n<ol start=\"5\" style=\"list-style-type:lower-roman\">\r\n	<li style=\"text-align:justify\"><span style=\"font-size:11pt\"><span style=\"font-family:Calibri,sans-serif\"><strong><span style=\"font-size:14.0pt\"><span style=\"font-family:&quot;Times New Roman&quot;,serif\"><span style=\"color:#002060\">Quy tắc nộp b&agrave;i:</span></span></span></strong></span></span></li>\r\n</ol>\r\n\r\n<ul>\r\n	<li style=\"text-align:justify\"><span style=\"font-size:11pt\"><span style=\"font-family:Calibri,sans-serif\"><strong><span style=\"font-size:14.0pt\"><span style=\"font-family:&quot;Times New Roman&quot;,serif\"><span style=\"color:#002060\">Tất cả c&aacute;c file m&atilde; nguồn đề được đặt t&ecirc;n theo quy tắc: tenbai_tennguoihoc.ino</span></span></span></strong></span></span></li>\r\n	<li style=\"text-align:justify\"><span style=\"font-size:11pt\"><span style=\"font-family:Calibri,sans-serif\"><strong><span style=\"font-size:14.0pt\"><span style=\"font-family:&quot;Times New Roman&quot;,serif\"><span style=\"color:#002060\">Tất cả file m&atilde; nguồn được n&eacute;n v&agrave;o 1 file zip theo c&uacute; ph&aacute;p đặt t&ecirc;n sau: tennguoihoc_mss2.zip</span></span></span></strong></span></span></li>\r\n</ul>\r\n\r\n<div style=\"width:100%\" align=\"right\" class=\"hvr-icon-buzz-out\">\r\n<a class=\"hvr-buzz-out\" href=\"http://editor.makeblock.com\">\r\n<button class=\"btn_1\" align=\"right\"> Mở MLBLOCK</button>\r\n    </a>\r\n</div>\r\n\r\n<p style=\"margin-right:0cm; text-align:justify\"><span style=\"color:#e74c3c\"><strong><span style=\"font-size:20px\"><span style=\"font-family:Calibri,sans-serif\"><span style=\"font-family:&quot;Times New Roman&quot;,serif\">Lưu &yacute;, đ&acirc;y l&agrave; hoạt động học tập bắt buộc, c&oacute; t&iacute;nh điểm.</span></span></span></strong></span></p>\r\n','',1,'',5,6,22,NULL),(117,'Phù Thủy Thời Gian','2019-04-28 15:58:15.663884','2019-04-28 15:58:15.663889',1,1,'<p style=\"text-align:justify\"><strong><span style=\"color:#16a085\"><span style=\"font-size:20px\"><span style=\"font-family:Calibri,sans-serif\"><span style=\"font-family:&quot;Times New Roman&quot;,serif\">Ch&agrave;o mừng c&aacute;c bạn đ&atilde; đến với hoạt động học tập số 04 &ndash; Một trong những hoạt động học tập quan trọng của chuy&ecirc;n đề &ocirc;n tập.</span></span></span></span></strong></p>\r\n','<p style=\"margin-right:0cm; text-align:justify\"><strong><span style=\"color:#16a085\"><span style=\"font-size:20px\"><span style=\"font-family:Calibri,sans-serif\"><span style=\"font-family:&quot;Times New Roman&quot;,serif\">Ch&agrave;o mừng c&aacute;c bạn đ&atilde; đến với hoạt động học tập số 04 &ndash; Một trong những hoạt động học tập quan trọng của chuy&ecirc;n đề &ocirc;n tập. Ở hoạt động n&agrave;y, tất cả c&aacute;c bạn sẽ c&ugrave;ng nhau thực hiện một b&agrave;i Quiz gồm 10 c&acirc;u trắc nghiệm đ&uacute;ng/sai to&agrave;n bộ c&aacute;c kiến thức m&agrave; c&aacute;c bạn đ&atilde; được t&igrave;m hiểu trong suốt kh&oacute;a học n&agrave;y. </span></span></span></span></strong></p>\r\n\r\n<p style=\"margin-right:0cm; text-align:justify\"><span style=\"color:#e74c3c\"><strong><span style=\"font-size:20px\"><span style=\"font-family:Calibri,sans-serif\"><span style=\"font-family:&quot;Times New Roman&quot;,serif\">Lưu &yacute;, đ&acirc;y l&agrave; hoạt động học tập bắt buộc, c&oacute; t&iacute;nh điểm</span></span></span></strong></span></p>\r\n\r\n<p style=\"margin-left:0cm; margin-right:0cm; text-align:justify\">&nbsp;</p>\r\n','/media/unzip/HD10_ontap_phuthuy_thoigian_ontap/story_flash.html',2,'',5,4,22,NULL),(118,'Tôi - Một Ngày Làm Thầy','2019-04-28 16:05:39.681369','2019-04-28 16:05:39.681375',1,1,'','<p style=\"margin-left:0cm; margin-right:0cm\"><span style=\"color:#8e44ad\"><span style=\"font-size:20px\"><em><span style=\"font-family:Tahoma,sans-serif\"><span style=\"font-family:&quot;Times New Roman&quot;,serif\">Sau khi ho&agrave;n th&agrave;nh nội dung của to&agrave;n bộ m&ocirc;n học th&igrave; c&aacute;c em đ&atilde; c&oacute; những kiến thức v&agrave; hiểu biết kh&aacute; đầy đủ về Arduino cũng như ưng dụng của lập tr&igrave;nh Arduino trong việc tạo ra c&aacute;c sản phẩm đơn giản m&agrave; cụ thể l&agrave; xe tự h&agrave;nh đơn giản với c&aacute;c cảm biến đặc biệt. B&acirc;y giờ l&agrave; l&uacute;c để c&aacute;c em vận dụng khả năng s&aacute;ng tạo của bản th&acirc;n m&igrave;nh để ho&agrave;n th&agrave;nh hoạt động &ldquo; T<strong>&Ocirc;I &ndash;MỘT NG&Agrave;Y L&Agrave;M THẦY</strong>&rdquo;- đ&acirc;y l&agrave; hoạt động c&oacute; t&iacute;nh điểm.</span></span></em></span></span></p>\r\n\r\n<p style=\"margin-left:0cm; margin-right:0cm; text-align:center\"><span style=\"color:#8e44ad\"><span style=\"font-size:20px\"><em><span style=\"font-family:Tahoma,sans-serif\"><span style=\"font-family:&quot;Times New Roman&quot;,serif\"><img alt=\"\" src=\"/media/2019/04/28/63296957-best-teacher-ever-fashionable-calligraphy-and-bright-pink-purple-background-with-watercolor-stains-b.jpg\" style=\"height:499px; width:750px\" /></span></span></em></span></span></p>\r\n\r\n<p style=\"margin-left:0cm; margin-right:0cm; text-align:center\"><span style=\"color:#e74c3c\"><span style=\"font-size:36px\"><strong><span style=\"font-family:Tahoma,sans-serif\"><span style=\"font-family:&quot;Times New Roman&quot;,serif\">Nội dung ch&iacute;nh:</span></span></strong></span></span></p>\r\n\r\n<ul>\r\n	<li style=\"text-align:justify\"><span style=\"color:#8e44ad\"><span style=\"font-size:20px\"><span style=\"font-family:Tahoma,sans-serif\"><span style=\"font-family:&quot;Times New Roman&quot;,serif\">Sau khi ho&agrave;n th&agrave;nh to&agrave;n bộ c&aacute;c b&agrave;i học nền tảng về Arduino, người học sẽ được chọn 01 trong số nh&oacute;m c&aacute;c chủ đề m&agrave; gi&aacute;o vi&ecirc;n đưa ra để tiến h&agrave;nh nghi&ecirc;n cứu, t&igrave;m hiểu v&agrave; x&acirc;y dựng một b&agrave;i hướng dẫn kỹ thuật + quy tr&igrave;nh c&ocirc;ng nghệ để tạo ra một sản phẩm hữu &iacute;ch c&oacute; ứng dụng lập tr&igrave;nh Arduino v&agrave; c&aacute;c kỹ thuật hỗ trợ tương ứng, nhằm gi&uacute;p c&aacute;c em c&oacute; cơ hội trải nghiệm v&agrave; chia sẻ tri thức của bản th&acirc;n với mọi người.</span></span></span></span></li>\r\n</ul>\r\n\r\n<p style=\"margin-left:0cm; margin-right:0cm\">&nbsp;</p>\r\n\r\n<p style=\"margin-left:0cm; margin-right:0cm; text-align:center\"><span style=\"font-size:36px\"><strong><span style=\"color:#8e44ad\"><span style=\"font-family:Tahoma,sans-serif\"><span style=\"font-family:&quot;Times New Roman&quot;,serif\">Y&ecirc;u cầu:</span></span></span></strong></span></p>\r\n\r\n<p style=\"margin-left:0cm; margin-right:0cm\">&nbsp;</p>\r\n\r\n<ul>\r\n	<li style=\"text-align:justify\"><strong><span style=\"color:#16a085\"><em><span style=\"font-size:20px\"><span style=\"font-family:Tahoma,sans-serif\"><span style=\"font-family:&quot;Times New Roman&quot;,serif\">Y&ecirc;u cầu sản phẩm cơ bản cần đ&aacute;p ứng:</span></span></span></em></span></strong></li>\r\n	<li style=\"text-align:justify\"><strong><span style=\"color:#16a085\"><em><span style=\"font-size:20px\"><span style=\"font-family:Tahoma,sans-serif\"><span style=\"font-family:&quot;Times New Roman&quot;,serif\">Video clip giới thiệu bản th&acirc;n</span></span></span></em></span></strong></li>\r\n	<li style=\"text-align:justify\"><strong><span style=\"color:#16a085\"><em><span style=\"font-size:20px\"><span style=\"font-family:Tahoma,sans-serif\"><span style=\"font-family:&quot;Times New Roman&quot;,serif\">Video clip giới thiệu sơ lượt về c&aacute;c c&ocirc;ng đoạn thiết kế, x&acirc;y dựng b&agrave;i hướng dẫn</span></span></span></em></span></strong></li>\r\n	<li style=\"text-align:justify\"><strong><span style=\"color:#16a085\"><em><span style=\"font-size:20px\"><span style=\"font-family:Tahoma,sans-serif\"><span style=\"font-family:&quot;Times New Roman&quot;,serif\">Video clip hướng dẫn chi tiết</span></span></span></em></span></strong></li>\r\n	<li style=\"text-align:justify\"><strong><span style=\"color:#16a085\"><em><span style=\"font-size:20px\"><span style=\"font-family:Tahoma,sans-serif\"><span style=\"font-family:&quot;Times New Roman&quot;,serif\">File m&atilde; nguồn</span></span></span></em></span></strong></li>\r\n	<li style=\"text-align:justify\"><strong><span style=\"color:#16a085\"><em><span style=\"font-size:20px\"><span style=\"font-family:Tahoma,sans-serif\"><span style=\"font-family:&quot;Times New Roman&quot;,serif\">File t&agrave;i liệu , tr&igrave;nh chiếu,v.v </span></span></span></em></span></strong></li>\r\n</ul>\r\n\r\n<p style=\"text-align:center\"><span style=\"color:#e74c3c\"><span style=\"font-size:36px\">C&Uacute; PH&Aacute;P NỘP B&Agrave;I</span></span></p>\r\n\r\n<p style=\"text-align:justify\"><span style=\"color:#8e44ad\"><strong><span style=\"font-size:20px\">B&Agrave;I NỘP CỦA HỌC VI&Ecirc;N TẤT C3 ĐƯỢC N&Eacute;N V&Agrave;O 1 THƯ MỤC .zip THEO QUY TẮC HƯỚNG DẪN Đ&Atilde; N&Ecirc;U. VIDEO CLIP ĐƯỢC UPLOAD L&Ecirc;N YOUTUBE V&Agrave; D&Aacute;N LINK V&Agrave;O FILE .docx.</span></strong></span></p>\r\n\r\n<p style=\"text-align:justify\"><span style=\"color:#e74c3c\"><span style=\"font-size:20px\">QUY TẮC ĐẶT T&Ecirc;N FILE ZIP: <strong><em>Tenhocvien_Arduino_combokydieu_final.zip</em></strong></span></span></p>\r\n','',1,'',5,6,2,NULL),(119,'Hướng dẫn tự học','2019-04-28 16:14:35.915306','2019-04-29 10:15:56.130406',30,1,'<p style=\"margin-left:0in; margin-right:0in\"><span style=\"font-size:13.5pt\"><span style=\"font-family:&quot;Times New Roman&quot;\"><strong><u><span style=\"color:#2980b9\">Mục ti&ecirc;u:</span></u></strong>&nbsp;<span style=\"background-color:white\">Hướng dẫn lập tr&igrave;nh lựa chọn khi bắt đầu, v&agrave; lập tr&igrave;nh điều khiển m&aacute;y bay</span></span></span></p>\r\n\r\n<p style=\"margin-left:0in; margin-right:0in\"><span style=\"font-size:13.5pt\"><span style=\"font-family:&quot;Times New Roman&quot;\"><strong><u><span style=\"color:#27ae60\">Y&ecirc;u cầu đầu ra:</span></u></strong> Học vi&ecirc;n lập tr&igrave;nh được lựa chọn khi bắt đầu v&agrave; lập tr&igrave;nh được điều khiển m&aacute;y bay</span></span></p>\r\n\r\n<p style=\"margin-left:0in; margin-right:0in\"><span style=\"font-size:13.5pt\"><span style=\"font-family:&quot;Times New Roman&quot;\"><strong><u><span style=\"color:#16a085\">M&ocirc; tả:</span></u></strong><span style=\"font-size:18px\">&nbsp;</span></span></span><span style=\"font-size:18px\"><span style=\"background-color:white\"><span style=\"font-family:&quot;Times New Roman&quot;,serif\">Hoạt động HƯỚNG DẪN TỰ HỌC sẽ gồm c&oacute;</span></span> <span style=\"background-color:white\"><span style=\"font-family:&quot;Times New Roman&quot;,serif\">1 bản pdf hướng dẫn chi tiết v&agrave; 1 b&agrave;i giảng tương t&aacute;c gợi &yacute; tự học</span></span></span></p>\r\n','<p><span style=\"font-size:18px\"><span style=\"background-color:white\"><span style=\"font-family:&quot;Times New Roman&quot;,serif\">Hướng dẫn lập tr&igrave;nh tạo <span style=\"color:black\">c&aacute;c h&agrave;ng vật</span> v&agrave; lập tr&igrave;nh c&aacute;c vật cản xuất hiện li&ecirc;n tục.</span></span></span></p>\r\n','/media/unzip/Huong_dan_bai_8/story_flash.html /media/Lap_trinh_lua_chon_khi_bat_dau.pdf ',1,'',6,7,52,NULL),(120,'Sản phẩm','2019-04-28 16:15:58.733928','2019-04-29 10:16:10.930569',10,1,'<p style=\"margin-left:0in; margin-right:0in\"><span style=\"font-size:18px\"><span style=\"font-family:&quot;Times New Roman&quot;\"><span style=\"background-color:white\">C&aacute;ch nộp: C&aacute;c em tạo&nbsp;folder: Tuhoc_HoTen v&agrave; lưu b&agrave;i v&agrave;o folder n&agrave;y</span></span></span></p>\r\n\r\n<p style=\"margin-left:0in; margin-right:0in\"><span style=\"font-size:18px\"><span style=\"font-family:&quot;Times New Roman&quot;\"><span style=\"background-color:white\">Lưu &yacute;: C&aacute;c em kh&ocirc;ng được x&oacute;a b&agrave;i của c&aacute;c bạn kh&aacute;c.</span></span></span></p>\r\n','<p><span style=\"font-size:18px\"><span style=\"font-family:&quot;Times New Roman&quot;\"><span style=\"background-color:white\">C&aacute;c em sẽ nộp b&agrave;i v&agrave;o link drive: </span><a href=\"https://drive.google.com/open?id=1kdqJcaXDdhuXokuDCsXKLUmzAsFMD6nZ\">Link</a></span></span></p>\r\n','',1,'',6,1,53,NULL),(121,'Hướng dẫn tự học','2019-04-28 16:25:14.411432','2019-04-29 10:16:25.232895',30,1,'<p><span style=\"font-family:Times New Roman,Times,serif\"><span style=\"font-size:18px\"><span style=\"color:#2980b9\"><strong><u>Mục ti&ecirc;u:</u></strong></span>&nbsp;Hướng dẫn học vi&ecirc;n lập tr&igrave;nh vật cản cho tr&ograve; chơi</span></span></p>\r\n\r\n<p><span style=\"font-family:Times New Roman,Times,serif\"><span style=\"font-size:18px\"><span style=\"color:#27ae60\"><strong><u>Y&ecirc;u cầu đầu ra:</u></strong></span> Học vi&ecirc;n lập tr&igrave;nh vật cản cho tr&ograve; chơi</span></span></p>\r\n\r\n<p><span style=\"font-family:Times New Roman,Times,serif\"><span style=\"font-size:18px\"><span style=\"color:#16a085\"><strong><u>M&ocirc; tả:</u></strong></span>&nbsp;Ở trong chủ để n&agrave;y sẽ c&oacute; 2 nh&oacute;m hoạt động: Hướng dẫn tự học v&agrave; Sản phẩm của em</span></span></p>\r\n','<p><span style=\"font-family:Times New Roman,Times,serif\"><span style=\"font-size:18px\"><span style=\"background-color:white\">Hướng dẫn lập tr&igrave;nh tạo c&aacute;c h&agrave;ng vật v&agrave; lập tr&igrave;nh c&aacute;c vật cản xuất hiện li&ecirc;n tục.</span></span></span></p>\r\n','/media/unzip/Bai_9/story_flash.html /media/Lap_trinh_vat_can_xuat_hien.pdf ',1,'',6,7,54,NULL),(122,'Sản phẩm','2019-04-28 16:27:21.475244','2019-04-29 10:16:36.092261',10,1,'<p style=\"margin-left:0in; margin-right:0in\"><span style=\"font-size:18px\"><span style=\"font-family:&quot;Times New Roman&quot;\"><span style=\"background-color:white\">C&aacute;ch nộp: C&aacute;c em nộp b&agrave;i v&agrave;o folder: Tuhoc_HoTen m&agrave; c&aacute;c em đ&atilde; tạo ở chủ để 8</span></span></span></p>\r\n\r\n<p style=\"margin-left:0in; margin-right:0in\"><span style=\"font-size:18px\"><span style=\"font-family:&quot;Times New Roman&quot;\"><span style=\"background-color:white\">Lưu &yacute;: C&aacute;c em kh&ocirc;ng được x&oacute;a b&agrave;i của c&aacute;c bạn kh&aacute;c.</span></span></span></p>\r\n','<p><span style=\"font-size:18px\"><span style=\"font-family:&quot;Times New Roman&quot;\"><span style=\"background-color:white\">C&aacute;c em sẽ nộp b&agrave;i v&agrave;o link drive: </span><a href=\"https://drive.google.com/open?id=1kdqJcaXDdhuXokuDCsXKLUmzAsFMD6nZ\">Link</a></span></span></p>\r\n','',1,'',6,1,56,NULL),(123,'Hướng dẫn tự học','2019-04-28 16:32:36.029999','2019-04-29 10:16:47.433634',30,1,'<p style=\"margin-left:0in; margin-right:0in\"><span style=\"font-size:13.5pt\"><span style=\"font-family:&quot;Times New Roman&quot;\"><strong><u><span style=\"color:#2980b9\">Mục ti&ecirc;u:</span></u></strong>&nbsp;<span style=\"background-color:white\">Hướng dẫn lập tr&igrave;nh điểm v&agrave; thời gian cho tr&ograve; chơi m&aacute;y bay n&eacute; tr&aacute;nh</span></span></span></p>\r\n\r\n<p style=\"margin-left:0in; margin-right:0in\"><span style=\"font-size:13.5pt\"><span style=\"font-family:&quot;Times New Roman&quot;\"><strong><u><span style=\"color:#27ae60\">Y&ecirc;u cầu đầu ra:</span></u></strong> Học vi&ecirc;n lập tr&igrave;nh được&nbsp;<span style=\"background-color:white\">điểm v&agrave; thời gian cho tr&ograve; chơi m&aacute;y bay n&eacute; tr&aacute;nh</span></span></span></p>\r\n\r\n<p style=\"margin-left:0in; margin-right:0in\"><span style=\"font-size:13.5pt\"><span style=\"font-family:&quot;Times New Roman&quot;\"><strong><u><span style=\"color:#16a085\">M&ocirc; tả:</span></u></strong>&nbsp;<span style=\"background-color:white\">Ở trong chủ để n&agrave;y sẽ c&oacute; 2 nh&oacute;m hoạt động: Hướng dẫn tự học v&agrave; Sản phẩm của em</span></span></span></p>\r\n','<p><span style=\"font-size:18px\"><span style=\"background-color:white\"><span style=\"font-family:&quot;Times New Roman&quot;,serif\">Hướng dẫn lập tr&igrave;nh điểm v&agrave; thời gian cho tr&ograve; chơi m&aacute;y bay n&eacute; tr&aacute;nh</span></span></span></p>\r\n','/media/unzip/Bai_10/story_flash.html /media/Lap_trinh_tinh_diem_va_nhien_lieu.pdf ',1,'',6,7,62,NULL),(124,'Người Bạn Mới Quen','2019-04-28 16:33:01.292483','2019-04-28 16:33:01.292489',1,1,'<p style=\"text-align:justify\"><span style=\"font-size:20px\"><span style=\"color:#e74c3c\"><strong>C&ugrave;ng nhau t&igrave;m hiểu về Stencyl th&ocirc;ng qua c&aacute;c đoạn Video clip bạn nh&eacute;!</strong></span></span></p>\r\n','<p style=\"text-align:justify\"><strong><span style=\"font-size:20px\"><span style=\"color:#16a085\">Với tốc độ ph&aacute;t triển như vũ b&atilde;o ng&agrave;y nay, c&aacute;c c&ocirc;ng cụ mới thậm ch&iacute; đ&atilde; cho ph&eacute;p lập tr&igrave;nh vi&ecirc;n l&agrave;m được game tr&ecirc;n nền Flash. V&agrave; c&ocirc;ng cụ đ&oacute; c&oacute; t&ecirc;n gọi l&agrave; Stencyl, dựa tr&ecirc;n dự &aacute;n Scratch của Học viện kỹ thuật Massachuset, Mỹ.</span></span></strong><br />\r\n&nbsp;</p>\r\n','https://www.youtube.com/embed/d2pXvAP-MMA',1,'',5,3,61,NULL),(125,'Sản phẩm','2019-04-28 16:33:30.760492','2019-04-29 10:16:59.771024',10,1,'<p style=\"margin-left:0in; margin-right:0in\"><span style=\"font-size:18px\"><span style=\"font-family:&quot;Times New Roman&quot;\"><span style=\"background-color:white\">C&aacute;ch nộp: C&aacute;c em nộp b&agrave;i v&agrave;o folder: Tuhoc_HoTen m&agrave; c&aacute;c em đ&atilde; tạo ở chủ để 8</span></span></span></p>\r\n\r\n<p style=\"margin-left:0in; margin-right:0in\"><span style=\"font-size:18px\"><span style=\"font-family:&quot;Times New Roman&quot;\"><span style=\"background-color:white\">Lưu &yacute;: C&aacute;c em kh&ocirc;ng được x&oacute;a b&agrave;i của c&aacute;c bạn kh&aacute;c.</span></span></span></p>\r\n','<p><span style=\"font-size:18px\"><span style=\"font-family:&quot;Times New Roman&quot;\"><span style=\"background-color:white\">C&aacute;c em sẽ nộp b&agrave;i v&agrave;o link drive: </span><a href=\"https://drive.google.com/open?id=1kdqJcaXDdhuXokuDCsXKLUmzAsFMD6nZ\">Link</a></span></span></p>\r\n','',1,'',6,1,63,NULL),(126,'Hướng Dẫn Cài Đặt','2019-04-28 16:35:10.733747','2019-04-28 16:35:10.733753',1,1,'<p><strong><span style=\"color:#16a085\"><span style=\"font-size:20px\">H&atilde;y c&ugrave;ng nhau theo d&otilde;i Video Clip Sau để biết c&aacute;ch Download v&agrave; c&agrave;i đặt Stencyl bạn nh&eacute;!</span></span></strong></p>\r\n','<p><strong><span style=\"color:#16a085\"><span style=\"font-size:20px\">H&atilde;y c&ugrave;ng nhau theo d&otilde;i Video Clip Sau để biết c&aacute;ch Download v&agrave; c&agrave;i đặt Stencyl bạn nh&eacute;!</span></span></strong></p>\r\n','https://www.youtube.com/embed/75Psj-xNVPU',2,'',5,3,61,NULL),(127,'Giới Thiệu Về Tynker ','2019-04-28 16:36:46.832324','2019-04-29 04:49:20.614936',2,1,'<p style=\"text-align:center\"><img alt=\"\" src=\"/media/2019/04/27/banner.png\" style=\"height:311px; width:600px\" /></p>\r\n\r\n<p style=\"text-align:justify\"><strong><span style=\"color:#e74c3c\"><span style=\"font-size:20px\"><span style=\"font-family:Times New Roman,Times,serif\"><em>&ldquo;Giới Thiệu Về&nbsp;Tynker&rdquo;</em> l&agrave; hoạt động xem video. Th&ocirc;ng qua đoạn video n&agrave;y, ch&uacute;ng ta sẽ c&oacute; c&aacute;i nh&igrave;n tổng quan về chủ đề v&agrave; nắm r&otilde; một số mảng kiến thức quan trọng của Tynker như: Nh&acirc;n vật trong Tynker, S&acirc;n khấu trong Tynker, Kh&ocirc;i lệnh trong Tynker v&agrave; &Acirc;m thanh trong Tynker. Ngo&agrave;i ra, ch&uacute;ng ta c&ograve;n tiếp thu th&ecirc;m những nội dung kiến thức li&ecirc;n quan.</span></span></span></strong></p>\r\n','<p style=\"text-align:center\"><img alt=\"\" src=\"/media/2019/04/29/picture31.png\" style=\"height:338px; width:600px\" /></p>\r\n\r\n<p style=\"text-align:center\"><span style=\"font-size:36px\"><span style=\"font-family:Times New Roman,Times,serif\"><span style=\"color:#2980b9\"><strong>GIỚI THIỆU VỀ TYNKER</strong></span></span></span></p>\r\n\r\n<p style=\"text-align:justify\"><span style=\"font-family:Times New Roman,Times,serif\"><strong><span style=\"font-size:20px\"><span style=\"color:#e74c3c\">A. Mục ti&ecirc;u hoạt động</span></span></strong></span></p>\r\n\r\n<p style=\"text-align:justify\"><span style=\"color:#d35400\"><span style=\"font-family:Times New Roman,Times,serif\"><span style=\"font-size:20px\">-&nbsp;C&aacute;c b&agrave;i học STEM của Tynker cho ph&eacute;p bạn thực hiện c&aacute;c dự &aacute;n&nbsp;trong bất kỳ trường hợp&nbsp;n&agrave;o! Khi học sinh&nbsp;c&oacute; kỹ năng lập tr&igrave;nh&nbsp;/ kỹ năng tạo tr&ograve; chơi&nbsp;cơ bản, c&aacute;c b&agrave;i học STEM của Tynker cho ph&eacute;p bạn thực hiện việc viết ra c&aacute;c tr&ograve; chơi&nbsp;ở mọi l&uacute;c&nbsp;v&agrave; mọi nơi.&nbsp;</span></span></span></p>\r\n\r\n<p style=\"text-align:justify\"><span style=\"font-family:Times New Roman,Times,serif\"><strong><span style=\"font-size:20px\"><span style=\"color:#e74c3c\">B. Video b&agrave;i giảng</span></span></strong></span></p>\r\n','https://www.youtube.com/embed/WmYxDIIKr5k',1,'',7,3,57,NULL),(128,'Ôn tập','2019-04-28 16:39:00.923210','2019-04-29 10:17:17.942475',30,1,'<p><span style=\"font-size:18px\"><span style=\"background-color:white\"><span style=\"font-family:&quot;Times New Roman&quot;,serif\">C&aacute;c em tải file pdf về <span style=\"color:black\">để&nbsp;&ocirc;n</span> tập lại kiến thức to&agrave;n kh&oacute;a học. Sau khi &ocirc;n tập c&aacute;c em <span style=\"color:black\">sẽ sang chủ để</span> 12: Kiểm tra <span style=\"color:black\">để kiểm tra</span> lại kiến thức của m&igrave;nh.</span></span></span></p>\r\n','<p><span style=\"font-size:18px\"><span style=\"background-color:white\"><span style=\"font-family:&quot;Times New Roman&quot;,serif\">&Ocirc;n tập kiến thức to&agrave;n kh&oacute;a học.</span></span></span></p>\r\n','/media/On_tap.pdf',1,'',6,2,64,NULL),(129,'Kiểm tra','2019-04-28 16:42:09.122359','2019-04-28 16:42:09.122364',60,1,'<p><span style=\"font-size:18px\"><span style=\"background-color:white\"><span style=\"font-family:&quot;Times New Roman&quot;,serif\">C&aacute;c em sẽ c&oacute; 60 ph&uacute;t <span style=\"color:black\">để kiểm tra</span>. Lưu &yacute;: C&oacute; tất cả 25 c&acirc;u, nếu c&aacute;c em trả lời sai 1 c&acirc;u sẽ phải l&agrave;m lại từ đầu</span></span></span></p>\r\n','','/media/unzip/Kiem_tra_trac_nghiem/story_flash.html',1,'',6,4,66,NULL),(130,'Khối Lệnh Trong Tynker','2019-04-28 16:45:49.098262','2019-04-29 06:02:37.185383',60,1,'<p style=\"text-align:center\"><img alt=\"\" src=\"/media/2019/04/27/banner.png\" style=\"height:311px; width:600px\" /></p>\r\n\r\n<p style=\"text-align:justify\"><strong><span style=\"color:#e74c3c\"><span style=\"font-size:20px\"><span style=\"font-family:Times New Roman,Times,serif\"><em>&quot;Khối lệnh trong Tynker&quot;&nbsp;</em>l&agrave; tập hợp c&aacute;c đoạn video ngắn giới thiệu những c&ocirc;ng cụ ch&iacute;nh để lập tr&igrave;nh c&aacute;c đối tượng nh&acirc;n vật theo &yacute; muốn của c&aacute;c em. Đ&oacute; l&agrave; c&aacute;c thẻ lệnh hỗ trợ việc lập tr&igrave;nh, c&ugrave;ng với đ&oacute; l&agrave; c&aacute;c c&acirc;u lệnh tương ứng. Đặc biệt, ở mỗi thẻ lệnh, c&acirc;u lệnh đều sẽ c&oacute; m&agrave;u sắc ri&ecirc;ng ứng với đặc trưng của ch&uacute;ng. Kh&oacute;a học sẽ giới thiệu đến c&aacute;c em những thẻ lệnh ch&iacute;nh sau đ&acirc;y: Motion, Looks, Sound v&agrave; Pen. </span></span></span></strong></p>\r\n','<p style=\"text-align:center\"><img alt=\"\" src=\"/media/2019/04/29/pqcyc4yvqrdozhnkf6_6edl72ejkfbmt4t8yenimkbvvk0ktmf0xjctabnaljim9.jpg\" style=\"height:244px; width:467px\" /></p>\r\n\r\n<p style=\"text-align:center\"><span style=\"color:#2980b9\"><strong><span style=\"font-size:36px\"><span style=\"font-family:Times New Roman,Times,serif\">KHỐI LỆNH TRONG TYNKER</span></span></strong></span></p>\r\n\r\n<p style=\"text-align:justify\"><span style=\"color:#e74c3c\"><span style=\"font-family:Times New Roman,Times,serif\"><span style=\"font-size:20px\"><strong>A. Mục ti&ecirc;u hoạt động</strong></span></span></span></p>\r\n\r\n<p style=\"text-align:justify\"><span style=\"color:#d35400\"><span style=\"font-size:20px\"><span style=\"font-family:Times New Roman,Times,serif\">1- Hiểu được kh&aacute;i niệm khối lệnh trong Tynker l&agrave; g&igrave;.</span></span></span></p>\r\n\r\n<p style=\"text-align:justify\"><span style=\"color:#d35400\"><span style=\"font-size:20px\"><span style=\"font-family:Times New Roman,Times,serif\">2- Nhận biết được một số đặc điểm tổng qu&aacute;t về khối lệnh trong&nbsp;Tynker.</span></span></span></p>\r\n\r\n<p style=\"text-align:justify\"><span style=\"color:#d35400\"><span style=\"font-size:20px\"><span style=\"font-family:Times New Roman,Times,serif\">3- Biết so s&aacute;nh v&agrave; ph&acirc;n loại c&aacute;c khối lệnh trong&nbsp;Tynker.</span></span></span></p>\r\n\r\n<p style=\"text-align:justify\"><span style=\"color:#d35400\"><span style=\"font-size:20px\"><span style=\"font-family:Times New Roman,Times,serif\">4- Th&agrave;nh thạo c&aacute;c thao t&aacute;c xử l&yacute; đối với khối lệnh.</span></span></span></p>\r\n\r\n<p style=\"text-align:justify\"><span style=\"color:#e74c3c\"><span style=\"font-family:Times New Roman,Times,serif\"><span style=\"font-size:20px\"><strong>B. Video b&agrave;i giảng</strong></span></span></span></p>\r\n\r\n<p><span style=\"color:#d35400\"><span style=\"font-family:Times New Roman,Times,serif\"><span style=\"font-size:20px\"><strong>Thẻ lệnh Motion:</strong></span></span></span></p>\r\n\r\n<p><em><span style=\"color:#d35400\"><span style=\"font-family:Times New Roman,Times,serif\"><span style=\"font-size:20px\"><strong>Phần 1</strong></span></span></span></em></p>\r\n\r\n<p><iframe frameborder=\"0\" src=\"https://www.youtube.com/embed/4QoTXrLQ-h0\" style=\"width:100%; height:500px\"></iframe></p>\r\n\r\n<p><span style=\"color:#d35400\"><span style=\"font-size:20px\"><span style=\"font-family:Times New Roman,Times,serif\"><strong><em>Phần 2</em></strong></span></span></span></p>\r\n\r\n<p><iframe frameborder=\"0\" src=\"https://www.youtube.com/embed/E_7MtLatW6Q\" style=\"width:100%; height:500px\"></iframe></p>\r\n\r\n<p><strong><span style=\"color:#d35400\"><span style=\"font-size:20px\"><span style=\"font-family:Times New Roman,Times,serif\">Thẻ lệnh Sound:</span></span></span></strong></p>\r\n\r\n<p><em><strong><span style=\"color:#d35400\"><span style=\"font-size:20px\"><span style=\"font-family:Times New Roman,Times,serif\">Phần 1</span></span></span></strong></em></p>\r\n\r\n<p><iframe frameborder=\"0\" src=\"https://www.youtube.com/embed/JbAmyAsDnag\" style=\"width:100%; height:500px\"></iframe></p>\r\n\r\n<p><em><strong><span style=\"color:#d35400\"><span style=\"font-size:20px\"><span style=\"font-family:Times New Roman,Times,serif\">Phần 2</span></span></span></strong></em></p>\r\n\r\n<p><iframe frameborder=\"0\" src=\"https://www.youtube.com/embed/OTNgAtxpREE\" style=\"width:100%; height:500px\"></iframe></p>\r\n\r\n<p><strong><span style=\"color:#d35400\"><span style=\"font-size:20px\"><span style=\"font-family:Times New Roman,Times,serif\">Thẻ lệnh Looks:</span></span></span></strong></p>\r\n\r\n<p><em><strong><span style=\"color:#d35400\"><span style=\"font-size:20px\"><span style=\"font-family:Times New Roman,Times,serif\">Phần 1</span></span></span></strong></em></p>\r\n\r\n<p><iframe frameborder=\"0\" src=\"https://www.youtube.com/embed/mDMSTakLE9w\" style=\"width:100%; height:500px\"></iframe></p>\r\n\r\n<p><em><strong><span style=\"color:#d35400\"><span style=\"font-size:20px\"><span style=\"font-family:Times New Roman,Times,serif\">Phần 2</span></span></span></strong></em></p>\r\n\r\n<p><iframe frameborder=\"0\" src=\"https://www.youtube.com/embed/xU1Q8oxUZBc\" style=\"width:100%; height:500px\"></iframe></p>\r\n\r\n<p><strong><span style=\"color:#d35400\"><span style=\"font-size:20px\"><span style=\"font-family:Times New Roman,Times,serif\">Thẻ lệnh Pen:</span></span></span></strong></p>\r\n\r\n<p><em><strong><span style=\"color:#d35400\"><span style=\"font-size:20px\"><span style=\"font-family:Times New Roman,Times,serif\">Phần 1</span></span></span></strong></em></p>\r\n\r\n<p><iframe frameborder=\"0\" src=\"https://www.youtube.com/embed/hbFQVtunypQ\" style=\"width:100%; height:500px\"></iframe></p>\r\n\r\n<p><em><strong><span style=\"color:#d35400\"><span style=\"font-size:20px\"><span style=\"font-family:Times New Roman,Times,serif\">Phần 2</span></span></span></strong></em></p>\r\n','https://www.youtube.com/embed/CwwQRjRT3Ts',1,'',7,3,58,154),(131,'Bí Kiếp Tạo Game','2019-04-28 16:45:53.600816','2019-04-28 16:45:53.600822',1,1,'<p style=\"text-align:justify\"><span style=\"color:#16a085\"><span style=\"font-size:20px\"><strong>Nhờ giao diện th&acirc;n thiện, bất cứ ai cũng c&oacute; thể tạo game nền Flash từ c&ocirc;ng cụ n&agrave;y.&nbsp;</strong></span></span></p>\r\n','<p style=\"text-align:justify\"><span style=\"color:#16a085\"><span style=\"font-size:20px\"><strong>Nhờ giao diện th&acirc;n thiện, bất cứ ai cũng c&oacute; thể tạo game nền Flash từ c&ocirc;ng cụ n&agrave;y. Hơn thế nữa, bạn c&oacute; thể tải n&oacute; ho&agrave;n to&agrave;n miễn ph&iacute; từ Internet, t&iacute;ch hợp cho cả hệ điều h&agrave;nh Mac lẫn Windows. Ở hoạt động n&agrave;y, c&aacute;c bạn sẽ đọc t&agrave;i liệu từ file pdf m&agrave; ch&uacute;ng t&ocirc;i cung cấp.</strong></span></span></p>\r\n\r\n<p style=\"text-align:justify\"><span style=\"color:#e74c3c\"><span style=\"font-size:20px\"><strong>Lưu &Yacute;: Đ&acirc;y l&agrave; hoạt động học tập bắt buộc, kh&ocirc;ng t&iacute;nh điểm.</strong></span></span></p>\r\n','/media/Lesson1-TeachersGuide.pdf',1,'',5,2,65,NULL),(132,'Đề bài','2019-04-28 16:48:30.224288','2019-04-29 10:17:43.990536',5,1,'<p><span style=\"font-size:18px\"><span style=\"background-color:white\"><span style=\"font-family:&quot;Times New Roman&quot;,serif\">Đề b&agrave;i:&nbsp;C&aacute;c bạn đ&atilde; từng được chơi tr&ograve; chơi &ldquo;C&aacute; lớn ăn c&aacute; b&eacute;&rdquo;. C&aacute;c bạn h&atilde;y thiết kế một tr&ograve; chơi tương tự <span style=\"color:black\">như tr&ograve;</span> &ldquo;C&aacute; lớn ăn c&aacute; b&eacute;&rdquo; <span style=\"color:black\">bằng Alice</span></span></span></span></p>\r\n','','',1,'',6,1,67,NULL),(133,'Mắt Thấy Tai Nghe','2019-04-28 16:49:09.407563','2019-04-28 16:53:37.234363',1,1,'<p style=\"text-align:justify\"><span style=\"color:#16a085\"><span style=\"font-size:20px\"><strong>Nhờ giao diện th&acirc;n thiện, bất cứ ai cũng c&oacute; thể tạo game nền Flash từ c&ocirc;ng cụ n&agrave;y. Hơn thế nữa, bạn c&oacute; thể tải n&oacute; ho&agrave;n to&agrave;n miễn ph&iacute; từ Internet, t&iacute;ch hợp cho cả hệ điều h&agrave;nh Mac lẫn Windows.&nbsp;</strong></span></span></p>\r\n','<p style=\"text-align:justify\"><span style=\"color:#16a085\"><span style=\"font-size:20px\"><strong>Nhờ giao diện th&acirc;n thiện, bất cứ ai cũng c&oacute; thể tạo game nền Flash từ c&ocirc;ng cụ n&agrave;y. Hơn thế nữa, bạn c&oacute; thể tải n&oacute; ho&agrave;n to&agrave;n miễn ph&iacute; từ Internet, t&iacute;ch hợp cho cả hệ điều h&agrave;nh Mac lẫn Windows.&nbsp;</strong></span></span></p>\r\n','https://www.youtube.com/embed/g3aUqxhnekk',2,'',5,3,65,NULL),(134,'Hướng dẫn và yêu cầu đánh giá','2019-04-28 16:49:55.992656','2019-04-29 10:17:54.117712',10,1,'<p><span style=\"font-size:18px\"><span style=\"background-color:white\"><span style=\"font-family:&quot;Times New Roman&quot;,serif\">Hướng dẫn c&aacute;c em c&aacute;ch nộp b&agrave;i, h&igrave;nh thức chấm b&agrave;i</span></span></span></p>\r\n','','/media/Do_an.pdf',2,'',6,2,67,NULL),(135,'Nhân Vật Trong Tynker ','2019-04-28 16:50:13.174016','2019-04-29 06:02:32.051166',25,1,'<p style=\"text-align:center\"><img alt=\"\" src=\"/media/2019/04/27/banner.png\" style=\"height:311px; width:600px\" /></p>\r\n\r\n<p style=\"text-align:justify\"><strong><span style=\"color:#e74c3c\"><span style=\"font-size:20px\"><span style=\"font-family:Times New Roman,Times,serif\"><em>&quot;Nh&acirc;n vật trong Tynker&quot;</em></span></span></span></strong><span style=\"font-size:14.0pt\"><span style=\"font-family:&quot;Times New Roman&quot;,serif\"><strong><span style=\"color:#e74c3c\"><span style=\"font-size:20px\"><span style=\"font-family:Times New Roman,Times,serif\">&nbsp;l&agrave; tập hợp c&aacute;c đoạn video ngắn giới thiệu đến c&aacute;c em th&agrave;nh phần ch&iacute;nh trong dự &aacute;n của ch&uacute;ng ta. Đ&oacute; l&agrave; c&aacute;c nh&acirc;n vật&nbsp; - đối tượng ch&iacute;nh để c&aacute;c em h&igrave;nh th&agrave;nh n&ecirc;n dự &aacute;n của m&igrave;nh. C&oacute; hai c&aacute;ch thức để c&oacute; được nh&acirc;n vật hoạt h&igrave;nh: tự tạo ra hoặc t&igrave;m kiếm những nh&acirc;n vật c&oacute; sẵn được cung cấp bởi hệ thống.</span></span></span></strong> </span></span></p>\r\n','<p style=\"text-align:center\"><img alt=\"\" src=\"/media/2019/04/29/picture32.jpg\" style=\"height:244px; width:467px\" /></p>\r\n\r\n<p style=\"text-align:center\"><span style=\"color:#2980b9\"><span style=\"font-size:36px\"><span style=\"font-family:Times New Roman,Times,serif\"><strong>NH&Acirc;N VẬT TRONG TYNKER</strong></span></span></span></p>\r\n\r\n<p style=\"text-align:justify\"><span style=\"color:#e74c3c; font-family:Times New Roman,Times,serif\"><span style=\"font-size:20px\"><strong>A. Mục ti&ecirc;u hoạt động</strong></span></span></p>\r\n\r\n<p><span style=\"color:#d35400\"><span style=\"font-size:20px\"><span style=\"font-family:Times New Roman,Times,serif\">1- Hiểu được kh&aacute;i niệm đối tượng trong Tynker l&agrave; g&igrave;.</span></span></span></p>\r\n\r\n<p><span style=\"color:#d35400\"><span style=\"font-size:20px\"><span style=\"font-family:Times New Roman,Times,serif\">2- Ph&acirc;n biệt được một số đặc điểm của đối tượng trong&nbsp;Tynker.</span></span></span></p>\r\n\r\n<p><span style=\"color:#d35400\"><span style=\"font-size:20px\"><span style=\"font-family:Times New Roman,Times,serif\">3- Th&agrave;nh thạo c&aacute;c thao t&aacute;c xử l&yacute; đối tượng&nbsp;trong Tynker.</span></span></span></p>\r\n\r\n<p style=\"text-align:justify\"><span style=\"color:#e74c3c; font-family:Times New Roman,Times,serif\"><span style=\"font-size:20px\"><strong>B. Video b&agrave;i giảng</strong></span></span></p>\r\n\r\n<p><strong><span style=\"color:#d35400\"><span style=\"font-size:20px\"><span style=\"font-family:Times New Roman,Times,serif\">Phần 1</span></span></span></strong></p>\r\n\r\n<p><iframe frameborder=\"0\" src=\"https://www.youtube.com/embed/df4207KxWaI\" style=\"width:100%; height:500px\"></iframe></p>\r\n\r\n<p><span style=\"color:#d35400\"><span style=\"font-size:20px\"><span style=\"font-family:Times New Roman,Times,serif\"><strong>Phần 2</strong></span></span></span></p>\r\n\r\n<p><iframe frameborder=\"0\" src=\"https://www.youtube.com/embed/zewbJ0LHnFk\" style=\"width:100%; height:500px\"></iframe></p>\r\n\r\n<p><span style=\"color:#d35400\"><span style=\"font-size:20px\"><span style=\"font-family:Times New Roman,Times,serif\"><strong>Phần 3</strong></span></span></span></p>\r\n','https://www.youtube.com/embed/ywY29e8G5II',3,'',7,3,58,154),(136,'Đồ án khác','2019-04-28 16:51:14.736103','2019-04-29 10:17:30.536100',15,1,'<p><span style=\"font-size:18px\"><span style=\"background-color:white\"><span style=\"font-family:&quot;Times New Roman&quot;,serif\">C&aacute;c em <span style=\"color:black\">xem c&aacute;c</span> đồ &aacute;n kh&aacute;c b&ecirc;n trong file pdf</span></span></span></p>\r\n','','/media/Do_an_khac.pdf',1,'',6,2,68,NULL),(137,'Thuật Toán Trong Stencyl','2019-04-28 16:51:26.539065','2019-04-28 16:51:26.539070',1,1,'<p style=\"text-align:justify\"><strong><span style=\"color:#16a085\"><span style=\"font-size:20px\">Introduce students to &ldquo;logical thinking&rdquo; through programming. Students will learn the following concepts:&nbsp;<br />\r\n● How do computers work?</span></span></strong></p>\r\n\r\n<p style=\"text-align:justify\"><strong><span style=\"color:#16a085\"><span style=\"font-size:20px\">● Control Flow (how a program runs) </span></span></strong></p>\r\n\r\n<p style=\"text-align:justify\"><strong><span style=\"color:#16a085\"><span style=\"font-size:20px\">● Conditionals (if, else, else-if, boolean statements) </span></span></strong></p>\r\n\r\n<p style=\"text-align:justify\"><strong><span style=\"color:#16a085\"><span style=\"font-size:20px\">● Logical Operators (equals, and, or, not)&nbsp;<br />\r\n&nbsp;<br />\r\n&nbsp;</span></span></strong></p>\r\n','<p style=\"text-align:justify\"><strong><span style=\"color:#16a085\"><span style=\"font-size:20px\">Introduce students to &ldquo;logical thinking&rdquo; through programming. Students will learn the following concepts:&nbsp;<br />\r\n● How do computers work?</span></span></strong></p>\r\n\r\n<p style=\"text-align:justify\"><strong><span style=\"color:#16a085\"><span style=\"font-size:20px\">● Control Flow (how a program runs) </span></span></strong></p>\r\n\r\n<p style=\"text-align:justify\"><strong><span style=\"color:#16a085\"><span style=\"font-size:20px\">● Conditionals (if, else, else-if, boolean statements) </span></span></strong></p>\r\n\r\n<p style=\"text-align:justify\"><strong><span style=\"color:#16a085\"><span style=\"font-size:20px\">● Logical Operators (equals, and, or, not)&nbsp;<br />\r\n&nbsp;<br />\r\n&nbsp;</span></span></strong></p>\r\n','/media/Lesson2-TeachersGuide.pdf',3,'',5,2,65,NULL),(138,'Vòng Tròn Sự Kiện','2019-04-28 16:52:49.244681','2019-04-28 16:52:49.244686',1,1,'<p style=\"text-align:justify\"><strong><span style=\"color:#16a085\"><span style=\"font-size:20px\">Students will apply the concepts they have learned by adding the following functionality to an existing game:&nbsp;<br />\r\n● Adding collectible items. </span></span></strong></p>\r\n\r\n<p style=\"text-align:justify\"><strong><span style=\"color:#16a085\"><span style=\"font-size:20px\">● Drawing a score to the screen.&nbsp;</span></span></strong></p>\r\n','<p style=\"text-align:justify\"><strong><span style=\"color:#16a085\"><span style=\"font-size:20px\">Students will apply the concepts they have learned by adding the following functionality to an existing game:&nbsp;<br />\r\n● Adding collectible items. </span></span></strong></p>\r\n\r\n<p style=\"text-align:justify\"><strong><span style=\"color:#16a085\"><span style=\"font-size:20px\">● Drawing a score to the screen.&nbsp;</span></span></strong></p>\r\n','/media/Lesson3-TeachersGuide.pdf',4,'',5,2,65,NULL),(139,'Biến Đếm Ngộ Nghĩnh','2019-04-28 16:55:27.453560','2019-04-28 16:55:27.453566',1,1,'<p style=\"text-align:justify\"><strong><span style=\"color:#16a085\"><span style=\"font-size:20px\">Introduce students to (local) variables and promote principles of good coding. Students will learn the following concepts.&nbsp;Students will take an existing behavior and modify it, so that it can be more easily reused across the game, thereby promoting good coding habits.&nbsp;<br />\r\n&nbsp;<br />\r\n&nbsp;</span></span></strong></p>\r\n','<p style=\"text-align:justify\"><strong><span style=\"color:#16a085\"><span style=\"font-size:20px\">Introduce students to (local) variables and promote principles of good coding. Students will learn the following concepts.&nbsp;Students will take an existing behavior and modify it, so that it can be more easily reused across the game, thereby promoting good coding habits.&nbsp;<br />\r\n&nbsp;<br />\r\n&nbsp;</span></span></strong></p>\r\n','/media/Lesson4-TeachersGuide.pdf',5,'',5,2,65,NULL),(140,'Sân Khấu Trong Tynker ','2019-04-28 17:13:12.867587','2019-04-29 06:02:26.915103',25,1,'<p style=\"text-align:center\"><img alt=\"\" src=\"/media/2019/04/27/banner.png\" style=\"height:311px; width:600px\" /></p>\r\n\r\n<p style=\"text-align:justify\"><strong><span style=\"color:#e74c3c\"><span style=\"font-size:20px\"><span style=\"font-family:Times New Roman,Times,serif\">Sau khi ho&agrave;n th&agrave;nh sản phẩm lập tr&igrave;nh, &ldquo;<em>S&acirc;n khấu trong Tynker&rdquo; </em>l&agrave; nơi để c&aacute;c nh&agrave; lập tr&igrave;nh nh&iacute; tr&igrave;nh b&agrave;y, ra mắt sản phẩm của m&igrave;nh. Tại đ&acirc;y, c&aacute;c em được ph&eacute;p tr&igrave;nh b&agrave;y tất cả những g&igrave; c&aacute;c em l&agrave;m được từ những bước tr&ecirc;n. </span></span></span></strong></p>\r\n','<p style=\"text-align:center\"><img alt=\"\" src=\"/media/2019/04/29/picture32.jpg\" style=\"height:244px; width:467px\" /></p>\r\n\r\n<p style=\"text-align:center\"><span style=\"color:#2980b9\"><span style=\"font-size:36px\"><span style=\"font-family:Times New Roman,Times,serif\"><strong>S&Acirc;N KHẤU TRONG TYNKER</strong></span></span></span></p>\r\n\r\n<p style=\"text-align:justify\"><span style=\"color:#e74c3c\"><span style=\"font-size:20px\"><span style=\"font-family:Times New Roman,Times,serif\"><strong>A. Mục ti&ecirc;u hoạt động</strong></span></span></span></p>\r\n\r\n<p style=\"text-align:justify\"><span style=\"color:#d35400\"><span style=\"font-size:20px\"><span style=\"font-family:Times New Roman,Times,serif\">1- Hiểu được kh&aacute;i niệm s&acirc;n khấu trong Tynker l&agrave; g&igrave;.</span></span></span></p>\r\n\r\n<p><span style=\"color:#d35400\"><span style=\"font-size:20px\"><span style=\"font-family:Times New Roman,Times,serif\">2- Nhận biết cấu tạo v&agrave; một số đặc điểm của s&acirc;n khấu trong Tynker.</span></span></span></p>\r\n\r\n<p><span style=\"color:#d35400\"><span style=\"font-size:20px\"><span style=\"font-family:Times New Roman,Times,serif\">3- Th&agrave;nh thạo c&aacute;c thao t&aacute;c xử l&yacute; đối với s&acirc;n khấu trong Tynker.</span></span></span></p>\r\n\r\n<p style=\"text-align:justify\"><span style=\"color:#e74c3c\"><span style=\"font-size:20px\"><span style=\"font-family:Times New Roman,Times,serif\"><strong>B. Video b&agrave;i giảng</strong></span></span></span></p>\r\n\r\n<p><span style=\"color:#d35400\"><strong><span style=\"font-size:20px\"><span style=\"font-family:Times New Roman,Times,serif\">Phần 1</span></span></strong></span></p>\r\n\r\n<p><iframe frameborder=\"0\" src=\"https://www.youtube.com/embed/EGLi6wOPGNk\" style=\"width:100%; height:500px\"></iframe></p>\r\n\r\n<p><span style=\"color:#d35400\"><span style=\"font-size:20px\"><span style=\"font-family:Times New Roman,Times,serif\"><strong>Phần 2</strong></span></span></span></p>\r\n\r\n<p><iframe frameborder=\"0\" src=\"https://www.youtube.com/embed/Dg079Wg0VME\" style=\"width:100%; height:500px\"></iframe></p>\r\n\r\n<p><span style=\"color:#d35400\"><span style=\"font-size:20px\"><span style=\"font-family:Times New Roman,Times,serif\"><strong>Phần 3&nbsp;</strong></span></span></span></p>\r\n','https://www.youtube.com/embed/AMVkIPl_t4c',5,'',7,3,58,154),(141,'Tynker - Người Bạn Mới','2019-04-28 23:10:20.275491','2019-04-28 23:10:20.275496',5,1,'<p style=\"text-align:center\"><img alt=\"\" src=\"/media/2019/04/27/banner.png\" style=\"height:311px; width:600px\" /></p>\r\n\r\n<p style=\"text-align:justify\"><strong><span style=\"color:#e74c3c\"><span style=\"font-size:20px\"><span style=\"font-family:Times New Roman,Times,serif\">Hoạt động <em>&ldquo;Tynker &ndash; Người bạn mới&rdquo;</em> l&agrave; hoạt động b&agrave;i giảng tương t&aacute;c. Với hoạt động n&agrave;y, ch&uacute;ng ta sẽ thực hiện một b&agrave;i thực h&agrave;nh đơn giản dựa tr&ecirc;n video b&agrave;i giảng về c&aacute;ch truy cập v&agrave; bước đầu tiếp cận Tynker.</span></span></span></strong></p>\r\n','<p style=\"text-align:center\"><img alt=\"\" src=\"/media/2019/04/28/picture29.png\" style=\"height:338px; width:600px\" /></p>\r\n\r\n<p style=\"text-align:center\"><span style=\"color:#2980b9\"><span style=\"font-size:36px\"><span style=\"font-family:Times New Roman,Times,serif\"><strong>TYNKER - NGƯỜI BẠN MỚI</strong></span></span></span></p>\r\n\r\n<p style=\"text-align:justify\"><span style=\"color:#d35400\"><span style=\"font-family:Times New Roman,Times,serif\"><strong><span style=\"font-size:20px\">A. Mục ti&ecirc;u hoạt động</span></strong></span></span></p>\r\n\r\n<p style=\"text-align:justify\"><span style=\"color:#d35400\"><span style=\"font-size:20px\"><span style=\"font-family:Times New Roman,Times,serif\">- L&agrave;m quen với m&ocirc;i trường l&agrave;m việc của Tynker.</span></span></span></p>\r\n\r\n<p style=\"text-align:justify\"><span style=\"color:#d35400\"><span style=\"font-family:Times New Roman,Times,serif\"><strong><span style=\"font-size:20px\">B. B&agrave;i giảng tương t&aacute;c</span></strong></span></span></p>\r\n','/media/unzip/tynkerbanmoi_new_CVkjFB7/story_flash.html',1,'',7,4,34,71),(142,'Nhanh Chân Ghi Danh','2019-04-28 23:27:43.238060','2019-05-04 00:39:16.918901',10,1,'<p style=\"text-align:center\"><img alt=\"\" src=\"/media/2019/04/27/banner.png\" style=\"height:311px; width:600px\" /></p>\r\n\r\n<p style=\"text-align:justify\"><strong><span style=\"color:#e74c3c\"><span style=\"font-size:20px\"><span style=\"font-family:Times New Roman,Times,serif\"><em>&ldquo;Nhanh ch&acirc;n ghi danh&rdquo;</em> l&agrave; hoạt động b&agrave;i giảng tương t&aacute;c. Ở đ&acirc;y, ch&uacute;ng ta sẽ thực hiện một b&agrave;i thực h&agrave;nh đơn giản dựa tr&ecirc;n video b&agrave;i giảng về c&aacute;ch ch&uacute;ng ta c&oacute; thể đăng k&yacute; t&agrave;i khoản v&agrave; đăng nhập để sử dụng Tynker.</span></span></span></strong></p>\r\n','<p style=\"text-align:center\"><img alt=\"\" src=\"/media/2019/04/28/picture10.png\" style=\"height:313px; width:600px\" /></p>\r\n\r\n<p style=\"text-align:center\"><strong><span style=\"color:#2980b9\"><span style=\"font-size:36px\"><span style=\"font-family:Times New Roman,Times,serif\">NHANH CH&Acirc;N GHI DANH</span></span></span></strong></p>\r\n\r\n<p style=\"text-align:justify\"><strong><span style=\"font-family:Times New Roman,Times,serif\"><span style=\"font-size:20px\"><span style=\"color:#e74c3c\">A. Mục ti&ecirc;u hoạt động</span></span></span></strong></p>\r\n\r\n<p style=\"text-align:justify\"><span style=\"color:#d35400\"><span style=\"font-size:20px\"><span style=\"font-family:Times New Roman,Times,serif\">1- Hướng dẫn c&aacute;ch&nbsp;<strong>đăng k&yacute; v&agrave; sử dụng t&agrave;i khoản Tynker</strong>&nbsp;tr&ecirc;n trang web&nbsp;<a href=\"https://www.tynker.com/\">https://www.tynker.com/</a></span></span></span></p>\r\n\r\n<p style=\"text-align:justify\"><span style=\"color:#d35400\"><span style=\"font-size:20px\"><span style=\"font-family:Times New Roman,Times,serif\">2- Hướng dẫn tạo&nbsp;dự &aacute;n&nbsp;online với t&agrave;i khoản Tynker đ&atilde; đăng k&yacute;</span></span></span></p>\r\n\r\n<p style=\"text-align:justify\"><strong><span style=\"font-family:Times New Roman,Times,serif\"><span style=\"font-size:20px\"><span style=\"color:#e74c3c\">B. B&agrave;i giảng tương t&aacute;c</span></span></span></strong></p>\r\n','/media/unzip/nhanhchanghidanh_new/story_flash.html',2,'',7,4,34,141),(143,'Sống Cùng Thế Giới Tynker','2019-04-28 23:36:15.220461','2019-05-04 00:43:00.461693',10,1,'<p style=\"text-align:center\"><img alt=\"\" src=\"/media/2019/04/27/banner.png\" style=\"height:311px; width:600px\" /></p>\r\n\r\n<p style=\"text-align:justify\"><strong><span style=\"color:#e74c3c\"><span style=\"font-size:20px\"><span style=\"font-family:Times New Roman,Times,serif\"><em>&ldquo;Sống c&ugrave;ng&nbsp;thế giới Tynker&rdquo;</em> l&agrave; hoạt động b&agrave;i giảng tương t&aacute;c. Với hoạt động n&agrave;y, ch&uacute;ng ta sẽ thực hiện một b&agrave;i thực h&agrave;nh đơn giản dựa tr&ecirc;n video b&agrave;i giảng với việc t&igrave;m hiểu v&agrave; nắm được kh&aacute;i niệm, chức năng từng th&agrave;nh phần giao diện.</span></span></span></strong></p>\r\n','<p style=\"text-align:center\"><img alt=\"\" src=\"/media/2019/04/28/picture30.png\" style=\"height:308px; width:600px\" /></p>\r\n\r\n<p style=\"text-align:center\"><strong><span style=\"color:#2980b9\"><span style=\"font-size:36px\"><span style=\"font-family:Times New Roman,Times,serif\">SỐNG C&Ugrave;NG THẾ GIỚI&nbsp;TYNKER</span></span></span></strong></p>\r\n\r\n<p style=\"text-align:justify\"><span style=\"color:#e74c3c\"><span style=\"font-size:20px\"><span style=\"font-family:Times New Roman,Times,serif\"><strong>A- Mục ti&ecirc;u hoạt động</strong></span></span></span></p>\r\n\r\n<p style=\"text-align:justify\"><span style=\"color:#d35400\"><span style=\"font-size:20px\"><span style=\"font-family:Times New Roman,Times,serif\">1- Nhận biết, gọi t&ecirc;n v&agrave; ph&acirc;n biệt được c&aacute;c khu vực ch&iacute;nh tr&ecirc;n giao diện Tynker.</span></span></span></p>\r\n\r\n<p style=\"text-align:justify\"><span style=\"color:#d35400\"><span style=\"font-size:20px\"><span style=\"font-family:Times New Roman,Times,serif\">2- Hiểu v&agrave; Nhớ được &yacute; nghĩa t&aacute;c dụng của c&aacute;c chức năng tr&ecirc;n thanh Menu.</span></span></span></p>\r\n\r\n<p style=\"text-align:justify\"><span style=\"color:#d35400\"><span style=\"font-size:20px\"><span style=\"font-family:Times New Roman,Times,serif\">3- Th&agrave;nh thạo kỹ năng sử dụng thanh Menu v&agrave; thanh c&ocirc;ng cụ của Tynker.</span></span></span></p>\r\n\r\n<p style=\"text-align:justify\"><span style=\"color:#e74c3c\"><strong><span style=\"font-size:20px\"><span style=\"font-family:Times New Roman,Times,serif\">B- B&agrave;i giảng tương t&aacute;c</span></span></strong></span></p>\r\n','/media/unzip/songcungthegioitynker_new/story_flash.html',3,'',7,4,34,142),(144,'Những Điều Mới Lạ','2019-04-29 02:54:56.739097','2019-04-29 02:54:56.739104',20,1,'<p style=\"text-align:center\"><img alt=\"\" src=\"/media/2019/04/27/banner.png\" style=\"height:311px; width:600px\" /></p>\r\n\r\n<p style=\"text-align:justify\"><span style=\"color:#e74c3c\"><span style=\"font-size:20px\"><span style=\"font-family:Times New Roman,Times,serif\"><strong><em>&ldquo;Những Điều Mới Lạ&rdquo; </em>mamg đến cho c&aacute;c em những&nbsp;đoạn video ngắn giới thiệu kh&aacute;i qu&aacute;t về những đặc t&iacute;nh th&uacute; vị v&agrave; nổi trội của Tynker, từ đ&oacute; c&aacute;c em c&oacute; được cho m&igrave;nh h&igrave;nh dung chung nhất về kh&oacute;a học m&agrave; c&aacute;c em theo đuổi cũng như tạo được sự hứng th&uacute; nơi c&aacute;c em về kh&oacute;a học n&agrave;y. </strong></span></span></span></p>\r\n','<p style=\"text-align:center\"><img alt=\"\" src=\"/media/2019/04/29/picture5.png\" style=\"height:356px; width:600px\" /></p>\r\n\r\n<p style=\"text-align:center\"><span style=\"color:#2980b9\"><span style=\"font-size:36px\"><span style=\"font-family:Times New Roman,Times,serif\"><strong>NHỮNG ĐIỀU MỚI LẠ</strong></span></span></span></p>\r\n\r\n<p style=\"text-align:justify\"><span style=\"font-family:Times New Roman,Times,serif\"><strong><span style=\"font-size:20px\"><span style=\"color:#e74c3c\">A. Mục ti&ecirc;u hoạt động</span></span></strong></span></p>\r\n\r\n<p style=\"text-align:justify\"><span style=\"font-size:20px\"><span style=\"font-family:Times New Roman,Times,serif\"><span style=\"color:#d35400\"><strong>Ng&ocirc;n ngữ lập tr&igrave;nh Tynker</strong>&nbsp;ph&aacute;t triển theo hướng tương t&aacute;c trực quan, đồ họa sống động, sản phẩm liền tay m&agrave; vẫn đảm bảo t&iacute;nh khoa học, t&iacute;nh li&ecirc;n th&ocirc;ng tri thức sau n&agrave;y.<br />\r\nKhi sử dụng Tynker, thay v&igrave; phải viết những d&ograve;ng lệnh logic dễ gặp lỗi th&igrave; ở đ&acirc;y bạn chỉ cần nắm v&agrave; k&eacute;o c&aacute;c khối lệnh đầy m&agrave;u sắc c&oacute; sẵn để lắp gh&eacute;p th&agrave;nh một kịch bản điều khiển c&aacute;c đối tượng tr&ecirc;n s&acirc;n khấu biểu diễn.</span></span></span></p>\r\n\r\n<p style=\"text-align:justify\"><span style=\"font-family:Times New Roman,Times,serif\"><strong><span style=\"font-size:20px\"><span style=\"color:#e74c3c\">B. Video b&agrave;i giảng</span></span></strong></span></p>\r\n\r\n<p style=\"text-align:justify\"><span style=\"color:#d35400\"><span style=\"font-size:20px\"><span style=\"font-family:Times New Roman,Times,serif\"><strong>Nh&acirc;n vật đa dạng</strong></span></span></span></p>\r\n\r\n<p><iframe frameborder=\"0\" src=\"https://www.youtube.com/embed/AiRauI3grPo\" style=\"width:100%;height:500px\"></iframe></p>\r\n\r\n<p style=\"text-align:justify\"><span style=\"color:#d35400\"><span style=\"font-size:20px\"><span style=\"font-family:Times New Roman,Times,serif\"><strong>Sức mạnh b&agrave;n ph&iacute;m</strong></span></span></span></p>\r\n\r\n<p><iframe frameborder=\"0\" src=\"https://www.youtube.com/embed/XvkwNj2icE4\" style=\"width:100%;height:500px\"></iframe></p>\r\n\r\n<p style=\"text-align:justify\"><span style=\"color:#d35400\"><span style=\"font-size:20px\"><span style=\"font-family:Times New Roman,Times,serif\"><strong>H&igrave;nh nền phong ph&uacute;</strong></span></span></span></p>\r\n\r\n<p><iframe frameborder=\"0\" src=\"https://www.youtube.com/embed/uwd4JCSgeL4\" style=\"width:100%;height:500px\"></iframe></p>\r\n\r\n<p style=\"text-align:justify\"><strong><span style=\"color:#d35400\"><span style=\"font-size:20px\"><span style=\"font-family:Times New Roman,Times,serif\">Hưỡng quay đa chiều</span></span></span></strong></p>\r\n\r\n<p><iframe frameborder=\"0\" src=\"https://www.youtube.com/embed/1S6bDW53N9E\" style=\"width:100%;height:500px\"></iframe></p>\r\n\r\n<p style=\"text-align:justify\"><strong><span style=\"color:#d35400\"><span style=\"font-size:20px\"><span style=\"font-family:Times New Roman,Times,serif\">Ẩn / hiện b&iacute; ẩn</span></span></span></strong></p>\r\n\r\n<p><iframe frameborder=\"0\" src=\"https://www.youtube.com/embed/oFafJS8zrvs\" style=\"width:100%;height:500px\"></iframe></p>\r\n\r\n<p style=\"text-align:justify\"><strong><span style=\"color:#d35400\"><span style=\"font-size:20px\"><span style=\"font-family:Times New Roman,Times,serif\">Nh&acirc;n vật di chuyển</span></span></span></strong></p>\r\n\r\n<p><iframe frameborder=\"0\" src=\"https://www.youtube.com/embed/33-nYhll1Cw\" style=\"width:100%;height:500px\"></iframe></p>\r\n\r\n<p style=\"text-align:justify\"><strong><span style=\"color:#d35400\"><span style=\"font-size:20px\"><span style=\"font-family:Times New Roman,Times,serif\">Cuộc hội thoại vui vẻ</span></span></span></strong></p>\r\n\r\n<p><iframe frameborder=\"0\" src=\"https://www.youtube.com/embed/ek4i3hZWry4\" style=\"width:100%;height:500px\"></iframe></p>\r\n\r\n<p style=\"text-align:justify\"><strong><span style=\"color:#d35400\"><span style=\"font-size:20px\"><span style=\"font-family:Times New Roman,Times,serif\">Trổ t&agrave;i họa sĩ</span></span></span></strong></p>\r\n\r\n<p><iframe frameborder=\"0\" src=\"https://www.youtube.com/embed/LSqNHOOi56w\" style=\"width:100%;height:500px\"></iframe></p>\r\n\r\n<p style=\"text-align:justify\"><strong><span style=\"color:#d35400\"><span style=\"font-size:20px\"><span style=\"font-family:Times New Roman,Times,serif\">Vật l&yacute; nhiệm m&agrave;u</span></span></span></strong></p>\r\n','https://www.youtube.com/embed/t9wc3fRPAyc',2,'',7,3,33,71),(145,'Chặng Đường Đã Qua_Phần 1','2019-04-29 03:25:44.525710','2019-04-29 05:27:03.508825',5,1,'<p style=\"text-align:center\"><img alt=\"\" src=\"/media/2019/04/27/banner.png\" style=\"height:311px; width:600px\" /></p>\r\n\r\n<p style=\"text-align:justify\"><span style=\"font-size:20px\"><span style=\"color:#e74c3c\"><strong><span style=\"font-family:Times New Roman,Times,serif\"><em>&ldquo;Chặng đường đ&atilde; qua&rdquo;</em> l&agrave; hoạt động gi&uacute;p ch&uacute;ng ta nh&igrave;n nhận lại qu&aacute; tr&igrave;nh tiếp thu kiến thức. Với hoạt động n&agrave;y, ch&uacute;ng ta trải qua phần kiểm tra đ&aacute;nh gi&aacute; rất th&uacute; vị, được thử th&aacute;ch với nhiều c&acirc;u hỏi kh&oacute;, trải d&agrave;i tr&ecirc;n nhiều mục kh&aacute;c nhau th&ocirc;ng qua c&aacute;c h&igrave;nh thức như trả lời c&acirc;u hỏi trắc nghiệm, điền v&agrave;o &ocirc; trống, ... v&agrave; c&aacute;c hoạt động kh&aacute;c.</span></strong></span></span></p>\r\n','<p style=\"text-align:center\"><img alt=\"\" src=\"/media/2019/04/29/picture32.png\" style=\"height:271px; width:600px\" /></p>\r\n\r\n<p style=\"text-align:center\"><strong><span style=\"font-size:36px\"><span style=\"color:#2980b9\"><span style=\"font-family:Times New Roman,Times,serif\">CHẶNG ĐƯỜNG Đ&Atilde; QUA</span></span></span></strong></p>\r\n','/media/unzip/cungnhauontap/story_flash.html',1,'',7,4,35,143),(146,'Tài Liệu Kì Diệu','2019-04-29 03:33:36.356997','2019-04-29 03:33:36.357003',5,1,'<p style=\"text-align:center\"><img alt=\"\" src=\"/media/2019/04/27/banner.png\" style=\"height:311px; width:600px\" /></p>\r\n\r\n<p style=\"text-align:justify\"><span style=\"color:#e74c3c\"><span style=\"font-size:20px\"><span style=\"font-family:Times New Roman,Times,serif\"><strong><em>&ldquo;T&agrave;i liệu k&igrave; diệu&rdquo; </em>l&agrave; hoạt động đọc t&agrave;i liệu được chuẩn bị sẵn tr&ecirc;n hệ thống. Đ&oacute; l&agrave; một t&agrave;i liệu PDF được hệ thống cung cấp nhằm tổng kết lại c&aacute;c nội dung kiến thức cần thiết v&agrave; quan trọng. Với t&agrave;i liệu n&agrave;y, ch&uacute;ng ta c&oacute; thể tải về m&aacute;y t&iacute;nh c&aacute; nh&acirc;n v&agrave; lưu lại cho ri&ecirc;ng m&igrave;nh để tham khảo trong thời gian sắp tới.</strong></span></span></span></p>\r\n','<p style=\"text-align:center\"><img alt=\"\" src=\"/media/2019/04/29/picture9.png\" style=\"height:345px; width:600px\" /></p>\r\n\r\n<p style=\"text-align:center\"><strong><span style=\"color:#2980b9\"><span style=\"font-size:36px\"><span style=\"font-family:Times New Roman,Times,serif\">T&Agrave;I LIỆU K&Igrave; DIỆU</span></span></span></strong></p>\r\n\r\n<p style=\"text-align:justify\"><strong><span style=\"color:#d35400\"><span style=\"font-size:20px\"><span style=\"font-family:Times New Roman,Times,serif\">Ch&agrave;o mừng c&aacute;c bạn đ&atilde; đến với hoạt động học tập trong chuy&ecirc;n đề NHỮNG ĐIỀU MỚI LẠ.&nbsp; Ở hoạt động n&agrave;y c&aacute;c bạn sẽ được t&igrave;m hiểu về c&aacute;c điểm quan trọng v&agrave; cần thiết cũng như th&uacute; vị trong thế giới Tynker. Từ đ&oacute; c&oacute; những lưu &yacute;&nbsp;ri&ecirc;ng m&igrave;nh trong việc sử dụng ng&ocirc;n ngữ lập tr&igrave;nh Tynker.</span></span></span></strong></p>\r\n','/media/Tai%20Lieu%20Ki%20Dieu.pdf',1,'',7,2,36,145),(147,'Chặng Đường Đã Qua_Phần 1','2019-04-29 03:38:56.135172','2019-04-29 04:38:12.243072',5,1,'<p style=\"text-align:center\"><img alt=\"\" src=\"/media/2019/04/27/banner.png\" style=\"height:311px; width:600px\" /></p>\r\n\r\n<p style=\"text-align:justify\"><span style=\"color:#e74c3c\"><span style=\"font-size:20px\"><span style=\"font-family:Times New Roman,Times,serif\"><strong><em>&ldquo;Chặng đường đ&atilde; qua_Phần 1&rdquo;</em> l&agrave; hoạt động gi&uacute;p ch&uacute;ng ta nh&igrave;n nhận lại qu&aacute; tr&igrave;nh tiếp thu kiến thức. Với hoạt động n&agrave;y, ch&uacute;ng ta trải qua phần kiểm tra đ&aacute;nh gi&aacute; rất th&uacute; vị, được thử th&aacute;ch với nhiều c&acirc;u hỏi kh&oacute;, trải d&agrave;i tr&ecirc;n nhiều mục kh&aacute;c nhau th&ocirc;ng qua c&aacute;c h&igrave;nh thức như trả lời c&acirc;u hỏi trắc nghiệm, điền v&agrave;o &ocirc; trống, ... v&agrave; c&aacute;c hoạt động kh&aacute;c.</strong></span></span></span></p>\r\n','<p style=\"text-align:center\"><img alt=\"\" src=\"/media/2019/04/29/picture32.png\" style=\"height:271px; width:600px\" /></p>\r\n\r\n<p style=\"text-align:center\"><strong><span style=\"color:#2980b9\"><span style=\"font-size:36px\"><span style=\"font-family:Times New Roman,Times,serif\">CHẶNG ĐƯỜNG Đ&Atilde; QUA</span></span></span></strong></p>\r\n','/media/unzip/changduongdaqua_p1/story_flash.html',1,'',7,4,59,140),(148,'Ôn Tập Khối Lệnh','2019-04-29 03:57:05.323398','2019-04-29 04:20:27.445842',5,1,'<p style=\"text-align:center\"><img alt=\"\" src=\"/media/2019/04/27/banner.png\" style=\"height:311px; width:600px\" /></p>\r\n\r\n<p style=\"text-align:justify\"><span style=\"color:#e74c3c\"><span style=\"font-size:20px\"><span style=\"font-family:Times New Roman,Times,serif\"><strong><em>&ldquo;&Ocirc;n tập khối lệnh&rdquo;</em> l&agrave; hoạt động gi&uacute;p ch&uacute;ng ta &ocirc;n tập lại c&aacute;c kiến thức cũng như c&aacute;c điểm quan trọng&nbsp;tr&ecirc;n. Với hoạt động n&agrave;y, ch&uacute;ng ta trải qua phần kiểm tra đ&aacute;nh gi&aacute; rất th&uacute; vị với c&aacute;c h&igrave;nh thức như trả lời c&acirc;u hỏi trắc nghiệm, điền v&agrave;o &ocirc; trống, ... v&agrave; c&aacute;c hoạt động kh&aacute;c.</strong></span></span></span></p>\r\n','<p style=\"text-align:center\"><img alt=\"\" src=\"/media/2019/04/29/picture34.png\" style=\"height:317px; width:600px\" /></p>\r\n\r\n<p style=\"text-align:center\"><strong><span style=\"color:#2980b9\"><span style=\"font-size:36px\"><span style=\"font-family:Times New Roman,Times,serif\">&Ocirc;N TẬP KHỐI LỆNH</span></span></span></strong></p>\r\n','/media/unzip/block_cungnhauontap/story_flash.html',2,'',7,4,58,130),(149,'Ôn Tập Nhân Vật','2019-04-29 03:58:46.240805','2019-04-29 04:20:37.670634',5,1,'<p style=\"text-align:center\"><img alt=\"\" src=\"/media/2019/04/27/banner.png\" style=\"height:311px; width:600px\" /></p>\r\n\r\n<p style=\"text-align:justify\"><span style=\"color:#e74c3c\"><span style=\"font-size:20px\"><span style=\"font-family:Times New Roman,Times,serif\"><strong><em>&ldquo;&Ocirc;n tập nh&acirc;n vật&rdquo;</em> l&agrave; hoạt động gi&uacute;p ch&uacute;ng ta &ocirc;n tập lại c&aacute;c kiến thức cũng như c&aacute;c điểm quan trọng hoạt động tr&ecirc;n. Với hoạt động n&agrave;y, ch&uacute;ng ta trải qua phần kiểm tra đ&aacute;nh gi&aacute; rất th&uacute; vị với c&aacute;c h&igrave;nh thức như trả lời c&acirc;u hỏi trắc nghiệm, điền v&agrave;o &ocirc; trống, ... v&agrave; c&aacute;c hoạt động kh&aacute;c.</strong></span></span></span></p>\r\n','<p style=\"text-align:center\"><img alt=\"\" src=\"/media/2019/04/29/picture35.png\" style=\"height:338px; width:600px\" /></p>\r\n\r\n<p style=\"text-align:center\"><strong><span style=\"color:#2980b9\"><span style=\"font-size:36px\"><span style=\"font-family:Times New Roman,Times,serif\">&Ocirc;N TẬP NH&Acirc;N VẬT</span></span></span></strong></p>\r\n','/media/unzip/sprites_cungnhauontap/story_flash.html',4,'',7,4,58,135),(150,'Ôn Tập Sân Khấu','2019-04-29 04:18:09.758935','2019-04-29 04:20:43.807718',5,1,'<p style=\"text-align:center\"><img alt=\"\" src=\"/media/2019/04/27/banner.png\" style=\"height:311px; width:600px\" /></p>\r\n\r\n<p style=\"text-align:justify\"><span style=\"color:#e74c3c\"><span style=\"font-size:20px\"><span style=\"font-family:Times New Roman,Times,serif\"><strong><em>&ldquo;&Ocirc;n tập s&acirc;n khấu&rdquo;</em> l&agrave; hoạt động gi&uacute;p ch&uacute;ng ta &ocirc;n tập lại c&aacute;c kiến thức cũng như c&aacute;c điểm quan trọng&nbsp;hoạt động tr&ecirc;n. Với hoạt động n&agrave;y, ch&uacute;ng ta trải qua phần kiểm tra đ&aacute;nh gi&aacute; rất th&uacute; vị với c&aacute;c h&igrave;nh thức như trả lời c&acirc;u hỏi trắc nghiệm, điền v&agrave;o &ocirc; trống, ... v&agrave; c&aacute;c hoạt động kh&aacute;c.</strong></span></span></span></p>\r\n','<p style=\"text-align:center\"><img alt=\"\" src=\"/media/2019/04/29/picture36.png\" style=\"height:338px; width:600px\" /></p>\r\n\r\n<p style=\"text-align:center\"><span style=\"color:#2980b9\"><span style=\"font-size:36px\"><span style=\"font-family:Times New Roman,Times,serif\"><strong>&Ocirc;N TẬP S&Acirc;N KHẤU</strong></span></span></span></p>\r\n','/media/unzip/stage_cungnhauontap/story_flash.html',6,'',7,4,58,140),(151,'Kịch Bản Trong Tynker','2019-04-29 04:31:26.185301','2019-04-29 06:02:21.665141',35,1,'<p style=\"text-align:center\"><img alt=\"\" src=\"/media/2019/04/27/banner.png\" style=\"height:311px; width:600px\" /></p>\r\n\r\n<p style=\"text-align:justify\"><span style=\"color:#e74c3c\"><strong><span style=\"font-size:11pt\"><span style=\"font-family:Calibri,sans-serif\"><em><span style=\"font-size:14.0pt\"><span style=\"font-family:&quot;Times New Roman&quot;,serif\">&quot;Kịch bản trong Tynker&quot;&nbsp;</span></span></em><span style=\"font-size:14.0pt\"><span style=\"font-family:&quot;Times New Roman&quot;,serif\">mang đến c&aacute;c bạn học sinh một video ngắn giới thiệu khu vực để k&eacute;o &ndash; thả c&aacute;c c&acirc;u lệnh v&agrave; sắp xếp ch&uacute;ng theo một tr&igrave;nh tự hợp l&iacute;, từ đ&oacute; c&aacute;c em sẽ c&oacute; được một kịch bản ho&agrave;n chỉnh gi&uacute;p điều khiển c&aacute;c nh&acirc;n vật của m&igrave;nh. Đặc biệt c&aacute;c c&acirc;u lệnh trong phần kịch bản sẽ chạy theo tuần tự từ tr&ecirc;n xuống dưới, v&agrave; khi kịch bản được chạy th&igrave; sẽ c&oacute; một đường viền m&agrave;u xanh bao bọc b&ecirc;n ngo&agrave;i. </span></span></span></span></strong></span></p>\r\n','<p style=\"text-align:center\"><img alt=\"\" src=\"/media/2019/04/27/banner.png\" style=\"height:311px; width:600px\" /></p>\r\n\r\n<p style=\"text-align:center\"><span style=\"color:#2980b9\"><span style=\"font-size:36px\"><span style=\"font-family:Times New Roman,Times,serif\"><strong>KỊCH BẢN TRONG TYNKER</strong></span></span></span></p>\r\n\r\n<p><span style=\"color:#e74c3c\"><span style=\"font-size:20px\"><span style=\"font-family:Times New Roman,Times,serif\"><strong>A. Mục ti&ecirc;u hoạt động</strong></span></span></span></p>\r\n\r\n<p><span style=\"color:#d35400\"><span style=\"font-size:20px\"><span style=\"font-family:Times New Roman,Times,serif\">1- Hiểu được kh&aacute;i niệm kịch bản v&agrave; nắm vững nguy&ecirc;n tắc hoạt động của kịch bản trong Tynker.</span></span></span></p>\r\n\r\n<p><span style=\"color:#d35400\"><span style=\"font-size:20px\"><span style=\"font-family:Times New Roman,Times,serif\">2- Th&agrave;nh thạo c&aacute;c bước x&acirc;y dựng kịch bản&nbsp;trong Tynker.</span></span></span></p>\r\n\r\n<p><span style=\"color:#d35400\"><span style=\"font-size:20px\"><span style=\"font-family:Times New Roman,Times,serif\">3- Nhận biết được c&aacute;c đặc điểm của kịch bản&nbsp;trong Tynker.</span></span></span></p>\r\n\r\n<p><span style=\"color:#d35400\"><span style=\"font-size:20px\"><span style=\"font-family:Times New Roman,Times,serif\">4- Th&agrave;nh thạo kỹ năng xử l&yacute; kịch bản trong Tynker.</span></span></span></p>\r\n\r\n<p><span style=\"color:#e74c3c\"><strong><span style=\"font-size:20px\"><span style=\"font-family:Times New Roman,Times,serif\">B. Video b&agrave;i giảng</span></span></strong></span></p>\r\n\r\n<p><span style=\"color:#d35400\"><span style=\"font-family:Times New Roman,Times,serif\"><span style=\"font-size:20px\"><strong>Phần 1</strong></span></span></span></p>\r\n\r\n<p><iframe frameborder=\"0\" src=\"https://www.youtube.com/embed/-RYq8VRYfrI\" style=\"width:100%;height:500px\"></iframe></p>\r\n\r\n<p><span style=\"color:#d35400\"><span style=\"font-family:Times New Roman,Times,serif\"><span style=\"font-size:20px\"><strong>Phần 2</strong></span></span></span></p>\r\n\r\n<p><iframe frameborder=\"0\" src=\"https://www.youtube.com/embed/po8C3H65pwU\" style=\"width:100%;height:500px\"></iframe></p>\r\n\r\n<p><span style=\"color:#d35400\"><span style=\"font-family:Times New Roman,Times,serif\"><span style=\"font-size:20px\"><strong>Phần 3</strong></span></span></span></p>\r\n\r\n<p><iframe frameborder=\"0\" src=\"https://www.youtube.com/embed/OoTdKBQAZFE\" style=\"width:100%;height:500px\"></iframe></p>\r\n\r\n<p><span style=\"color:#d35400\"><span style=\"font-family:Times New Roman,Times,serif\"><span style=\"font-size:20px\"><strong>Phần 4</strong></span></span></span></p>\r\n','https://www.youtube.com/embed/GeNslBsZRNs',7,'',7,3,58,154),(152,'Ôn Tập Kịch Bản','2019-04-29 04:35:34.304092','2019-04-29 04:35:34.304097',5,1,'<p style=\"text-align:center\"><img alt=\"\" src=\"/media/2019/04/27/banner.png\" style=\"height:311px; width:600px\" /></p>\r\n\r\n<p style=\"text-align:justify\"><span style=\"color:#e74c3c\"><span style=\"font-size:20px\"><span style=\"font-family:Times New Roman,Times,serif\"><strong><em>&ldquo;&Ocirc;n tập kịch bản&rdquo;</em> l&agrave; hoạt động gi&uacute;p ch&uacute;ng ta &ocirc;n tập lại c&aacute;c kiến thức cũng như c&aacute;c điểm quan trọng&nbsp;hoạt động tr&ecirc;n. Với hoạt động n&agrave;y, ch&uacute;ng ta trải qua phần kiểm tra đ&aacute;nh gi&aacute; rất th&uacute; vị với c&aacute;c h&igrave;nh thức như trả lời c&acirc;u hỏi trắc nghiệm, điền v&agrave;o &ocirc; trống, ... v&agrave; c&aacute;c hoạt động kh&aacute;c.</strong></span></span></span></p>\r\n','<p style=\"text-align:center\"><img alt=\"\" src=\"/media/2019/04/27/banner.png\" style=\"height:311px; width:600px\" /></p>\r\n\r\n<p style=\"text-align:center\"><span style=\"color:#2980b9\"><span style=\"font-size:36px\"><strong><span style=\"font-family:Times New Roman,Times,serif\">&Ocirc;N TẬP KỊCH BẢN</span></strong></span></span></p>\r\n','/media/unzip/script_cungnhauontap/story_flash.html',8,'',7,4,58,151),(153,'Chặng Đường Đã Qua_Phần 2','2019-04-29 04:41:35.168825','2019-04-29 04:41:35.168830',5,1,'<p style=\"text-align:center\"><img alt=\"\" src=\"/media/2019/04/27/banner.png\" style=\"height:311px; width:600px\" /></p>\r\n\r\n<p style=\"text-align:justify\"><span style=\"font-size:20px\"><span style=\"color:#e74c3c\"><strong><span style=\"font-family:Times New Roman,Times,serif\"><em>&ldquo;Chặng đường đ&atilde; qua &ndash; Phần 2&rdquo;</em> l&agrave; hoạt động tổng kết để kh&eacute;p lại chủ đề. Với hoạt động n&agrave;y, ch&uacute;ng ta trải qua phần kiểm tra đ&aacute;nh gi&aacute; cam go v&agrave; thử th&aacute;ch với nhiều c&acirc;u hỏi trắc nghiệm đ&uacute;ng sai hay c&acirc;u hỏi với 4 lựa chọn A, B, C v&agrave; D.</span></strong></span></span></p>\r\n','<p style=\"text-align:center\"><img alt=\"\" src=\"/media/2019/04/29/picture32.png\" style=\"height:271px; width:600px\" /></p>\r\n\r\n<p style=\"text-align:center\"><span style=\"color:#2980b9\"><strong><span style=\"font-size:36px\"><span style=\"font-family:Times New Roman,Times,serif\">CHẶNG ĐƯỜNG Đ&Atilde; QUA</span></span></strong></span></p>\r\n','/media/unzip/changduongdaqua_p2/story_flash.html',2,'',7,4,59,147),(154,'Gia Nhập Vương Quốc Tynker','2019-04-29 04:57:43.732349','2019-04-29 04:57:43.732354',5,1,'<p style=\"text-align:center\"><img alt=\"\" src=\"/media/2019/04/27/banner.png\" style=\"height:311px; width:600px\" /></p>\r\n\r\n<p style=\"text-align:justify\"><span style=\"color:#e74c3c\"><span style=\"font-size:20px\"><span style=\"font-family:Times New Roman,Times,serif\"><strong><em>&ldquo;Gia nhập vương quốc Tynker&rdquo;</em> l&agrave; hoạt động xem video. Th&ocirc;ng qua đoạn video n&agrave;y, ch&uacute;ng ta sẽ c&oacute; c&aacute;i nh&igrave;n tổng quan về chủ đề v&agrave; nắm r&otilde; một số mảng kiến thức quan trọng của Tynker như: L&agrave;m quen với giao diện, Điều khiển nh&acirc;n vật bằng c&aacute;c lệnh v&agrave; Bắt đầu một chương tr&igrave;nh đơn giản. </strong></span></span></span></p>\r\n','<p style=\"text-align:center\"><img alt=\"\" src=\"/media/2019/04/29/picture2.png\" style=\"height:377px; width:600px\" /></p>\r\n\r\n<p style=\"text-align:center\"><span style=\"color:#2980b9\"><span style=\"font-size:36px\"><strong><span style=\"font-family:Times New Roman,Times,serif\">GIA NHẬP VƯƠNG QUỐC TYNKER</span></strong></span></span></p>\r\n\r\n<p style=\"text-align:justify\"><strong><span style=\"font-family:Times New Roman,Times,serif\"><span style=\"font-size:20px\"><span style=\"color:#e74c3c\">A. Mục ti&ecirc;u hoạt động</span></span></span></strong></p>\r\n\r\n<p style=\"text-align:justify\"><span style=\"color:#d35400\"><span style=\"font-size:20px\"><span style=\"font-family:Times New Roman,Times,serif\">-&nbsp;Giới thiệu chi tiết,&nbsp;đầy đủ về ng&ocirc;n ngữ lập tr&igrave;nh Tynker.&nbsp;</span></span></span><span style=\"color:#d35400\"><span style=\"font-size:20px\"><span style=\"font-family:Times New Roman,Times,serif\">Qua phần n&agrave;y, ch&uacute;ng ta sẽ biết&nbsp;<em>Tynker l&agrave; g&igrave; v&agrave; Tynker l&agrave;m được g&igrave;?...</em></span></span></span></p>\r\n\r\n<p style=\"text-align:justify\"><strong><span style=\"font-family:Times New Roman,Times,serif\"><span style=\"font-size:20px\"><span style=\"color:#e74c3c\">B. Video b&agrave;i giảng</span></span></span></strong></p>\r\n\r\n<p style=\"text-align:justify\"><span style=\"color:#d35400\"><span style=\"font-family:Times New Roman,Times,serif\"><span style=\"font-size:20px\"><strong>Khối lệnh k&igrave; diệu</strong></span></span></span></p>\r\n\r\n<p><iframe frameborder=\"0\" src=\"https://www.youtube.com/embed/I4ZLqvI2ZeI\" style=\"width:100%;height:500px\"></iframe></p>\r\n\r\n<p style=\"text-align:justify\"><span style=\"color:#d35400\"><span style=\"font-family:Times New Roman,Times,serif\"><span style=\"font-size:20px\"><strong>Kịch bản vi diệu</strong></span></span></span></p>\r\n\r\n<p><iframe frameborder=\"0\" src=\"https://www.youtube.com/embed/XQPHp56jTmQ\" style=\"width:100%;height:500px\"></iframe></p>\r\n\r\n<p style=\"text-align:justify\"><span style=\"color:#d35400\"><span style=\"font-family:Times New Roman,Times,serif\"><span style=\"font-size:20px\"><strong>S&acirc;n khấu tr&igrave;nh diễn</strong></span></span></span></p>\r\n\r\n<p><iframe frameborder=\"0\" src=\"https://www.youtube.com/embed/j9dQIeyv9Js\" style=\"width:100%;height:500px\"></iframe></p>\r\n\r\n<p style=\"text-align:justify\"><span style=\"color:#d35400\"><span style=\"font-family:Times New Roman,Times,serif\"><span style=\"font-size:20px\"><strong>Nh&acirc;n vật hoạt h&igrave;nh</strong></span></span></span></p>\r\n','https://www.youtube.com/embed/qB7deU37nIc',2,'',7,3,57,127),(155,'Chặng Đường Đã Qua_Phần 2','2019-04-29 05:30:44.348520','2019-04-29 05:30:44.348526',5,1,'<p style=\"text-align:center\"><img alt=\"\" src=\"/media/2019/04/27/banner.png\" style=\"height:311px; width:600px\" /></p>\r\n\r\n<p style=\"text-align:justify\"><span style=\"color:#e74c3c\"><span style=\"font-family:Times New Roman,Times,serif\"><span style=\"font-size:20px\"><strong><em>&ldquo;Chặng đường đ&atilde; qua &ndash; Phần 2&rdquo;</em> l&agrave; hoạt động tổng kết để kh&eacute;p lại chủ đề. Với hoạt động n&agrave;y, ch&uacute;ng ta trải qua phần kiểm tra đ&aacute;nh gi&aacute; cam go v&agrave; thử th&aacute;ch với nhiều c&acirc;u hỏi trắc nghiệm đ&uacute;ng sai hay c&acirc;u hỏi với 4 lựa chọn A, B, C v&agrave; D.</strong></span></span></span></p>\r\n','<p style=\"text-align:center\"><img alt=\"\" src=\"/media/2019/04/29/picture32.png\" style=\"height:271px; width:600px\" /></p>\r\n\r\n<p style=\"text-align:center\"><strong><span style=\"color:#2980b9\"><span style=\"font-size:36px\"><span style=\"font-family:Times New Roman,Times,serif\">CHẶNG ĐƯỜNG Đ&Atilde; QUA</span></span></span></strong></p>\r\n','/media/unzip/ChangDuongDaQua/story_flash.html',2,'',7,4,35,145),(156,'Tài Liệu Tổng Quan','2019-04-29 05:46:40.429483','2019-04-29 05:49:27.729984',10,1,'<p style=\"text-align:center\"><img alt=\"\" src=\"/media/2019/04/27/banner.png\" style=\"height:311px; width:600px\" /></p>\r\n\r\n<p style=\"text-align:justify\"><span style=\"color:#e74c3c\"><span style=\"font-size:20px\"><strong><span style=\"font-family:Times New Roman,Times,serif\"><em>&ldquo;Đọc th&ecirc;m&rdquo; </em>l&agrave; hoạt động đọc t&agrave;i liệu được chuẩn bị sẵn tr&ecirc;n hệ thống. Đ&oacute; l&agrave; một t&agrave;i liệu PDF được hệ thống cung cấp nhằm tổng kết lại c&aacute;c nội dung kiến thức cần thiết v&agrave; quan trọng. Với t&agrave;i liệu n&agrave;y, ch&uacute;ng ta c&oacute; thể tải về m&aacute;y t&iacute;nh c&aacute; nh&acirc;n v&agrave; lưu lại cho ri&ecirc;ng m&igrave;nh để tham khảo trong thời gian sắp tới. </span></strong></span></span></p>\r\n','<p style=\"text-align:center\"><img alt=\"\" src=\"/media/2019/04/29/picture9_gT2JLAu.png\" style=\"height:345px; width:600px\" /></p>\r\n\r\n<p style=\"text-align:center\"><span style=\"font-size:36px\"><span style=\"color:#2980b9\"><strong><span style=\"font-family:Times New Roman,Times,serif\">T&Agrave;I LIỆU TỔNG QUAN</span></strong></span></span></p>\r\n\r\n<p style=\"text-align:justify\"><strong><span style=\"font-family:Times New Roman,Times,serif\"><span style=\"font-size:20px\"><span style=\"color:#d35400\">1. T&agrave;i liệu tổng quan_Khối lệnh k&igrave; diệu</span></span></span></strong></p>\r\n\r\n<p style=\"text-align:justify\"><span style=\"font-size:20px\"><span style=\"font-family:Times New Roman,Times,serif\"><span style=\"color:#d35400\"><strong><em>Link:&nbsp;</em></strong></span><a href=\"http://bit.ly/khoilenhkidieu\">http://bit.ly/khoilenhkidieu</a></span></span></p>\r\n\r\n<p style=\"text-align:justify\"><strong><span style=\"font-family:Times New Roman,Times,serif\"><span style=\"font-size:20px\"><span style=\"color:#d35400\">2. T&agrave;i liệu tổng quan_Kịch bản m&agrave;u sắc</span></span></span></strong></p>\r\n\r\n<p style=\"text-align:justify\"><em><strong><span style=\"font-family:Times New Roman,Times,serif\"><span style=\"font-size:20px\"><span style=\"color:#d35400\">Link:&nbsp;</span></span></span></strong></em><a href=\"http://bit.ly/kichbanmausac\"><span style=\"color:#2980b9\"><span style=\"font-family:Times New Roman,Times,serif\"><span style=\"font-size:20px\">http://bit.ly/kichbanmausac</span></span></span></a></p>\r\n\r\n<p style=\"text-align:justify\"><strong><span style=\"font-family:Times New Roman,Times,serif\"><span style=\"font-size:20px\"><span style=\"color:#d35400\">3. T&agrave;i liệu tổng quan_S&acirc;n khấu tr&igrave;nh diễn</span></span></span></strong></p>\r\n\r\n<p style=\"text-align:justify\"><em><strong><span style=\"font-family:Times New Roman,Times,serif\"><span style=\"font-size:20px\"><span style=\"color:#d35400\">Link:&nbsp;</span></span></span></strong></em><span style=\"font-family:Times New Roman,Times,serif\"><span style=\"font-size:20px\"><a href=\"http://bit.ly/sankhaumausac\"><span style=\"color:#2980b9\">http://bit.ly/sankhaumausac</span></a></span></span></p>\r\n\r\n<p style=\"text-align:justify\"><strong><span style=\"font-family:Times New Roman,Times,serif\"><span style=\"font-size:20px\"><span style=\"color:#d35400\">4. T&agrave;i liệu tổng quan_Nh&acirc;n vật đa dạng</span></span></span></strong></p>\r\n\r\n<p style=\"text-align:justify\"><em><strong><span style=\"font-family:Times New Roman,Times,serif\"><span style=\"font-size:20px\"><span style=\"color:#d35400\">Link:&nbsp;</span></span></span></strong></em><span style=\"font-family:Times New Roman,Times,serif\"><span style=\"font-size:20px\"><span style=\"color:#d35400\"><a href=\"http://bit.ly/nhanvatdadang\">http://bit.ly/nhanvatdadang</a></span></span></span></p>\r\n','/media/1.1%20CAI%20NHIN%20TONG%20QUAN_KHOI%20LENH%20KY%20DIEU.pdf',1,'',7,2,60,153),(157,'Tài Liệu Tham Khảo','2019-04-29 05:58:04.217386','2019-04-29 05:58:04.217391',10,1,'<p style=\"text-align:center\"><img alt=\"\" src=\"/media/2019/04/27/banner.png\" style=\"height:311px; width:600px\" /></p>\r\n\r\n<p style=\"text-align:justify\"><span style=\"color:#e74c3c\"><span style=\"font-size:20px\"><span style=\"font-family:Times New Roman,Times,serif\"><strong><em>&ldquo;Đọc th&ecirc;m&rdquo; </em>l&agrave; hoạt động đọc t&agrave;i liệu được chuẩn bị sẵn tr&ecirc;n hệ thống. Đ&oacute; l&agrave; một t&agrave;i liệu PDF được hệ thống cung cấp nhằm tổng kết lại c&aacute;c nội dung kiến thức cần thiết v&agrave; quan trọng. Với t&agrave;i liệu n&agrave;y, ch&uacute;ng ta c&oacute; thể tải về m&aacute;y t&iacute;nh c&aacute; nh&acirc;n v&agrave; lưu lại cho ri&ecirc;ng m&igrave;nh để tham khảo trong thời gian sắp tới. </strong></span></span></span></p>\r\n','<p style=\"text-align:center\"><img alt=\"\" src=\"/media/2019/04/29/picture9.png\" style=\"height:345px; width:600px\" /></p>\r\n\r\n<p style=\"text-align:center\"><span style=\"color:#2980b9\"><strong><span style=\"font-size:36px\"><span style=\"font-family:Times New Roman,Times,serif\">T&Agrave;I LIỆU THAM KHẢO</span></span></strong></span></p>\r\n\r\n<p style=\"text-align:justify\"><span style=\"color:#d35400\"><span style=\"font-size:20px\"><strong><span style=\"font-family:Times New Roman,Times,serif\">1. T&agrave;i liệu tham khảo_Khối lệnh k&igrave; diệu</span></strong></span></span></p>\r\n\r\n<p style=\"text-align:justify\"><span style=\"color:#d35400\"><span style=\"font-size:20px\"><strong><span style=\"font-family:Times New Roman,Times,serif\">Link:&nbsp;</span></strong><span style=\"font-family:Times New Roman,Times,serif\"><a href=\"http://bit.ly/thamkhaokhoilenhkidieu\">http://bit.ly/thamkhaokhoilenhkidieu</a></span></span></span></p>\r\n\r\n<p style=\"text-align:justify\"><span style=\"color:#d35400\"><span style=\"font-size:20px\"><strong><span style=\"font-family:Times New Roman,Times,serif\">2.&nbsp;T&agrave;i liệu tham khảo_Kịch bản m&agrave;u sắc</span></strong></span></span></p>\r\n\r\n<p style=\"text-align:justify\"><span style=\"color:#d35400\"><span style=\"font-size:20px\"><strong><span style=\"font-family:Times New Roman,Times,serif\">Link:&nbsp;</span></strong><span style=\"font-family:Times New Roman,Times,serif\"><a href=\"http://bit.ly/thamkhaokichbanmausac\">http://bit.ly/thamkhaokichbanmausac</a></span></span></span></p>\r\n\r\n<p style=\"text-align:justify\"><span style=\"color:#d35400\"><span style=\"font-size:20px\"><strong><span style=\"font-family:Times New Roman,Times,serif\">3.&nbsp;T&agrave;i liệu tham khảo_S&acirc;n khấu tr&igrave;nh diễn</span></strong></span></span></p>\r\n\r\n<p style=\"text-align:justify\"><span style=\"color:#d35400\"><span style=\"font-size:20px\"><strong><span style=\"font-family:Times New Roman,Times,serif\">Link:&nbsp;</span></strong><span style=\"font-family:Times New Roman,Times,serif\"><a href=\"http://bit.ly/thamkhaosankhautrinhdien\">http://bit.ly/thamkhaosankhautrinhdien</a></span></span></span></p>\r\n\r\n<p style=\"text-align:justify\"><span style=\"color:#d35400\"><span style=\"font-size:20px\"><strong><span style=\"font-family:Times New Roman,Times,serif\">4.&nbsp;T&agrave;i liệu tham khảo_Nh&acirc;n vật đa dạng</span></strong></span></span></p>\r\n\r\n<p style=\"text-align:justify\"><span style=\"color:#d35400\"><span style=\"font-size:20px\"><strong><span style=\"font-family:Times New Roman,Times,serif\">Link:&nbsp;</span></strong></span></span><span style=\"font-size:20px\"><span style=\"font-family:Times New Roman,Times,serif\"><a href=\"http://bit.ly/thamkhaonhanvatdadang\"><span style=\"color:#2980b9\">http://bit.ly/thamkhaonhanvatdadang</span></a></span></span></p>\r\n','/media/1.2%20TAI%20LIEU%20THAM%20KHAO_KHOI%20LENH%20KY%20DIEU.pdf',2,'',7,2,60,153),(158,'Bước Chân Đầu Tiên','2019-05-01 23:43:19.460650','2019-05-01 23:43:19.460656',1,1,'<p style=\"text-align:center\"><img alt=\"\" src=\"/media/2019/04/27/banner.png\" style=\"height:311px; width:600px\" /></p>\r\n\r\n<p style=\"text-align:justify\"><strong><span style=\"color:#e74c3c\"><span style=\"font-size:20px\"><span style=\"font-family:Times New Roman,Times,serif\"><em>&ldquo;Bước ch&acirc;n đầu ti&ecirc;n&rdquo; </em>mang đến cho học sinh một đoạn video ngắn giới thiệu kh&aacute;i qu&aacute;t gi&uacute;p c&aacute;c em bước đầu l&agrave;m quen với c&aacute;c khối lệnh Motion, từ đ&oacute; dễ d&agrave;ng đến với c&aacute;c hoạt động trong b&agrave;i học.</span></span></span></strong></p>\r\n','<p style=\"text-align:center\"><img alt=\"\" src=\"/media/2019/05/01/picture37.png\" style=\"height:320px; width:320px\" /></p>\r\n\r\n<p style=\"text-align:center\"><span style=\"color:#2980b9\"><span style=\"font-size:36px\"><strong><span style=\"font-family:Times New Roman,Times,serif\">BƯỚC CH&Acirc;N ĐẦU TI&Ecirc;N</span></strong></span></span></p>\r\n\r\n<p style=\"text-align:justify\"><span style=\"color:#e74c3c\"><strong><span style=\"font-size:20px\"><span style=\"font-family:Times New Roman,Times,serif\">A. Mục ti&ecirc;u hoạt động</span></span></strong></span></p>\r\n\r\n<p style=\"text-align:justify\"><span style=\"font-size:20px\"><span style=\"font-family:Times New Roman,Times,serif\"><span style=\"color:#d35400\">Bạn c&oacute; thể l&agrave;m cho nh&acirc;n vật di chuyển theo những vị tr&iacute; kh&aacute;c nhau tr&ecirc;n s&acirc;n khấu. </span></span></span></p>\r\n\r\n<p style=\"text-align:justify\"><span style=\"font-size:20px\"><span style=\"font-family:Times New Roman,Times,serif\"><span style=\"color:#d35400\">H&atilde;y thử điều n&agrave;y v&agrave; hơn thế nữa với Tynker. </span></span></span></p>\r\n\r\n<p style=\"text-align:justify\"><span style=\"font-size:20px\"><span style=\"font-family:Times New Roman,Times,serif\"><span style=\"color:#d35400\">Trải nghiệm ngay: <a href=\"https://www.tynker.com/\">https://www.tynker.com/</a></span></span></span></p>\r\n\r\n<p style=\"text-align:justify\"><span style=\"color:#e74c3c\"><strong><span style=\"font-size:20px\"><span style=\"font-family:Times New Roman,Times,serif\">B. Video b&agrave;i giảng</span></span></strong></span></p>\r\n','https://www.youtube.com/embed/gLqH3WE-I1c',1,'',7,3,69,NULL),(159,'Làm Nhân Vật Di Chuyển','2019-05-01 23:51:51.011946','2019-05-01 23:51:51.011952',20,1,'<p style=\"text-align:center\"><img alt=\"\" src=\"/media/2019/04/27/banner.png\" style=\"height:311px; width:600px\" /></p>\r\n\r\n<p style=\"text-align:justify\"><span style=\"color:#e74c3c\"><strong><span style=\"font-family:Times New Roman,Times,serif\"><em><span style=\"font-size:14.0pt\">&ldquo;L&agrave;m nh&acirc;n vật di chuyển&rdquo; </span></em><span style=\"font-size:14.0pt\">l&agrave; b&agrave;i học mang đến c&aacute;c em c&aacute;i nh&igrave;n kh&aacute;t qu&aacute;t về chức năng l&agrave;m cho nh&acirc;n vật di chuyển. B&agrave;i học n&agrave;y g&oacute;p phần n&acirc;ng cao chức năng nh&acirc;n vật, khiến nh&acirc;n vật dần sinh động v&agrave; ho&agrave;n thiện hơn.</span></span></strong></span></p>\r\n','<p style=\"text-align:center\"><img alt=\"\" src=\"/media/2019/05/01/picture39.png\" style=\"height:400px; width:600px\" /></p>\r\n\r\n<p style=\"text-align:center\"><span style=\"color:#2980b9\"><span style=\"font-size:36px\"><strong><span style=\"font-family:Times New Roman,Times,serif\">L&Agrave;M NH&Acirc;N VẬT DI CHUYỂN</span></strong></span></span></p>\r\n\r\n<p style=\"text-align:justify\"><span style=\"color:#e74c3c\"><span style=\"font-size:20px\"><span style=\"font-family:Times New Roman,Times,serif\"><strong>A. Mục ti&ecirc;u hoạt động</strong></span></span></span></p>\r\n\r\n<p style=\"text-align:justify\"><span style=\"color:#d35400\"><span style=\"font-size:20px\"><span style=\"font-family:Times New Roman,Times,serif\"><em>&ldquo;L&agrave;m nh&acirc;n vật di chuyển&rdquo; </em>l&agrave; hoạt động lắng nghe b&agrave;i giảng th&ocirc;ng qua c&aacute;c video cụ thể. Tại đ&acirc;y c&aacute;c em được c&ugrave;ng gi&aacute;o vi&ecirc;n hướng dẫn t&igrave;m hiểu c&aacute;ch thức thực hiện, vận dụng c&acirc;u lệnh Move, Change x,... v&agrave; những c&acirc;u lệnh li&ecirc;n quan. </span></span></span></p>\r\n\r\n<p style=\"text-align:justify\"><span style=\"color:#e74c3c\"><span style=\"font-size:20px\"><span style=\"font-family:Times New Roman,Times,serif\"><strong>B. Video giới thiệu</strong></span></span></span></p>\r\n\r\n<p><iframe frameborder=\"0\" src=\"https://www.youtube.com/embed/Cn9opv3nsgs\" style=\"width:100%; height:500px\"></iframe></p>\r\n\r\n<p style=\"text-align:justify\"><span style=\"color:#e74c3c\"><span style=\"font-size:20px\"><span style=\"font-family:Times New Roman,Times,serif\"><strong>C. Video b&agrave;i giảng</strong></span></span></span></p>\r\n\r\n<p style=\"text-align:justify\"><span style=\"color:#d35400\"><span style=\"font-size:20px\"><span style=\"font-family:Times New Roman,Times,serif\"><strong>Phần 1</strong></span></span></span></p>\r\n\r\n<p><iframe frameborder=\"0\" src=\"https://www.youtube.com/embed/_NlEo9cg-P8\" style=\"width:100%; height:500px\"></iframe></p>\r\n\r\n<p style=\"text-align:justify\"><span style=\"color:#d35400\"><span style=\"font-size:20px\"><span style=\"font-family:Times New Roman,Times,serif\"><strong>Phần 2</strong></span></span></span></p>\r\n','https://www.youtube.com/embed/AZzqnYdDVkQ',1,'',7,3,70,158),(160,'Làm Nhân Vật Quay','2019-05-02 00:02:02.822379','2019-05-02 03:30:17.561753',10,1,'<p style=\"text-align:center\"><img alt=\"\" src=\"/media/2019/04/27/banner.png\" style=\"height:311px; width:600px\" /></p>\r\n\r\n<p style=\"text-align:justify\"><strong><span style=\"color:#e74c3c\"><span style=\"font-size:20px\"><span style=\"font-family:Times New Roman,Times,serif\"><em>&ldquo;L&agrave;m nh&acirc;n vật quay&rdquo; </em>l&agrave; b&agrave;i học mang đến c&aacute;c em c&aacute;i nh&igrave;n kh&aacute;t qu&aacute;t về chức năng l&agrave;m cho nh&acirc;n vật quay theo c&aacute;c chiều hướng kh&aacute;c nhau. B&agrave;i học n&agrave;y g&oacute;p phần n&acirc;ng cao chức năng nh&acirc;n vật, khiến nh&acirc;n vật dần sinh động v&agrave; ho&agrave;n thiện hơn.</span></span></span></strong></p>\r\n','<p style=\"text-align:center\"><img alt=\"\" src=\"/media/2019/05/01/picture40.png\" style=\"height:320px; width:320px\" /></p>\r\n\r\n<p style=\"text-align:center\"><strong><span style=\"color:#2980b9\"><span style=\"font-size:36px\"><span style=\"font-family:Times New Roman,Times,serif\">L&Agrave;M NH&Acirc;N VẬT QUAY</span></span></span></strong></p>\r\n\r\n<p style=\"text-align:justify\"><strong><span style=\"font-family:Times New Roman,Times,serif\"><span style=\"font-size:20px\"><span style=\"color:#e74c3c\">A. Mục ti&ecirc;u hoạt động</span></span></span></strong></p>\r\n\r\n<p style=\"text-align:justify\"><span style=\"color:#d35400\"><em><span style=\"font-size:14.0pt\"><span style=\"font-family:&quot;Times New Roman&quot;,serif\">&ldquo;L&agrave;m nh&acirc;n vật quay&rdquo; </span></span></em><span style=\"font-size:14.0pt\"><span style=\"font-family:&quot;Times New Roman&quot;,serif\">l&agrave; hoạt động lắng nghe b&agrave;i giảng th&ocirc;ng qua c&aacute;c video cụ thể. Tại đ&acirc;y c&aacute;c em được c&ugrave;ng gi&aacute;o vi&ecirc;n hướng dẫn t&igrave;m hiểu c&aacute;ch thức thực hiện, vận dụng c&acirc;u lệnh Turn, Point in direction, ... v&agrave; những c&acirc;u lệnh trong phần Rotation thuộc thẻ lệnh Motion.</span></span></span></p>\r\n\r\n<p style=\"text-align:justify\"><strong><span style=\"font-family:Times New Roman,Times,serif\"><span style=\"font-size:20px\"><span style=\"color:#e74c3c\">B. Video giới thiệu</span></span></span></strong></p>\r\n\r\n<p><iframe frameborder=\"0\" src=\"https://www.youtube.com/embed/51EqdycppAk\" style=\"width:100%; height:500px\"></iframe></p>\r\n\r\n<p style=\"text-align:justify\"><strong><span style=\"font-family:Times New Roman,Times,serif\"><span style=\"font-size:20px\"><span style=\"color:#e74c3c\">C. Video b&agrave;i giảng</span></span></span></strong></p>\r\n','https://www.youtube.com/embed/v9iXuGaphHo',2,'',7,3,70,158),(161,'Cùng Nhau Ôn Tập','2019-05-02 00:10:39.578860','2019-05-02 00:17:11.635358',2,1,'<p style=\"text-align:center\"><img alt=\"\" src=\"/media/2019/04/27/banner.png\" style=\"height:311px; width:600px\" /></p>\r\n\r\n<p style=\"text-align:justify\"><span style=\"color:#e74c3c\"><strong><span style=\"font-size:14.0pt\"><span style=\"font-family:&quot;Times New Roman&quot;,serif\">Kh&ocirc;ng qu&aacute; kh&oacute; khăn, &quot;<em>C&ugrave;ng nhau &ocirc;n tập</em>&quot;&nbsp;l&agrave; hai hoạt động kiểm tra đ&aacute;nh gi&aacute; đơn giản năng lực người học th&ocirc;ng qua việc ghi nhớ v&agrave; thực hiện những y&ecirc;u cầu của tr&ograve; chơi. Hoạt động n&agrave;y được xem như l&agrave; một h&igrave;nh thức bổ trợ, r&egrave;n luyện th&ecirc;m kiến thức v&agrave; kỹ năng cho người học.</span></span></strong></span></p>\r\n','<p style=\"text-align:center\"><img alt=\"\" src=\"/media/2019/05/02/767194770.png\" style=\"height:223px; width:338px\" /></p>\r\n\r\n<p style=\"text-align:center\"><strong><span style=\"color:#2980b9\"><span style=\"font-size:36px\"><span style=\"font-family:Times New Roman,Times,serif\">C&Ugrave;NG NHAU &Ocirc;N TẬP</span></span></span></strong></p>\r\n\r\n<p style=\"text-align:justify\">&nbsp;</p>\r\n','/media/unzip/motion_thuthachtrinho_p6ii9VV/story_flash.html',3,'',7,4,70,160),(164,'Minh Họa Trực Quan','2019-05-02 02:39:25.055039','2019-05-02 02:41:14.724482',5,1,'<p style=\"text-align:center\"><img alt=\"\" src=\"/media/2019/04/27/banner.png\" style=\"height:311px; width:600px\" /></p>\r\n\r\n<p style=\"text-align:justify\"><span style=\"color:#e74c3c\"><strong><em><span style=\"font-size:14.0pt\"><span style=\"font-family:&quot;Times New Roman&quot;,serif\">&ldquo;Minh họa trực quan&rdquo; </span></span></em><span style=\"font-size:14.0pt\"><span style=\"font-family:&quot;Times New Roman&quot;,serif\">l&agrave; nội dung ch&iacute;nh của hoạt động n&agrave;y. Tại đ&acirc;y, hệ thống sẽ cung cấp cho người học t&agrave;i liệu quan trọng li&ecirc;n quan đến chủ đề ch&iacute;nh, bao gồm cả một số v&iacute; dụ cơ bản. Nhờ v&agrave;o những v&iacute; dụ n&agrave;y, người học được một lần nữa nh&igrave;n lại mục ti&ecirc;u cũng như những y&ecirc;u cầu ch&iacute;nh của chủ đề b&agrave;i học. </span></span></strong></span></p>\r\n','<p style=\"text-align:center\"><img alt=\"\" src=\"/media/2019/05/02/picture9.png\" style=\"height:345px; width:600px\" /></p>\r\n\r\n<p style=\"text-align:center\"><strong><span style=\"color:#2980b9\"><span style=\"font-size:36px\"><span style=\"font-family:Times New Roman,Times,serif\">MINH HỌA TRỰC QUAN</span></span></span></strong></p>\r\n','/media/minhhoatrucquan.pdf',1,'',7,2,72,NULL),(165,'Tài Liệu Kì Diệu','2019-05-02 02:43:07.329179','2019-05-02 02:43:07.329185',5,1,'<p style=\"text-align:center\"><img alt=\"\" src=\"/media/2019/04/27/banner.png\" style=\"height:311px; width:600px\" /></p>\r\n\r\n<p style=\"text-align:justify\"><span style=\"color:#e74c3c\"><strong><span style=\"font-size:20px\"><span style=\"font-family:Times New Roman,Times,serif\">Nếu trong qu&aacute; tr&igrave;nh tiếp thu c&aacute;c b&agrave;i học mới, người học c&oacute; sơ s&oacute;t bỏ qua c&aacute;c vấn đề trọng t&acirc;m hay chưa nắm được vấn đề th&igrave;&nbsp;<em>&ldquo;Đọc th&ecirc;m&rdquo;</em> ch&iacute;nh l&agrave; hoạt động hỗ trợ bạn kh&oacute; khăn n&agrave;y. Với những t&agrave;i liệu được hệ thống trang bị v&agrave; cung cấp, tin rằng người học sẽ tự tin hơn khi được một lần nữa nh&igrave;n lại b&agrave;i học, từ đ&oacute; n&acirc;ng cao tri thức.</span></span></strong></span></p>\r\n','<p style=\"text-align:center\"><img alt=\"\" src=\"/media/2019/05/02/picture9.png\" style=\"height:345px; width:600px\" /></p>\r\n\r\n<p style=\"text-align:center\"><span style=\"color:#2980b9\"><span style=\"font-size:36px\"><span style=\"font-family:Times New Roman,Times,serif\"><strong>T&Agrave;I LIỆU K&Igrave; DIỆU</strong></span></span></span></p>\r\n','/media/thamkhao.pdf',2,'',7,2,72,NULL),(166,'Đoạn Thoại Đầu Tiên','2019-05-02 03:08:27.270482','2019-05-02 03:08:27.270489',1,1,'<p style=\"text-align:center\"><img alt=\"\" src=\"/media/2019/04/27/banner.png\" style=\"height:311px; width:600px\" /></p>\r\n\r\n<p style=\"text-align:justify\"><span style=\"color:#e74c3c\"><span style=\"font-size:20px\"><span style=\"font-family:Times New Roman,Times,serif\"><strong><em>&ldquo;Đoạn Thoại Đầu Ti&ecirc;n&rdquo; </em>mang đến cho học sinh một đoạn video ngắn giới thiệu kh&aacute;i qu&aacute;t gi&uacute;p c&aacute;c em bước đầu l&agrave;m quen với c&aacute;c khối lệnh Looks, từ đ&oacute; dễ d&agrave;ng tiếp thu những vấn đề tiếp theo trong b&agrave;i học của chủ đề n&agrave;y.</strong></span></span></span></p>\r\n','<p style=\"text-align:center\"><img alt=\"\" src=\"/media/2019/05/02/picture43.png\" style=\"height:272px; width:600px\" /></p>\r\n\r\n<p style=\"text-align:center\"><span style=\"color:#2980b9\"><span style=\"font-size:36px\"><strong><span style=\"font-family:Times New Roman,Times,serif\">ĐOẠN THOẠI ĐẦU TI&Ecirc;N</span></strong></span></span></p>\r\n\r\n<p style=\"text-align:justify\"><strong><span style=\"font-family:Times New Roman,Times,serif\"><span style=\"font-size:20px\"><span style=\"color:#e74c3c\">A. Mục ti&ecirc;u hoạt động</span></span></span></strong></p>\r\n\r\n<p style=\"text-align:justify\"><span style=\"color:#d35400\"><span style=\"font-size:20px\"><span style=\"font-family:Times New Roman,Times,serif\">Bạn c&oacute; thể tạo ra những đoạn hội thoại hấp dẫn. </span></span></span></p>\r\n\r\n<p style=\"text-align:justify\"><span style=\"color:#d35400\"><span style=\"font-size:20px\"><span style=\"font-family:Times New Roman,Times,serif\">H&atilde;y thử điều n&agrave;y v&agrave; hơn thế nữa với Tynker. </span></span></span></p>\r\n\r\n<p style=\"text-align:justify\"><span style=\"font-size:20px\"><span style=\"font-family:Times New Roman,Times,serif\"><span style=\"color:#d35400\">Trải nghiệm ngay:&nbsp;<a href=\"https://www.tynker.com/\">https://www.tynker.com/</a></span></span></span></p>\r\n\r\n<p style=\"text-align:justify\"><strong><span style=\"font-family:Times New Roman,Times,serif\"><span style=\"font-size:20px\"><span style=\"color:#e74c3c\">B. Video b&agrave;i giảng</span></span></span></strong></p>\r\n','https://www.youtube.com/embed/LJx42K5tZI0',1,'',7,3,73,NULL),(167,'Làm Nhân Vật Nói','2019-05-02 03:18:18.603054','2019-05-02 03:18:18.603060',20,1,'<p style=\"text-align:center\"><img alt=\"\" src=\"/media/2019/04/27/banner.png\" style=\"height:311px; width:600px\" /></p>\r\n\r\n<p style=\"text-align:justify\"><span style=\"color:#e74c3c\"><strong><em><span style=\"font-size:14.0pt\"><span style=\"font-family:&quot;Times New Roman&quot;,serif\">&rdquo;L&agrave;m nh&acirc;n vật n&oacute;i&rdquo;</span></span></em><span style=\"font-size:14.0pt\"><span style=\"font-family:&quot;Times New Roman&quot;,serif\"> l&agrave; b&agrave;i học mang đến c&aacute;c em c&aacute;i nh&igrave;n kh&aacute;t qu&aacute;t về c&acirc;u lệnh <em>Say,</em> c&aacute;ch ph&acirc;n biệt sự kh&aacute;c nhau giữa hai c&acirc;u lệnh <em>Say </em>&nbsp;trong Tynker. Từ đ&oacute; c&oacute; thể h&igrave;nh th&agrave;nh c&aacute;c cuộc độc thoại hoặc đối thoại, thậm ch&iacute; l&agrave; những c&acirc;u n&oacute;i đ&ugrave;a do người lập tr&igrave;nh đưa v&agrave;o nh&acirc;n vật.</span></span></strong></span></p>\r\n','<p style=\"text-align:center\"><img alt=\"\" src=\"/media/2019/05/02/picture.png\" style=\"height:338px; width:600px\" /></p>\r\n\r\n<p style=\"text-align:center\"><span style=\"color:#2980b9\"><span style=\"font-size:36px\"><span style=\"font-family:Times New Roman,Times,serif\"><strong>L&Agrave;M NH&Acirc;N VẬT N&Oacute;I</strong></span></span></span></p>\r\n\r\n<p style=\"text-align:justify\"><span style=\"font-family:Times New Roman,Times,serif\"><strong><span style=\"font-size:20px\"><span style=\"color:#e74c3c\">A. Mục ti&ecirc;u hoạt động</span></span></strong></span></p>\r\n\r\n<p style=\"text-align:justify\"><span style=\"color:#d35400\"><span style=\"font-family:Times New Roman,Times,serif\"><em><span style=\"font-size:14.0pt\">&ldquo;L&agrave;m nh&acirc;n vật n&oacute;i&rdquo; </span></em><span style=\"font-size:14.0pt\">l&agrave; video b&agrave;i giảng gi&uacute;p ch&uacute;ng ta h&igrave;nh th&agrave;nh một b&agrave;i giới thiệu th&ocirc;ng tin c&aacute; nh&acirc;n như họ t&ecirc;n, tuổi, trường, lớp, ... C&acirc;u lệnh chủ đạo được sử dụng trong phần n&agrave;y l&agrave; <em>Say for secs. V&agrave;&nbsp;</em></span></span><span style=\"font-size:11pt\"><span style=\"font-family:Calibri,sans-serif\"><span style=\"font-size:14.0pt\"><span style=\"font-family:&quot;Times New Roman&quot;,serif\">ch&uacute;ng ta tiếp tục t&igrave;m hiểu về thẻ lệnh Looks, đặc biệt l&agrave; sự kh&aacute;c biệt giữa c&acirc;u lệnh <em>Say for secs </em>v&agrave; <em>Say. </em>Ngo&agrave;i ra, ch&uacute;ng ta c&oacute; thể kết hợp với c&acirc;u lệnh <em>Wait secs </em>để h&igrave;nh th&agrave;nh cuộc đối thoại giữa hai hay nhiều nh&acirc;n vật. </span></span></span></span></span></p>\r\n\r\n<p style=\"text-align:justify\"><span style=\"font-family:Times New Roman,Times,serif\"><strong><span style=\"font-size:20px\"><span style=\"color:#e74c3c\">B. Video giới thiệu</span></span></strong></span></p>\r\n\r\n<p><iframe frameborder=\"0\" src=\"https://www.youtube.com/embed/0difGLKgdKo\" style=\"width:100%; height:500px\"></iframe></p>\r\n\r\n<p style=\"text-align:justify\"><span style=\"font-family:Times New Roman,Times,serif\"><strong><span style=\"font-size:20px\"><span style=\"color:#e74c3c\">C. Video b&agrave;i giảng</span></span></strong></span></p>\r\n\r\n<p style=\"text-align:justify\"><span style=\"color:#d35400\"><span style=\"font-family:Times New Roman,Times,serif\"><strong><span style=\"font-size:20px\">Phần 1</span></strong></span></span></p>\r\n\r\n<p><iframe frameborder=\"0\" src=\"https://www.youtube.com/embed/Hg8ipr3qi8k\" style=\"width:100%; height:500px\"></iframe></p>\r\n\r\n<p style=\"text-align:justify\"><span style=\"color:#d35400\"><span style=\"font-family:Times New Roman,Times,serif\"><strong><span style=\"font-size:20px\">Phần 2</span></strong></span></span></p>\r\n','https://www.youtube.com/embed/Z7eUTteSNG8',1,'',7,3,74,166),(168,'Thay Đổi Tư Thế Nhân Vật','2019-05-02 03:27:31.090744','2019-05-02 03:27:31.090751',15,1,'<p style=\"text-align:center\"><img alt=\"\" src=\"/media/2019/04/27/banner.png\" style=\"height:311px; width:600px\" /></p>\r\n\r\n<p style=\"text-align:justify\"><span style=\"color:#e74c3c\"><span style=\"font-size:20px\"><span style=\"font-family:Times New Roman,Times,serif\"><strong><em>&rdquo;Thay đổi tư thế nh&acirc;n vật&rdquo;</em> l&agrave; b&agrave;i học mang đến c&aacute;c em c&aacute;i nh&igrave;n kh&aacute;t qu&aacute;t về c&acirc;u lệnh <em>Next Costumes,</em>&nbsp;<em>Switch Costumes To, ... </em>Từ đ&oacute;, ch&uacute;ng ta c&oacute; thể h&igrave;nh th&agrave;nh c&aacute;c đoạn phim hoạt h&igrave;nh trong đ&oacute; nh&acirc;n vật c&oacute; thể thay đổi trang phục hay h&igrave;nh dạng kh&aacute;c nhau.&nbsp;</strong></span></span></span></p>\r\n','<p style=\"text-align:center\"><img alt=\"\" src=\"/media/2019/05/02/picture44.png\" style=\"height:400px; width:600px\" /></p>\r\n\r\n<p style=\"text-align:center\"><span style=\"color:#2980b9\"><span style=\"font-size:36px\"><span style=\"font-family:Times New Roman,Times,serif\"><strong>THAY ĐỔI TƯ THẾ NH&Acirc;N VẬT</strong></span></span></span></p>\r\n\r\n<p style=\"text-align:justify\"><span style=\"font-family:Times New Roman,Times,serif\"><strong><span style=\"color:#e74c3c\"><span style=\"font-size:20px\">A. Mục ti&ecirc;u hoạt động</span></span></strong></span></p>\r\n\r\n<p style=\"text-align:justify\"><span style=\"color:#d35400\"><span style=\"font-size:11pt\"><span style=\"font-family:Calibri,sans-serif\"><em><span style=\"font-size:14.0pt\"><span style=\"font-family:&quot;Times New Roman&quot;,serif\">&ldquo;Looks &ndash; Cuộc hội thoại vui vẻ&rdquo; </span></span></em><span style=\"font-size:14.0pt\"><span style=\"font-family:&quot;Times New Roman&quot;,serif\">l&agrave; một chủ đề kh&aacute; th&uacute; vị với những bạn lập tr&igrave;nh nh&iacute; mong muốn được tạo ra những c&acirc;u chuyện hay những tr&ograve; chơi sinh động đến từ c&aacute;c nh&acirc;n vật của m&igrave;nh. Đến với chuỗi video ngắn, c&aacute;c em c&oacute; cơ hội kh&aacute;m ph&aacute; kiến thức kh&aacute;i qu&aacute;t cũng như những c&aacute;ch thức gi&uacute;p c&aacute;c nh&acirc;n vật chuyển động hay thay đổi tư thế. Bằng những b&agrave;i học nhỏ, Tynker hy vọng mang đến c&aacute;c em những kh&aacute;m ph&aacute; mới về chủ đề kh&aacute; th&uacute; vị n&agrave;y. </span></span></span></span></span></p>\r\n\r\n<p style=\"text-align:justify\"><span style=\"font-family:Times New Roman,Times,serif\"><strong><span style=\"color:#e74c3c\"><span style=\"font-size:20px\">B. Video giới thiệu</span></span></strong></span></p>\r\n\r\n<p><iframe frameborder=\"0\" src=\"https://www.youtube.com/embed/_KNlKlTSK0g\" style=\"width:100%; height:500px\"></iframe></p>\r\n\r\n<p style=\"text-align:justify\"><span style=\"font-family:Times New Roman,Times,serif\"><strong><span style=\"color:#e74c3c\"><span style=\"font-size:20px\">C. Video b&agrave;i giảng</span></span></strong></span></p>\r\n','https://www.youtube.com/embed/guOg58e2Mzo',2,'',7,3,74,166),(169,'Cùng Nhau Ôn Tập','2019-05-02 03:34:10.139253','2019-05-02 03:48:22.833411',5,1,'<p style=\"text-align:center\"><img alt=\"\" src=\"/media/2019/04/27/banner.png\" style=\"height:311px; width:600px\" /></p>\r\n\r\n<p style=\"text-align:justify\"><span style=\"color:#e74c3c\"><span style=\"font-size:20px\"><span style=\"font-family:Times New Roman,Times,serif\"><strong>Kh&ocirc;ng qu&aacute; kh&oacute; khăn, &quot;<em>C&ugrave;ng nhau &ocirc;n tập</em>&quot;&nbsp;l&agrave; hai hoạt động kiểm tra đ&aacute;nh gi&aacute; đơn giản năng lực người học th&ocirc;ng qua việc ghi nhớ v&agrave; thực hiện những y&ecirc;u cầu của tr&ograve; chơi. Hoạt động n&agrave;y được xem như l&agrave; một h&igrave;nh thức bổ trợ, r&egrave;n luyện th&ecirc;m kiến thức v&agrave; kỹ năng cho người học.</strong></span></span></span></p>\r\n','<p style=\"text-align:center\"><img alt=\"\" src=\"/media/2019/05/02/document.png\" style=\"height:278px; width:550px\" /></p>\r\n\r\n<p style=\"text-align:center\"><span style=\"color:#2980b9\"><span style=\"font-size:36px\"><strong><span style=\"font-family:Times New Roman,Times,serif\">C&Ugrave;NG NHAU &Ocirc;N TẬP</span></strong></span></span></p>\r\n','/media/unzip/look_thuthachtrinho_8kDrAwA/story_flash.html',3,'',7,4,74,168),(170,'Minh Họa Trực Quan','2019-05-02 03:52:16.572868','2019-05-02 03:52:16.572874',5,1,'<p style=\"text-align:center\"><img alt=\"\" src=\"/media/2019/04/27/banner.png\" style=\"height:311px; width:600px\" /></p>\r\n\r\n<p style=\"text-align:justify\"><span style=\"color:#e74c3c\"><span style=\"font-family:Times New Roman,Times,serif\"><strong><span style=\"font-size:14.0pt\">Với mong muốn mang đến người học những t&agrave;i liệu li&ecirc;n quan bổ &iacute;ch v&agrave; hiệu quả, <em>&ldquo;Minh họa trực quan&rdquo; </em>l&agrave; hoạt động hỗ trợ người học trau dồi, r&egrave;n luyện v&agrave; đ&aacute;p ứng nhu cầu n&acirc;ng cao hiểu biết cho những vấn đề được tiếp cận trước đ&oacute;.</span></strong></span></span></p>\r\n','<p style=\"text-align:center\"><img alt=\"\" src=\"/media/2019/05/02/picture9.png\" style=\"height:345px; width:600px\" /></p>\r\n\r\n<p style=\"text-align:center\"><span style=\"color:#2980b9\"><span style=\"font-size:36px\"><span style=\"font-family:Times New Roman,Times,serif\"><strong>MINH HỌA TRỰC QUAN</strong></span></span></span></p>\r\n','/media/VD.pdf',1,'',7,2,76,NULL),(171,'Tài Liệu Kì Diệu','2019-05-02 03:55:18.368812','2019-05-02 03:55:18.368818',5,1,'<p style=\"text-align:center\"><img alt=\"\" src=\"/media/2019/04/27/banner.png\" style=\"height:311px; width:600px\" /></p>\r\n\r\n<p style=\"text-align:justify\"><span style=\"color:#e74c3c\"><strong><span style=\"font-family:Times New Roman,Times,serif\"><span style=\"font-size:11pt\"><span style=\"font-size:14.0pt\">Thực ra, trong qu&aacute; tr&igrave;nh tiếp thu c&aacute;c b&agrave;i học mới, người học rất c&oacute; thể sẽ gặp nhiều kh&oacute; khăn trong việc ghi ch&eacute;p hay nắm bắt vấn đề trọng t&acirc;m. </span><em><span style=\"font-size:14.0pt\">&ldquo;T&agrave;i liệu k&igrave; diệu&rdquo;</span></em><span style=\"font-size:14.0pt\"> ch&iacute;nh l&agrave; hoạt động xử l&iacute; gi&uacute;p bạn kh&oacute; khăn n&agrave;y. Với những t&agrave;i liệu được hệ thống trang bị v&agrave; cung cấp, tin rằng người học sẽ tự tin hơn khi được một lần nữa nh&igrave;n lại b&agrave;i học, từ đ&oacute; n&acirc;ng cao tri thức trong qua tr&igrave;nh t&igrave;m hiểu c&ugrave;ng Tynker.&nbsp; </span>&nbsp;</span></span></strong></span></p>\r\n','<p style=\"text-align:center\"><img alt=\"\" src=\"/media/2019/05/02/picture9.png\" style=\"height:345px; width:600px\" /></p>\r\n\r\n<p style=\"text-align:center\"><span style=\"color:#2980b9\"><span style=\"font-size:36px\"><span style=\"font-family:Times New Roman,Times,serif\"><strong>T&Agrave;I LIỆU K&Igrave; DIỆU</strong></span></span></span></p>\r\n','/media/thamkhao_By83E4e.pdf',2,'',7,2,76,NULL),(172,'Nét Vẽ Đầu Tiên','2019-05-02 04:11:41.032532','2019-05-02 04:11:41.032538',1,1,'<p style=\"text-align:center\"><img alt=\"\" src=\"/media/2019/04/27/banner.png\" style=\"height:311px; width:600px\" /></p>\r\n\r\n<p style=\"text-align:justify\"><strong><span style=\"color:#e74c3c\"><span style=\"font-size:20px\"><span style=\"font-family:Times New Roman,Times,serif\"><em>&ldquo;N&eacute;t Vẽ Đầu Ti&ecirc;n&rdquo; </em>mang đến cho học sinh một đoạn video ngắn giới thiệu kh&aacute;i qu&aacute;t gi&uacute;p c&aacute;c em bước đầu l&agrave;m quen với c&aacute;c khối lệnh Pen, từ đ&oacute; dễ d&agrave;ng đến với c&aacute;c hoạt động trong chủ đề b&agrave;i học. </span></span></span></strong></p>\r\n','<p style=\"text-align:center\"><img alt=\"\" src=\"/media/2019/05/02/picture7.png\" style=\"height:338px; width:600px\" /></p>\r\n\r\n<p style=\"text-align:center\"><span style=\"color:#2980b9\"><span style=\"font-size:36px\"><strong><span style=\"font-family:Times New Roman,Times,serif\">N&Eacute;T VẼ ĐẦU TI&Ecirc;N</span></strong></span></span></p>\r\n\r\n<p style=\"text-align:justify\"><span style=\"color:#e74c3c\"><span style=\"font-size:20px\"><span style=\"font-family:Times New Roman,Times,serif\"><strong>A. Mục ti&ecirc;u hoạt động</strong></span></span></span></p>\r\n\r\n<p style=\"text-align:justify\"><span style=\"font-size:20px\"><span style=\"color:#d35400\"><span style=\"font-family:Times New Roman,Times,serif\">Bạn c&oacute; thể ph&aacute;c họa c&aacute;c bức tranh thật đẹp bằng những c&acirc;u lệnh đơn giản. </span></span></span></p>\r\n\r\n<p style=\"text-align:justify\"><span style=\"font-size:20px\"><span style=\"color:#d35400\"><span style=\"font-family:Times New Roman,Times,serif\">H&atilde;y thử điều n&agrave;y v&agrave; hơn thế nữa với Tynker. </span></span></span></p>\r\n\r\n<p style=\"text-align:justify\"><span style=\"font-size:20px\"><span style=\"font-family:Times New Roman,Times,serif\"><span style=\"color:#d35400\">Trải nghiệm ngay: <strong><a href=\"https://www.tynker.com/\">https://www.tynker.com/</a></strong></span></span></span></p>\r\n\r\n<p style=\"text-align:justify\"><span style=\"color:#e74c3c\"><span style=\"font-size:20px\"><span style=\"font-family:Times New Roman,Times,serif\"><strong>B. Video b&agrave;i giảng</strong></span></span></span></p>\r\n','https://www.youtube.com/embed/82Msy0HJX-o',1,'',7,3,77,NULL),(173,'Nhân Vật Vẽ Đường Thẳng Đổi Màu','2019-05-02 04:34:16.345204','2019-05-02 04:34:16.345210',15,1,'<p style=\"text-align:center\"><img alt=\"\" src=\"/media/2019/04/27/banner.png\" style=\"height:311px; width:600px\" /></p>\r\n\r\n<p style=\"text-align:justify\"><span style=\"color:#e74c3c\"><strong><span style=\"font-family:Times New Roman,Times,serif\"><em><span style=\"font-size:14.0pt\">&ldquo;Nh&acirc;n vật&nbsp;vẽ đường thẳng đổi m&agrave;u&rdquo; </span></em><span style=\"font-size:14.0pt\">l&agrave; b&agrave;i học mang đến c&aacute;c em c&aacute;i nh&igrave;n kh&aacute;t qu&aacute;t về chức năng l&agrave;m cho c&aacute;c n&eacute;t vẽ chuyển đổi m&agrave;u sắc t&ugrave;y theo nhu cầu người lập tr&igrave;nh. B&agrave;i học n&agrave;y g&oacute;p phần l&agrave;m cho sản phẩm Tynker sinh động v&agrave; m&agrave;u sắc hơn.</span></span></strong></span></p>\r\n','<p style=\"text-align:center\"><img alt=\"\" src=\"/media/2019/05/02/picture18.png\" style=\"height:338px; width:600px\" /></p>\r\n\r\n<p style=\"text-align:center\"><span style=\"color:#2980b9\"><span style=\"font-size:36px\"><strong><span style=\"font-family:Times New Roman,Times,serif\">NH&Acirc;N VẬT VẼ ĐƯỜNG THẲNG ĐỔI M&Agrave;U</span></strong></span></span></p>\r\n\r\n<p style=\"text-align:justify\"><span style=\"color:#e74c3c; font-family:Times New Roman,Times,serif\"><span style=\"font-size:20px\"><strong>A. Mục ti&ecirc;u hoạt động</strong></span></span></p>\r\n\r\n<p style=\"text-align:justify\"><span style=\"color:#d35400\"><em><span style=\"font-size:14.0pt\"><span style=\"font-family:&quot;Times New Roman&quot;,serif\">&ldquo;Vẽ đường thẳng đổi m&agrave;u&rdquo; </span></span></em><span style=\"font-size:14.0pt\"><span style=\"font-family:&quot;Times New Roman&quot;,serif\">l&agrave; hoạt động lắng nghe b&agrave;i giảng th&ocirc;ng qua c&aacute;c video cụ thể. Tại đ&acirc;y c&aacute;c em được c&ugrave;ng gi&aacute;o vi&ecirc;n hướng dẫn t&igrave;m hiểu kĩ hơn về thẻ lệnh Pen, c&aacute;ch thức thực hiện, vận dụng c&aacute;c c&acirc;u lệnh Set pen color to, Change pen color by,... v&agrave; c&aacute;c c&acirc;u lệnh trong phần color thuộc thẻ lệnh Pen.</span></span></span></p>\r\n\r\n<p style=\"text-align:justify\"><span style=\"color:#e74c3c; font-family:Times New Roman,Times,serif\"><span style=\"font-size:20px\"><strong>B. Video giới thiệu</strong></span></span></p>\r\n\r\n<p><iframe frameborder=\"0\" src=\"https://www.youtube.com/embed/GYHxXvdAQqQ\" style=\"width:100%; height:500px\"></iframe></p>\r\n\r\n<p style=\"text-align:justify\"><span style=\"color:#e74c3c; font-family:Times New Roman,Times,serif\"><span style=\"font-size:20px\"><strong>C. Video b&agrave;i giảng</strong></span></span></p>\r\n','https://www.youtube.com/embed/sHC2_v3fUVI',1,'',7,3,78,172),(174,'Nhân Vật Vẽ Họa Tiết','2019-05-02 04:44:41.477269','2019-05-02 04:44:41.477275',15,1,'<p style=\"text-align:center\"><img alt=\"\" src=\"/media/2019/04/27/banner.png\" style=\"height:311px; width:600px\" /></p>\r\n\r\n<p style=\"text-align:justify\"><span style=\"color:#e74c3c\"><strong><span style=\"font-size:20px\"><span style=\"font-family:Times New Roman,Times,serif\"><em>&ldquo;Nh&acirc;n vật&nbsp;vẽ họa tiết&rdquo; </em>l&agrave; b&agrave;i học mang đến c&aacute;c em c&aacute;i nh&igrave;n kh&aacute;t qu&aacute;t về chức năng tạo th&ecirc;m nhiều điểm nhấn cho cuộc sống của nh&acirc;n vật bằng c&aacute;ch th&ecirc;m v&agrave;o đ&oacute; những họa tiết kh&aacute;c nhau như: h&igrave;nh vu&ocirc;ng, h&igrave;nh chữ nhật, ... Từ những họa tiết n&agrave;y, c&aacute;c em c&oacute; thể vận dụng để s&aacute;ng tạo ra c&aacute;c h&igrave;nh ảnh phong ph&uacute; kh&aacute;c. </span></span></strong></span></p>\r\n','<p style=\"text-align:center\"><img alt=\"\" src=\"/media/2019/05/02/picture46.png\" style=\"height:322px; width:600px\" /></p>\r\n\r\n<p style=\"text-align:center\"><span style=\"color:#2980b9\"><span style=\"font-size:36px\"><span style=\"font-family:Times New Roman,Times,serif\"><strong>NH&Acirc;N VẬT VẼ HỌA TIẾT</strong></span></span></span></p>\r\n\r\n<p style=\"text-align:justify\"><span style=\"font-family:Times New Roman,Times,serif\"><strong><span style=\"color:#e74c3c\"><span style=\"font-size:20px\">A. Mục ti&ecirc;u hoạt động</span></span></strong></span></p>\r\n\r\n<p style=\"text-align:justify\"><span style=\"color:#d35400\"><em><span style=\"font-size:14.0pt\"><span style=\"font-family:&quot;Times New Roman&quot;,serif\">&ldquo;Vẽ c&aacute;c họa tiết kh&aacute;c nhau&rdquo; </span></span></em><span style=\"font-size:14.0pt\"><span style=\"font-family:&quot;Times New Roman&quot;,serif\">l&agrave; hoạt động lắng nghe b&agrave;i giảng th&ocirc;ng qua c&aacute;c video cụ thể. Tại đ&acirc;y, c&aacute;c em c&oacute; thể dựa tr&ecirc;n những sản phẩm của hoạt động <em>&ldquo;Vẽ đường thẳng đổi m&agrave;u&rdquo; </em>để tạo ra những họa tiết theo &yacute; muốn<em>. </em>Th&ocirc;ng qua ch&uacute;ng, c&aacute;c em bắt đầu c&oacute; những kh&aacute;m ph&aacute; mới mẻ về h&agrave;nh tr&igrave;nh <em>&ldquo;tập l&agrave;m họa sĩ&rdquo; </em>đầy th&uacute; vị. </span></span></span></p>\r\n\r\n<p style=\"text-align:justify\"><span style=\"font-family:Times New Roman,Times,serif\"><strong><span style=\"color:#e74c3c\"><span style=\"font-size:20px\">B. Video giới thiệu</span></span></strong></span></p>\r\n\r\n<p><iframe frameborder=\"0\" src=\"https://www.youtube.com/embed/WUmDV3yEPKQ\" style=\"width:100%; height:500px\"></iframe></p>\r\n\r\n<p style=\"text-align:justify\"><span style=\"font-family:Times New Roman,Times,serif\"><strong><span style=\"color:#e74c3c\"><span style=\"font-size:20px\">C. Video b&agrave;i giảng</span></span></strong></span></p>\r\n','https://www.youtube.com/embed/nAV3vpdfMLs',2,'',7,3,78,172),(175,'Cùng Nhau Ôn Tập','2019-05-02 04:48:11.487027','2019-05-02 04:52:28.294240',5,1,'<p style=\"text-align:center\"><img alt=\"\" src=\"/media/2019/04/27/banner.png\" style=\"height:311px; width:600px\" /></p>\r\n\r\n<p style=\"text-align:justify\"><span style=\"color:#e74c3c\"><span style=\"font-size:20px\"><span style=\"font-family:Times New Roman,Times,serif\"><strong>Kh&ocirc;ng qu&aacute; kh&oacute; khăn, &quot;<em>C&ugrave;ng nhau &ocirc;n tập</em>&quot;&nbsp;l&agrave; hai hoạt động kiểm tra đ&aacute;nh gi&aacute; đơn giản năng lực người học th&ocirc;ng qua việc ghi nhớ v&agrave; thực hiện những y&ecirc;u cầu của tr&ograve; chơi. Hoạt động n&agrave;y được xem như l&agrave; một h&igrave;nh thức bổ trợ, r&egrave;n luyện th&ecirc;m kiến thức v&agrave; kỹ năng cho người học.</strong></span></span></span></p>\r\n','<p style=\"text-align:center\"><img alt=\"\" src=\"/media/2019/04/29/picture32.jpg\" style=\"height:244px; width:467px\" /></p>\r\n\r\n<p style=\"text-align:center\"><span style=\"font-family:Times New Roman,Times,serif\"><span style=\"font-size:36px\"><strong><span style=\"color:#2980b9\">C&Ugrave;NG NHAU &Ocirc;N TẬP</span></strong></span></span></p>\r\n','/media/unzip/pen_cungnhauontap/story_flash.html',3,'',7,4,78,174),(176,'Minh Họa Trực Quan','2019-05-02 04:56:26.536308','2019-05-02 04:56:26.536314',5,1,'<p style=\"text-align:center\"><img alt=\"\" src=\"/media/2019/04/27/banner.png\" style=\"height:311px; width:600px\" /></p>\r\n\r\n<p style=\"text-align:justify\"><span style=\"font-size:20px\"><span style=\"color:#e74c3c\"><strong><span style=\"font-family:&quot;Times New Roman&quot;,serif\">Nh&igrave;n nhận rất r&otilde; về vai tr&ograve; của việc bổ trợ kiến thức cho người học th&ocirc;ng qua c&aacute;c t&agrave;i liệu li&ecirc;n quan, <em>&ldquo;Minh họa trực quan&rdquo; </em>ch&iacute;nh l&agrave; hoạt động mang đến cho c&aacute;c em những t&agrave;i liệu đ&aacute;ng tin cậy li&ecirc;n quan đến chủ đề, nhằm gi&uacute;p c&aacute;c em vững v&agrave;ng hơn trong việc tiếp thu những tri thức mới.</span></strong></span></span></p>\r\n','<p style=\"text-align:center\"><img alt=\"\" src=\"/media/2019/04/29/picture9.png\" style=\"height:345px; width:600px\" /></p>\r\n\r\n<p style=\"text-align:center\"><span style=\"color:#2980b9\"><span style=\"font-size:36px\"><span style=\"font-family:Times New Roman,Times,serif\"><strong>MINH HỌA TRỰC QUAN</strong></span></span></span></p>\r\n','/media/VD_qpK8dNR.pdf',1,'',7,2,80,NULL),(177,'Tài Liệu Kì Diệu','2019-05-02 04:57:48.944193','2019-05-02 04:57:48.944199',5,1,'<p style=\"text-align:center\"><img alt=\"\" src=\"/media/2019/04/27/banner.png\" style=\"height:311px; width:600px\" /></p>\r\n\r\n<p style=\"text-align:justify\"><span style=\"font-size:20px\"><span style=\"color:#e74c3c\"><strong><span style=\"font-family:&quot;Times New Roman&quot;,serif\">Thực ra, trong qu&aacute; tr&igrave;nh tiếp thu c&aacute;c b&agrave;i học mới, người học rất c&oacute; thể sẽ gặp nhiều kh&oacute; khăn trong việc ghi ch&eacute;p hay nắm bắt vấn đề trọng t&acirc;m. </span><em><span style=\"font-family:&quot;Times New Roman&quot;,serif\">&ldquo;T&agrave;i liệu k&igrave; diệu&rdquo;</span></em><span style=\"font-family:&quot;Times New Roman&quot;,serif\"> ch&iacute;nh l&agrave; hoạt động xử l&iacute; gi&uacute;p bạn kh&oacute; khăn n&agrave;y. Với những t&agrave;i liệu được hệ thống trang bị v&agrave; cung cấp, tin rằng người học sẽ tự tin hơn khi được một lần nữa nh&igrave;n lại b&agrave;i học, từ đ&oacute; n&acirc;ng cao tri thức trong qua tr&igrave;nh t&igrave;m hiểu c&ugrave;ng Tynker.</span></strong></span></span></p>\r\n','<p style=\"text-align:center\"><img alt=\"\" src=\"/media/2019/04/29/picture9.png\" style=\"height:345px; width:600px\" /></p>\r\n\r\n<p style=\"text-align:center\"><span style=\"color:#2980b9\"><span style=\"font-size:36px\"><span style=\"font-family:Times New Roman,Times,serif\"><strong>T&Agrave;I LIỆU K&Igrave; DIỆU</strong></span></span></span></p>\r\n','/media/THAMKHAO.pdf',2,'',7,2,80,NULL),(178,'Vạch Xuất Phát','2019-05-02 06:19:20.213215','2019-05-02 06:19:20.213222',3,1,'<p style=\"text-align:center\"><img alt=\"\" src=\"/media/2019/04/27/banner.png\" style=\"height:311px; width:600px\" /></p>\r\n\r\n<p style=\"text-align:justify\"><span style=\"color:#e74c3c\"><strong><span style=\"font-size:20px\"><span style=\"font-family:Times New Roman,Times,serif\">Hoạt động &ldquo;<em>Vạch xuất ph&aacute;t&rdquo; </em>mang đến người học một đoạn video ngắn, giới thiệu tổng quan về dự &aacute;n đầu ti&ecirc;n trong chủ đề n&agrave;y. Tại đ&acirc;y, c&aacute;c em được quan s&aacute;t c&aacute;ch thức hoạt động kh&aacute;i qu&aacute;t của dự &aacute;n, từ đ&oacute; c&oacute; cho m&igrave;nh h&igrave;nh dung sơ lược cũng như khơi nguồn cảm hứng thực h&agrave;nh v&agrave; s&aacute;ng tạo của bản th&acirc;n. </span></span></strong></span></p>\r\n','','https://www.youtube.com/embed/V3e-Fkoias8',1,'',7,3,81,NULL),(179,'Lắng Nghe Bài Giảng','2019-05-02 06:52:56.628685','2019-05-02 06:52:56.628692',40,1,'<p style=\"text-align:center\"><img alt=\"\" src=\"/media/2019/04/27/banner.png\" style=\"height:311px; width:600px\" /></p>\r\n\r\n<p style=\"text-align:justify\"><strong><span style=\"font-family:Times New Roman,Times,serif\"><span style=\"color:#e74c3c\"><span style=\"font-size:20px\">Truyền cảm hứng cho c&aacute;c em&nbsp;để thể hiện sự s&aacute;ng tạo của m&igrave;nh th&ocirc;ng qua lập tr&igrave;nh! Hoạt động n&agrave;y sẽ c&oacute; nhiều dự &aacute;n&nbsp;mới cho chuỗi b&agrave;i học trong kh&oacute;a học ch&uacute;ng ta, bao gồm c&aacute;c bộ c&acirc;u đố m&atilde; h&oacute;a mới v&agrave; c&aacute;c dự &aacute;n tự l&agrave;m với c&aacute;c hướng dẫn được hướng dẫn.</span></span></span></strong></p>\r\n','<p style=\"text-align:center\"><img alt=\"\" src=\"/media/2019/05/02/picture18_QSYrNhp.png\" style=\"height:338px; width:600px\" /></p>\r\n\r\n<p style=\"text-align:center\"><span style=\"color:#2980b9\"><span style=\"font-size:36px\"><strong><span style=\"font-family:Times New Roman,Times,serif\">LẮNG NGHE B&Agrave;I GIẢNG</span></strong></span></span></p>\r\n\r\n<p style=\"text-align:justify\"><strong><span style=\"font-family:Times New Roman,Times,serif\"><span style=\"font-size:20px\"><span style=\"color:#d35400\">Phần 1</span></span></span></strong></p>\r\n\r\n<p><iframe frameborder=\"0\" src=\"https://www.youtube.com/embed/4feaa0UcPAI\" style=\"width:100%; height:500px\"></iframe></p>\r\n\r\n<p style=\"text-align:justify\"><strong><span style=\"font-family:Times New Roman,Times,serif\"><span style=\"font-size:20px\"><span style=\"color:#d35400\">Phần 2</span></span></span></strong></p>\r\n\r\n<p><iframe frameborder=\"0\" src=\"https://www.youtube.com/embed/cMGNoFykAPc\" style=\"width:100%; height:500px\"></iframe></p>\r\n\r\n<p style=\"text-align:justify\"><strong><span style=\"font-family:Times New Roman,Times,serif\"><span style=\"font-size:20px\"><span style=\"color:#d35400\">Phần 3</span></span></span></strong></p>\r\n','https://www.youtube.com/embed/W66dssLExEU',1,'',7,3,82,178),(180,'Điểm Khởi Đầu','2019-05-02 06:57:21.691017','2019-05-02 06:57:21.691023',5,1,'<p style=\"text-align:center\"><img alt=\"\" src=\"/media/2019/04/27/banner.png\" style=\"height:311px; width:600px\" /></p>\r\n\r\n<p style=\"text-align:justify\"><span style=\"color:#e74c3c\"><strong><span style=\"font-size:11pt\"><span style=\"font-family:Calibri,sans-serif\"><em><span style=\"font-size:14.0pt\"><span style=\"font-family:&quot;Times New Roman&quot;,serif\">&ldquo;Điểm khởi đầu&rdquo; </span></span></em><span style=\"font-size:14.0pt\"><span style=\"font-family:&quot;Times New Roman&quot;,serif\">l&agrave; hoạt động đ&aacute;nh thức cảm hứng thực h&agrave;nh v&agrave; s&aacute;ng tạo của c&aacute;c bạn nhỏ th&ocirc;ng qua những b&agrave;i kiểm tra đ&aacute;nh gi&aacute; đơn giản về vấn đề được cung cấp ở c&aacute;c phần trước. Th&ocirc;ng qua c&aacute;c dạng b&agrave;i tập quen thuộc như trả lời c&acirc;u hỏi trắc nghiệm hoặc trả lời c&acirc;u hỏi đ&uacute;ng sai, <em>&ldquo;Điểm khởi đầu&rdquo; </em>trao cho c&aacute;c bạn nhỏ cơ hội được r&egrave;n luyện lại c&aacute;c kiến thức ph&iacute;a trước v&agrave; sẵn s&agrave;ng cho chặng đường kh&aacute;m ph&aacute; tiếp theo. </span></span></span></span></strong></span></p>\r\n','<p style=\"text-align:center\"><img alt=\"\" src=\"/media/2019/05/02/picture47.png\" style=\"height:325px; width:600px\" /></p>\r\n\r\n<p style=\"text-align:center\"><span style=\"font-size:36px\"><span style=\"color:#2980b9\"><span style=\"font-family:Times New Roman,Times,serif\"><strong>ĐIỂM KHỞI ĐẦU</strong></span></span></span></p>\r\n','/media/unzip/vachxuatphat/story_flash.html',1,'',7,4,83,179),(181,'Mùa Đông Bắt Đầu','2019-05-02 07:30:58.002525','2019-05-02 07:30:58.002532',2,1,'<p style=\"text-align:center\"><img alt=\"\" src=\"/media/2019/04/27/banner.png\" style=\"height:311px; width:600px\" /></p>\r\n\r\n<p style=\"text-align:justify\"><span style=\"color:#e74c3c\"><span style=\"font-size:20px\"><span style=\"font-family:Times New Roman,Times,serif\"><strong>Hoạt động mang t&ecirc;n <em>&ldquo;M&ugrave;a đ&ocirc;ng bắt đầu&rdquo;</em> mang đến c&aacute;c em học sinh một video ngắn giới thiệu tổng quan dự &aacute;n tiếp theo của b&agrave;i học. Hoạt động l&agrave; những kh&aacute;i qu&aacute;t sinh động về c&aacute;ch thức thực hiện dự &aacute;n nhằm gi&uacute;p c&aacute;c em c&oacute; được c&aacute;i nh&igrave;n sơ lược c&ugrave;ng những h&igrave;nh dung chung nhất để bắt tay kh&aacute;m ph&aacute;, thực hiện dự chủ đề. </strong></span></span></span></p>\r\n','','https://www.youtube.com/embed/3OhO9cN5sYY',1,'',7,3,89,NULL),(182,'Tận Hưởng Mùa Đông','2019-05-02 07:37:05.170233','2019-05-02 07:37:05.170239',20,1,'<p style=\"text-align:center\"><img alt=\"\" src=\"/media/2019/04/27/banner.png\" style=\"height:311px; width:600px\" /></p>\r\n\r\n<p style=\"text-align:justify\"><span style=\"color:#e74c3c\"><span style=\"font-size:20px\"><span style=\"font-family:Times New Roman,Times,serif\"><strong>Kh&ocirc;ng kh&iacute; đang đ&oacute;ng băng b&ecirc;n ngo&agrave;i, v&agrave; đ&oacute; l&agrave; thời gian để đi trượt băng! Khi bạn trượt băng, bạn c&oacute; thể đếm số b&ocirc;ng tuyết rơi từ tr&ecirc;n trời.&nbsp;</strong><strong>Trong dự &aacute;n n&agrave;y, bạn sẽ tạo ra một tr&ograve; chơi với nh&acirc;n vật ch&iacute;nh l&agrave; người tuyết. Với nh&acirc;n vật n&agrave;y, nhiệm vụ ch&iacute;nh l&agrave; đếm từng b&ocirc;ng tuyết rơi từ tr&ecirc;n trời rơi xuống.</strong></span></span></span></p>\r\n','<p style=\"text-align:center\"><img alt=\"\" src=\"/media/2019/05/02/picture18_QSYrNhp.png\" style=\"height:338px; width:600px\" /></p>\r\n\r\n<p style=\"text-align:center\"><span style=\"color:#2980b9\"><span style=\"font-size:36px\"><span style=\"font-family:Times New Roman,Times,serif\"><strong>TẬN HƯỞNG M&Ugrave;A Đ&Ocirc;NG</strong></span></span></span></p>\r\n\r\n<p style=\"text-align:justify\"><span style=\"color:#e74c3c\"><span style=\"font-size:20px\"><span style=\"font-family:Times New Roman,Times,serif\"><strong>Phần 1</strong></span></span></span></p>\r\n\r\n<p><iframe frameborder=\"0\" src=\"https://www.youtube.com/embed/fziFUR1gi-Y\" style=\"width:100%; height:500px\"></iframe></p>\r\n\r\n<p style=\"text-align:justify\"><span style=\"color:#e74c3c\"><span style=\"font-size:20px\"><span style=\"font-family:Times New Roman,Times,serif\"><strong>Phần 2</strong></span></span></span></p>\r\n','https://www.youtube.com/embed/viKL3Afgh20',1,'',7,3,90,181),(183,'Mùa Đông Ấm Áp','2019-05-02 07:41:41.775761','2019-05-02 07:41:41.775770',5,1,'<p style=\"text-align:center\"><img alt=\"\" src=\"/media/2019/04/27/banner.png\" style=\"height:311px; width:600px\" /></p>\r\n\r\n<p style=\"text-align:justify\"><strong><span style=\"color:#e74c3c\"><span style=\"font-size:20px\"><span style=\"font-family:Times New Roman,Times,serif\"><em>&ldquo;M&ugrave;a đ&ocirc;ng ấm &aacute;p&rdquo; </em>l&agrave; hoạt th&ocirc;ng qua những b&agrave;i kiểm tra đ&aacute;nh gi&aacute; đơn giản như c&aacute;c b&agrave;i tập trả lời c&acirc;u hỏi trắc nghiệm hoặc trả lời c&acirc;u hỏi đ&uacute;ng sai về vấn đề trọng t&acirc;m của b&agrave;i học, gi&uacute;p c&aacute;c em r&egrave;n luyện kiến thức, kỹ năng được tiếp thu ph&iacute;a trước, từ đ&oacute; c&oacute; tinh thần phấn đấu hơn nữa để ho&agrave;n th&agrave;nh v&agrave; s&aacute;ng tạo dự &aacute;n của ri&ecirc;ng m&igrave;nh. </span></span></span></strong></p>\r\n','<p style=\"text-align:center\"><img alt=\"\" src=\"/media/2019/05/02/picture49.png\" style=\"height:338px; width:600px\" /></p>\r\n\r\n<p style=\"text-align:center\"><span style=\"color:#2980b9\"><span style=\"font-size:36px\"><strong><span style=\"font-family:Times New Roman,Times,serif\">M&Ugrave;A Đ&Ocirc;NG ẤM &Aacute;P</span></strong></span></span></p>\r\n','/media/unzip/muadongbanggia/story_flash.html',1,'',7,4,91,182),(184,'Giải Cứu Penguin','2019-05-02 14:18:47.411052','2019-05-02 14:18:47.411058',2,1,'<p style=\"text-align:center\"><img alt=\"\" src=\"/media/2019/04/27/banner.png\" style=\"height:311px; width:600px\" /></p>\r\n\r\n<p style=\"text-align:justify\"><span style=\"font-size:20px\"><span style=\"font-family:Times New Roman,Times,serif\"><span style=\"color:#e74c3c\"><strong>Thực ra, trong qu&aacute; tr&igrave;nh tiếp thu c&aacute;c b&agrave;i học mới, người học sẽ c&oacute; nhiều &yacute; tưởng kh&aacute;c nhau để tr&igrave;nh b&agrave;y v&agrave; ho&agrave;n thiện cho dự &aacute;n ri&ecirc;ng cho bản th&acirc;n. Ch&iacute;nh v&igrave; điều đ&oacute;,&nbsp;<em>&ldquo;Giải cứu Penguin&rdquo;</em> ch&iacute;nh l&agrave; hoạt động hỗ trợ th&ecirc;m cho người học về phần &yacute; tưởng. Hy vọng, với nhiều dự &aacute;n bổ sung, người học c&oacute; thể n&acirc;ng cao khả năng s&aacute;ng tạo bản th&acirc;n.</strong></span></span></span></p>\r\n','','https://www.youtube.com/embed/JYqDQ3uYurE',1,'',7,3,101,183),(185,'Hệ Mặt Trời','2019-05-02 14:24:31.490683','2019-05-02 14:24:31.490688',3,1,'<p style=\"text-align:center\"><img alt=\"\" src=\"/media/2019/04/27/banner.png\" style=\"height:311px; width:600px\" /></p>\r\n\r\n<p style=\"text-align:justify\"><span style=\"color:#e74c3c\"><span style=\"font-size:20px\"><span style=\"font-family:Times New Roman,Times,serif\"><strong>Thực ra, trong qu&aacute; tr&igrave;nh tiếp thu c&aacute;c b&agrave;i học mới, người học sẽ c&oacute; nhiều &yacute; tưởng kh&aacute;c nhau để tr&igrave;nh b&agrave;y v&agrave; ho&agrave;n thiện cho dự &aacute;n ri&ecirc;ng cho bản th&acirc;n. Ch&iacute;nh v&igrave; điều đ&oacute;,&nbsp;<em>&ldquo;Hệ Mặt Trời&rdquo;</em>&nbsp;ch&iacute;nh l&agrave; hoạt động hỗ trợ th&ecirc;m cho người học về phần &yacute; tưởng. Hy vọng, với nhiều dự &aacute;n bổ sung, người học c&oacute; thể n&acirc;ng cao khả năng s&aacute;ng tạo bản th&acirc;n.</strong></span></span></span></p>\r\n','','https://www.youtube.com/embed/yW5ugZ_sJIE',1,'',7,3,103,NULL),(186,'Học Làm Họa Sĩ','2019-05-02 14:26:38.500097','2019-05-02 14:26:38.500103',2,1,'<p style=\"text-align:center\"><img alt=\"\" src=\"/media/2019/04/27/banner.png\" style=\"height:311px; width:600px\" /></p>\r\n\r\n<p style=\"text-align:justify\"><strong><span style=\"color:#e74c3c\"><span style=\"font-size:20px\"><span style=\"font-family:Times New Roman,Times,serif\">Hoạt động &ldquo;<em>Học l&agrave;m họa sĩ&rdquo; </em>mang đến người học một đoạn video ngắn, giới thiệu tổng quan về dự &aacute;n của chủ đề. Tại đ&acirc;y, c&aacute;c em c&oacute; được c&aacute;i nh&igrave;n chung cũng như đ&ocirc;i n&eacute;t về c&aacute;ch thức hoạt động của dự &aacute;n. Từ đ&oacute;, bản th&acirc;n c&aacute;c em sẽ c&oacute; được cho m&igrave;nh cơ sở để ph&aacute;t huy kĩ năng v&agrave; sự s&aacute;ng tạo của bản th&acirc;n. </span></span></span></strong></p>\r\n','','https://www.youtube.com/embed/-vryaAHizV4',1,'',7,3,85,NULL),(187,'Lắng Nghe Bài Giảng','2019-05-02 14:33:21.965035','2019-05-02 14:33:21.965040',20,1,'<p style=\"text-align:center\"><img alt=\"\" src=\"/media/2019/04/27/banner.png\" style=\"height:311px; width:600px\" /></p>\r\n\r\n<p style=\"text-align:justify\"><span style=\"color:#e74c3c\"><span style=\"font-size:20px\"><span style=\"font-family:Times New Roman,Times,serif\"><strong>Truyền cảm hứng cho c&aacute;c em&nbsp;để thể hiện sự s&aacute;ng tạo của m&igrave;nh th&ocirc;ng qua lập tr&igrave;nh! Hoạt động n&agrave;y sẽ c&oacute; nhiều dự &aacute;n&nbsp;mới cho chuỗi b&agrave;i học trong kh&oacute;a học ch&uacute;ng ta, bao gồm c&aacute;c bộ c&acirc;u đố m&atilde; h&oacute;a mới v&agrave; c&aacute;c dự &aacute;n tự l&agrave;m với c&aacute;c hướng dẫn được hướng dẫn.</strong></span></span></span></p>\r\n','<p style=\"text-align:center\"><img alt=\"\" src=\"/media/2019/05/02/picture18_QSYrNhp.png\" style=\"height:338px; width:600px\" /></p>\r\n\r\n<p style=\"text-align:center\"><span style=\"color:#2980b9\"><span style=\"font-size:36px\"><span style=\"font-family:Times New Roman,Times,serif\"><strong>LẮNG NGHE B&Agrave;I GIẢNG</strong></span></span></span></p>\r\n','https://www.youtube.com/embed/MFvWYo2J0-Y',1,'',7,3,86,186),(188,'Cuộc Đua Trí Tuệ','2019-05-02 14:39:02.806246','2019-05-02 14:39:02.806252',2,1,'<p style=\"text-align:center\"><img alt=\"\" src=\"/media/2019/04/27/banner.png\" style=\"height:311px; width:600px\" /></p>\r\n\r\n<p style=\"text-align:justify\"><span style=\"color:#e74c3c\"><span style=\"font-size:20px\"><span style=\"font-family:Times New Roman,Times,serif\"><strong>Thực ra, trong qu&aacute; tr&igrave;nh tiếp thu c&aacute;c b&agrave;i học mới, người học sẽ c&oacute; nhiều &yacute; tưởng kh&aacute;c nhau để tr&igrave;nh b&agrave;y v&agrave; ho&agrave;n thiện cho dự &aacute;n ri&ecirc;ng cho bản th&acirc;n. Ch&iacute;nh v&igrave; điều đ&oacute;,&nbsp;<em>&ldquo;Cuộc đua tr&iacute; tuệ&rdquo;</em>&nbsp;ch&iacute;nh l&agrave; hoạt động hỗ trợ th&ecirc;m cho người học về phần &yacute; tưởng. Hy vọng, với nhiều dự &aacute;n bổ sung, người học c&oacute; thể n&acirc;ng cao khả năng s&aacute;ng tạo bản th&acirc;n.</strong></span></span></span></p>\r\n','','https://www.youtube.com/embed/Vh4ez46EfVg',1,'',7,3,102,180),(189,'Chặng Đường Đã Qua','2019-05-03 01:06:22.338957','2019-05-03 01:27:36.519586',5,1,'<p style=\"text-align:center\"><img alt=\"\" src=\"/media/2019/04/27/banner.png\" style=\"height:311px; width:600px\" /></p>\r\n\r\n<p style=\"text-align:justify\"><span style=\"color:#e74c3c\"><span style=\"font-size:20px\"><span style=\"font-family:Times New Roman,Times,serif\"><strong><em>&ldquo;Chặng đường đ&atilde; qua&rdquo;</em>&nbsp;l&agrave; hoạt động gi&uacute;p ch&uacute;ng ta nh&igrave;n nhận lại qu&aacute; tr&igrave;nh tiếp thu kiến thức. Với hoạt động n&agrave;y, ch&uacute;ng ta trải qua phần kiểm tra đ&aacute;nh gi&aacute; rất th&uacute; vị, được thử th&aacute;ch với nhiều c&acirc;u hỏi kh&oacute;, trải d&agrave;i tr&ecirc;n nhiều mục kh&aacute;c nhau th&ocirc;ng qua c&aacute;c h&igrave;nh thức như trả lời c&acirc;u hỏi trắc nghiệm, điền v&agrave;o &ocirc; trống, ... v&agrave; c&aacute;c hoạt động kh&aacute;c.</strong></span></span></span></p>\r\n','<p style=\"text-align:center\"><img alt=\"\" src=\"/media/2019/05/03/picture15.png\" style=\"height:400px; width:600px\" /></p>\r\n\r\n<p style=\"text-align:center\"><span style=\"font-size:36px\"><span style=\"color:#2980b9\"><strong><span style=\"font-family:Times New Roman,Times,serif\">CHẶNG ĐƯỜNG Đ&Atilde; QUA</span></strong></span></span></p>\r\n','/media/unzip/changduongdaqua_p1_new_yuUNhs1/story_flash.html',1,'',7,4,71,161),(190,'Chặng Đường Đã Qua','2019-05-03 01:43:36.803727','2019-05-03 03:22:30.045333',5,1,'<p style=\"text-align:center\"><img alt=\"\" src=\"/media/2019/04/27/banner.png\" style=\"height:311px; width:600px\" /></p>\r\n\r\n<p style=\"text-align:justify\"><span style=\"color:#e74c3c\"><span style=\"font-size:20px\"><span style=\"font-family:Times New Roman,Times,serif\"><strong><em>&ldquo;Chặng đường đ&atilde; qua&rdquo;</em>&nbsp;l&agrave; hoạt động gi&uacute;p ch&uacute;ng ta nh&igrave;n nhận lại qu&aacute; tr&igrave;nh tiếp thu kiến thức. Với hoạt động n&agrave;y, ch&uacute;ng ta trải qua phần kiểm tra đ&aacute;nh gi&aacute; rất th&uacute; vị, được thử th&aacute;ch với nhiều c&acirc;u hỏi kh&oacute;, trải d&agrave;i tr&ecirc;n nhiều mục kh&aacute;c nhau th&ocirc;ng qua c&aacute;c h&igrave;nh thức như trả lời c&acirc;u hỏi trắc nghiệm, điền v&agrave;o &ocirc; trống, ... v&agrave; c&aacute;c hoạt động kh&aacute;c.</strong></span></span></span></p>\r\n','<p style=\"text-align:center\"><img alt=\"\" src=\"/media/2019/05/03/picture15.png\" style=\"height:400px; width:600px\" /></p>\r\n\r\n<p style=\"text-align:center\"><strong><span style=\"color:#2980b9\"><span style=\"font-size:36px\"><span style=\"font-family:Times New Roman,Times,serif\">CHẶNG ĐƯỜNG Đ&Atilde; QUA</span></span></span></strong></p>\r\n','/media/unzip/changduongdaqua_new_rkoM3w6/story_flash.html',1,'',7,4,75,169),(192,'Chặng Đường Đã Qua','2019-05-03 04:04:05.974300','2019-05-03 04:25:13.968338',5,1,'<p style=\"text-align:center\"><img alt=\"\" src=\"/media/2019/04/27/banner.png\" style=\"height:311px; width:600px\" /></p>\r\n\r\n<p style=\"text-align:justify\"><span style=\"color:#e74c3c\"><span style=\"font-size:20px\"><span style=\"font-family:Times New Roman,Times,serif\"><strong><em>&ldquo;Chặng đường đ&atilde; qua&rdquo;</em>&nbsp;l&agrave; hoạt động gi&uacute;p ch&uacute;ng ta nh&igrave;n nhận lại qu&aacute; tr&igrave;nh tiếp thu kiến thức. Với hoạt động n&agrave;y, ch&uacute;ng ta trải qua phần kiểm tra đ&aacute;nh gi&aacute; rất th&uacute; vị, được thử th&aacute;ch với nhiều c&acirc;u hỏi kh&oacute;, trải d&agrave;i tr&ecirc;n nhiều mục kh&aacute;c nhau th&ocirc;ng qua c&aacute;c h&igrave;nh thức như trả lời c&acirc;u hỏi trắc nghiệm, điền v&agrave;o &ocirc; trống, ... v&agrave; c&aacute;c hoạt động kh&aacute;c.</strong></span></span></span></p>\r\n','<p style=\"text-align:center\"><img alt=\"\" src=\"/media/2019/05/03/picture15.png\" style=\"height:400px; width:600px\" /></p>\r\n\r\n<p style=\"text-align:center\"><span style=\"color:#2980b9\"><span style=\"font-size:36px\"><strong><span style=\"font-family:Times New Roman,Times,serif\">CHẶNG ĐƯỜNG Đ&Atilde; QUA</span></strong></span></span></p>\r\n','/media/unzip/pen_changduongdaqua_O1GDxYK/story_flash.html',1,'',7,4,79,175),(193,'Dự Án Của Bạn','2019-05-03 05:18:10.886509','2019-05-03 05:18:10.886515',5,1,'<p style=\"text-align:center\"><img alt=\"\" src=\"/media/2019/04/27/banner.png\" style=\"height:311px; width:600px\" /></p>\r\n\r\n<p style=\"text-align:justify\"><span style=\"color:#e74c3c\"><strong><span style=\"font-size:20px\"><span style=\"font-family:Times New Roman,Times,serif\">Sau khi ho&agrave;n th&agrave;nh nội dung b&agrave;i học&nbsp;th&igrave; c&aacute;c em đ&atilde; c&oacute; những kiến thức v&agrave; hiểu biết cơ bản về Tynker cũng như ứng&nbsp;dụng của lập tr&igrave;nh Tynker trong việc tạo ra c&aacute;c sản phẩm đơn giản m&agrave; cụ thể l&agrave; tr&ograve; chơi, c&acirc;u chuyện hoạt h&igrave;nh, ... B&acirc;y giờ l&agrave; l&uacute;c để c&aacute;c em vận dụng khả năng s&aacute;ng tạo của bản th&acirc;n m&igrave;nh để ho&agrave;n th&agrave;nh &quot;Dự &aacute;n của bạn&quot;</span></span></strong></span></p>\r\n','<p style=\"text-align:center\"><img alt=\"\" src=\"/media/2019/05/03/picture54.png\" style=\"height:271px; width:600px\" /></p>\r\n\r\n<p style=\"text-align:center\"><span style=\"color:#2980b9\"><span style=\"font-size:36px\"><strong><span style=\"font-family:Times New Roman,Times,serif\">DỰ &Aacute;N CỦA BẠN</span></strong></span></span></p>\r\n\r\n<p style=\"text-align:justify\"><span style=\"color:#e74c3c\"><span style=\"font-size:20px\"><span style=\"font-family:Times New Roman,Times,serif\"><strong>Nội dung ch&iacute;nh</strong></span></span></span></p>\r\n\r\n<ul>\r\n	<li style=\"text-align: justify;\"><strong><span style=\"color:#d35400\"><span style=\"font-size:20px\"><span style=\"font-family:Times New Roman,Times,serif\">&quot;Dự &aacute;n của bạn&quot; y&ecirc;u cầu người học nắm vững kiến thức của c&aacute;c b&agrave;i học để tiến h&agrave;nh lập tr&igrave;nh cho bản th&acirc;n một dự &aacute;n thỏa m&atilde;n y&ecirc;u cầu.</span></span></span></strong></li>\r\n</ul>\r\n\r\n<p style=\"text-align:justify\"><span style=\"color:#e74c3c\"><span style=\"font-size:20px\"><span style=\"font-family:Times New Roman,Times,serif\"><strong>Y&ecirc;u cầu:</strong></span></span></span></p>\r\n\r\n<p style=\"text-align:justify\"><span style=\"color:#d35400\"><span style=\"font-size:20px\"><span style=\"font-family:Times New Roman,Times,serif\"><strong>Y&ecirc;u cầu sản phẩm cơ bản cần đ&aacute;p ứng:</strong></span></span></span></p>\r\n\r\n<ul>\r\n	<li style=\"text-align: justify;\"><span style=\"color:#d35400\"><span style=\"font-size:20px\"><span style=\"font-family:Times New Roman,Times,serif\"><em>Video clip giới thiệu bản th&acirc;n</em></span></span></span></li>\r\n	<li style=\"text-align: justify;\"><span style=\"color:#d35400\"><span style=\"font-size:20px\"><span style=\"font-family:Times New Roman,Times,serif\"><em>Video clip giới thiệu sơ lượt về c&aacute;c c&ocirc;ng đoạn thiết kế</em></span></span></span></li>\r\n	<li style=\"text-align: justify;\"><span style=\"color:#d35400\"><span style=\"font-size:20px\"><span style=\"font-family:Times New Roman,Times,serif\"><em>Video clip Demo sản phẩm</em></span></span></span></li>\r\n	<li style=\"text-align: justify;\"><span style=\"color:#d35400\"><span style=\"font-size:20px\"><span style=\"font-family:Times New Roman,Times,serif\"><em>File m&atilde; nguồn</em></span></span></span></li>\r\n</ul>\r\n','',1,'',7,6,95,NULL),(194,'Dự Án Của Bạn','2019-05-03 05:21:32.467683','2019-05-03 05:21:32.467689',5,1,'<p style=\"text-align:center\"><img alt=\"\" src=\"/media/2019/04/27/banner.png\" style=\"height:311px; width:600px\" /></p>\r\n\r\n<p style=\"text-align:justify\"><span style=\"color:#e74c3c\"><span style=\"font-size:20px\"><span style=\"font-family:Times New Roman,Times,serif\"><strong>Sau khi ho&agrave;n th&agrave;nh nội dung b&agrave;i học&nbsp;th&igrave; c&aacute;c em đ&atilde; c&oacute; những kiến thức v&agrave; hiểu biết cơ bản về Tynker cũng như ứng&nbsp;dụng của lập tr&igrave;nh Tynker trong việc tạo ra c&aacute;c sản phẩm đơn giản m&agrave; cụ thể l&agrave; tr&ograve; chơi, c&acirc;u chuyện hoạt h&igrave;nh, ... B&acirc;y giờ l&agrave; l&uacute;c để c&aacute;c em vận dụng khả năng s&aacute;ng tạo của bản th&acirc;n m&igrave;nh để ho&agrave;n th&agrave;nh &quot;Dự &aacute;n của bạn&quot;</strong></span></span></span></p>\r\n','<p style=\"text-align:center\"><img alt=\"\" src=\"/media/2019/05/03/picture54.png\" style=\"height:271px; width:600px\" /></p>\r\n\r\n<p style=\"text-align:center\"><span style=\"color:#2980b9\"><span style=\"font-size:36px\"><span style=\"font-family:Times New Roman,Times,serif\"><strong>DỰ &Aacute;N CỦA BẠN</strong></span></span></span></p>\r\n\r\n<p style=\"text-align:justify\"><span style=\"color:#e74c3c\"><span style=\"font-size:20px\"><span style=\"font-family:Times New Roman,Times,serif\"><strong>Nội dung ch&iacute;nh</strong></span></span></span></p>\r\n\r\n<ul>\r\n	<li style=\"text-align: justify;\"><span style=\"color:#d35400\"><span style=\"font-size:20px\"><span style=\"font-family:Times New Roman,Times,serif\"><strong>&quot;Dự &aacute;n của bạn&quot; y&ecirc;u cầu người học nắm vững kiến thức của c&aacute;c b&agrave;i học để tiến h&agrave;nh lập tr&igrave;nh cho bản th&acirc;n một dự &aacute;n thỏa m&atilde;n y&ecirc;u cầu.</strong></span></span></span></li>\r\n</ul>\r\n\r\n<p style=\"text-align:justify\"><span style=\"color:#e74c3c\"><span style=\"font-size:20px\"><span style=\"font-family:Times New Roman,Times,serif\"><strong>Y&ecirc;u cầu</strong></span></span></span></p>\r\n\r\n<p style=\"text-align:justify\"><span style=\"color:#d35400\"><span style=\"font-size:20px\"><span style=\"font-family:Times New Roman,Times,serif\"><strong>Y&ecirc;u cầu sản phẩm cơ bản cần đ&aacute;p ứng:</strong></span></span></span></p>\r\n\r\n<ul>\r\n	<li style=\"text-align: justify;\"><span style=\"color:#d35400\"><span style=\"font-size:20px\"><span style=\"font-family:Times New Roman,Times,serif\"><em>Video clip giới thiệu bản th&acirc;n</em></span></span></span></li>\r\n	<li style=\"text-align: justify;\"><span style=\"color:#d35400\"><span style=\"font-size:20px\"><span style=\"font-family:Times New Roman,Times,serif\"><em>Video clip giới thiệu sơ lượt về c&aacute;c c&ocirc;ng đoạn thiết kế</em></span></span></span></li>\r\n	<li style=\"text-align: justify;\"><span style=\"color:#d35400\"><span style=\"font-size:20px\"><span style=\"font-family:Times New Roman,Times,serif\"><em>Video clip Demo sản phẩm</em></span></span></span></li>\r\n	<li style=\"text-align: justify;\"><span style=\"color:#d35400\"><span style=\"font-size:20px\"><span style=\"font-family:Times New Roman,Times,serif\"><em>File m&atilde; nguồn</em></span></span></span></li>\r\n</ul>\r\n','',1,'',7,6,99,NULL),(195,'Trò Chơi Đoán Số','2019-05-03 05:39:21.827664','2019-05-03 05:42:26.546991',5,1,'<p style=\"text-align:center\"><img alt=\"\" src=\"/media/2019/04/27/banner.png\" style=\"height:311px; width:600px\" /></p>\r\n\r\n<p style=\"text-align:justify\"><span style=\"color:#e74c3c\"><span style=\"font-family:Times New Roman,Times,serif\"><span style=\"font-size:20px\"><strong>Hoạt động&nbsp;n&agrave;y tr&igrave;nh b&agrave;y c&aacute;ch tạo Chương tr&igrave;nh tr&ograve; chơi đo&aacute;n trong Tynker. Chương tr&igrave;nh sẽ tạo ra một số ngẫu nhi&ecirc;n v&agrave; người d&ugrave;ng sẽ đo&aacute;n số đ&oacute; l&agrave; g&igrave;. Chương tr&igrave;nh sẽ x&aacute;c định xem dự đo&aacute;n l&agrave; ch&iacute;nh x&aacute;c, qu&aacute; lớn hay qu&aacute; nhỏ.</strong></span></span></span></p>\r\n','<p style=\"text-align:center\"><img alt=\"\" src=\"/media/2019/05/03/picture18.png\" style=\"height:337px; width:600px\" /></p>\r\n\r\n<p style=\"text-align:center\"><span style=\"color:#2980b9\"><strong><span style=\"font-size:36px\"><span style=\"font-family:Times New Roman,Times,serif\">TR&Ograve; CHƠI ĐO&Aacute;N SỐ</span></span></strong></span></p>\r\n\r\n<p style=\"text-align:justify\"><strong><span style=\"color:#d35400\"><span style=\"font-size:20px\"><span style=\"font-family:Times New Roman,Times,serif\">1. Nội dung&nbsp;</span></span></span></strong></p>\r\n\r\n<p style=\"text-align:justify\"><strong><span style=\"color:#d35400\"><span style=\"font-size:20px\"><span style=\"font-family:Times New Roman,Times,serif\">Viết chương tr&igrave;nh Tynker m&ocirc; phỏng tr&ograve; chơi đo&aacute;n số như sau:</span></span></span></strong></p>\r\n\r\n<p style=\"text-align:justify\"><span style=\"color:#d35400\"><span style=\"font-size:20px\"><span style=\"font-family:Times New Roman,Times,serif\">Nh&acirc;n vật ch&iacute;nh của chương tr&igrave;nh l&agrave; C&ocirc; gi&aacute;o hay một bạn học sinh bất kỳ. Nh&acirc;n vật sẽ nghĩ ra 1 số c&oacute; hai chữ số v&agrave; y&ecirc;u cầu em đo&aacute;n số đ&oacute; bằng c&aacute;ch nhập c&aacute;c số từ b&agrave;n ph&iacute;m cho đến khi t&igrave;m ra th&igrave; th&ocirc;i</span></span></span></p>\r\n\r\n<p style=\"text-align:justify\"><span style=\"color:#d35400\"><span style=\"font-size:20px\"><span style=\"font-family:Times New Roman,Times,serif\">- Khi bắt đầu chơi, nh&acirc;n vật sẽ giới thiệu, n&oacute;i như h&igrave;nh b&ecirc;n v&agrave; em bắt đầu đo&aacute;n số</span></span></span></p>\r\n\r\n<p style=\"text-align:justify\"><span style=\"color:#d35400\"><span style=\"font-size:20px\"><span style=\"font-family:Times New Roman,Times,serif\">- Nếu số em đo&aacute;n tr&ugrave;ng với số đ&atilde; đo&aacute;n, nh&acirc;n vật sẽ th&ocirc;ng b&aacute;o: &quot;Số n&agrave;y em đ&atilde; đo&aacute;n rồi. Em h&atilde;y đo&aacute;n số kh&aacute;c.&quot;</span></span></span></p>\r\n\r\n<p style=\"text-align:justify\"><span style=\"color:#d35400\"><span style=\"font-size:20px\"><span style=\"font-family:Times New Roman,Times,serif\">- Nếu em đo&aacute;n sai, th&igrave; nh&acirc;n vật sẽ th&ocirc;ng b&aacute;o như sau: &quot;Sai rồi. Số em đo&aacute;n nhỏ hơn/lớn hơn của c&ocirc;/m&igrave;nh. Em h&atilde;y đo&aacute;n lại&quot;.</span></span></span></p>\r\n\r\n<p style=\"text-align:justify\"><span style=\"color:#d35400\"><span style=\"font-size:20px\"><span style=\"font-family:Times New Roman,Times,serif\">- Nếu đo&aacute;n đ&uacute;ng, c&ocirc; sẽ th&ocirc;ng b&aacute;o số của c&ocirc; v&agrave; số lần em đ&atilde; dự đo&aacute;n, v&iacute; dụ như sau:</span></span></span></p>\r\n\r\n<p style=\"text-align:justify\"><span style=\"color:#d35400\"><span style=\"font-size:20px\"><span style=\"font-family:Times New Roman,Times,serif\">&quot;Đ&uacute;ng rồi: 23. Em đ&atilde; đo&aacute;n đ&uacute;ng số của c&ocirc; sau 5 lần dự đo&aacute;n.&quot;</span></span></span></p>\r\n\r\n<p style=\"text-align:justify\"><strong><span style=\"color:#d35400\"><span style=\"font-size:20px\"><span style=\"font-family:Times New Roman,Times,serif\">2. Video m&ocirc; phỏng</span></span></span></strong></p>\r\n','https://www.youtube.com/embed/lJn-oXbzRXU',1,'',7,3,97,NULL),(196,'Cuộc Chiến Bắt Đầu','2019-05-03 06:04:38.762901','2019-05-03 06:04:38.762908',20,1,'<p style=\"text-align:center\"><img alt=\"\" src=\"/media/2019/04/27/banner.png\" style=\"height:311px; width:600px\" /></p>\r\n\r\n<p style=\"text-align:justify\"><span style=\"color:#e74c3c\"><span style=\"font-size:20px\"><span style=\"font-family:Times New Roman,Times,serif\"><strong>Hoạt động&nbsp;n&agrave;y tr&igrave;nh b&agrave;y c&aacute;ch tạo Chương tr&igrave;nh tr&ograve; chơi bắn phi thuyền&nbsp;trong Tynker. Trong tr&ograve; chơi, một tổ chức đ&atilde; ph&aacute;t hiện phi thuyền vũ trụ của người ngo&agrave;i h&agrave;nh tinh đang tr&ecirc;n đường x&acirc;m chiếm tr&aacute;i đất tươi đẹp. Bạn được tổ chức giao nhiệm vụ ngăn chặn cuộc tấn c&ocirc;ng n&agrave;y với một chiếc phi thuyền. H&atilde;y chiến đấu đến c&ugrave;ng để chặn đứng cuộc x&acirc;m chiếm, bảo vệ h&agrave;nh tinh của ch&uacute;ng ta.</strong></span></span></span></p>\r\n','<p style=\"text-align:center\"><img alt=\"\" src=\"/media/2019/05/02/picture19.png\" style=\"height:338px; width:600px\" /></p>\r\n\r\n<p style=\"text-align:center\"><strong><span style=\"color:#2980b9\"><span style=\"font-size:36px\"><span style=\"font-family:Times New Roman,Times,serif\">CUỘC CHIẾN VŨ TRỤ</span></span></span></strong></p>\r\n\r\n<p style=\"text-align:justify\"><span style=\"color:#e74c3c; font-family:Times New Roman,Times,serif\"><span style=\"font-size:20px\"><strong>1. Nội dung</strong></span></span></p>\r\n\r\n<p style=\"text-align:justify\"><span style=\"font-family:Times New Roman,Times,serif\"><span style=\"font-size:20px\"><strong><span style=\"color:#d35400\">Viết chương tr&igrave;nh Tynker m&ocirc; phỏng chương tr&igrave;nh, tr&ograve; chơi &quot;<em>Cuộc chiến vũ trụ</em>&quot;:</span></strong></span></span></p>\r\n\r\n<p style=\"text-align:justify\"><span style=\"color:#d35400\"><span style=\"font-size:20px\"><span style=\"font-family:Times New Roman,Times,serif\">- Chương tr&igrave;nh c&oacute; 2 nh&acirc;n vật ch&iacute;nh: t&agrave;u vũ trụ v&agrave; c&aacute;c vật thẻ ngo&agrave;i vũ trụ như thi&ecirc;n thạch, người ngo&agrave;i h&agrave;nh tinh, ... Bấm ph&iacute;m c&aacute;ch để bắt đầu chơi. Ban đầu người chơi sẽ c&oacute; số điểm l&agrave; 0.</span></span></span></p>\r\n\r\n<p style=\"text-align:justify\"><span style=\"color:#d35400\"><span style=\"font-size:20px\"><span style=\"font-family:Times New Roman,Times,serif\">- T&agrave;u vũ trụ l&uacute;c n&agrave;o cũng trong t&igrave;nh trạng sẵn s&agrave;ng. C&aacute;c em điều khiển t&agrave;u bằng c&aacute;c ph&iacute;m l&ecirc;n v&agrave; xuống, khi bấm c&aacute;c ph&iacute;m l&ecirc;n v&agrave; xuống t&agrave;u sẽ di chuyển l&ecirc;n v&agrave; xuống 1 đoạn ngắn.&nbsp;</span></span></span></p>\r\n\r\n<p style=\"text-align:justify\"><span style=\"color:#d35400\"><span style=\"font-size:20px\"><span style=\"font-family:Times New Roman,Times,serif\">- Trong qu&aacute; tr&igrave;nh bay l&ecirc;n xuống, c&aacute;c vật thể sẽ bay tới theo tốc độ tăng dần. Nhiệm vụ ch&uacute;ng ta l&agrave; phải tr&aacute;nh c&aacute;c vật thể hoặc ph&aacute; hủy n&oacute;. Sử dụng chuột tr&aacute;i để c&oacute; thể bắn ra c&aacute;c vi&ecirc;n đạn li&ecirc;n tục, lưu &yacute; đạn phải đi từ đầu t&agrave;u đi ra v&agrave; l&uacute;c n&agrave;o cũng đi theo chiều từ tr&aacute;i sang phải.&nbsp;</span></span></span></p>\r\n\r\n<p style=\"text-align:justify\"><span style=\"color:#d35400\"><span style=\"font-size:20px\"><span style=\"font-family:Times New Roman,Times,serif\">- Nếu bắn tr&uacute;ng một vật thể th&igrave; sẽ cộng được 1 điểm, ngược lại, t&agrave;u sẽ rơi xuống v&agrave; kết th&uacute;c tr&ograve; chơi.</span></span></span></p>\r\n\r\n<p style=\"text-align:justify\"><span style=\"color:#e74c3c; font-family:Times New Roman,Times,serif\"><span style=\"font-size:20px\"><strong>2. Video m&ocirc; phỏng</strong></span></span></p>\r\n\r\n<p style=\"text-align:justify\"><span style=\"color:#d35400\"><span style=\"font-family:&quot;Times New Roman&quot;,Times,serif\"><span style=\"font-size:20px\"><strong>Phần 1</strong></span></span></span></p>\r\n\r\n<p><iframe frameborder=\"0\" src=\"https://www.youtube.com/embed/Mcc4LpbfOVM\" style=\"width:100%; height:500px\"></iframe></p>\r\n\r\n<p><span style=\"font-size:20px\"><span style=\"font-family:Times New Roman,Times,serif\"><span style=\"color:#d35400\"><strong>Phần 2</strong></span></span></span></p>\r\n','https://www.youtube.com/embed/0QK2CEiHrJU',1,'',7,3,93,NULL),(197,'Những Điều Mới Lạ','2019-05-07 02:50:47.271887','2019-05-07 03:36:36.292858',5,1,'<p style=\"text-align:center\"><img alt=\"\" src=\"/media/2019/05/07/scratch.png\" style=\"width:100%\" /></p>\r\n\r\n<p style=\"margin-left:0mm; margin-right:0mm; text-align:justify\"><span style=\"font-family:Times New Roman,Times,serif\"><span style=\"font-size:11pt\"><strong><span style=\"font-size:15.0pt\"><span style=\"color:#e74c3c\">Scratch l&agrave; một ng&ocirc;n ngữ lập tr&igrave;nh Trực quan, gi&uacute;p người học dễ d&agrave;ng sử dụng c&aacute;c khối lệnh bằng c&aacute;ch k&eacute;o thả v&agrave; lắp gh&eacute;p th&agrave;nh kịch bản điều khiển đối tượng tr&ecirc;n s&acirc;n khấu th&ocirc;ng quan phần mềm Scratch. Lập tr&igrave;nh Scratch kh&ocirc;ng chỉ gi&uacute;p trẻ em ph&aacute;t triển tư duy m&agrave; c&ograve;n gi&uacute;p c&aacute;c em h&igrave;nh th&agrave;nh nhiều đức t&iacute;nh tốt để trở th&agrave;nh một c&ocirc;ng d&acirc;n th&agrave;nh đạt tr&ecirc;n phạm vi to&agrave;n cầu. Scratch cũng gi&uacute;p cho Gi&aacute;o vi&ecirc;n soạn ra c&aacute;c b&agrave;i giảng tương t&aacute;c trực quan, dễ hiểu.</span></span></strong></span></span></p>\r\n','<p style=\"text-align:center\"><img alt=\"\" src=\"/media/2019/05/07/scratch.png\" style=\"width:100%\" /></p>\r\n\r\n<p style=\"text-align:center\"><span style=\"color:#2980b9\"><span style=\"font-size:36px\"><span style=\"font-family:Times New Roman,Times,serif\"><strong>NHỮNG ĐIỀU MỚI LẠ</strong></span></span></span></p>\r\n\r\n<p><strong><span style=\"color:#d35400\"><span style=\"font-size:20px\"><span style=\"font-family:Times New Roman,Times,serif\">Bước v&agrave;o thế giới Scratch</span></span></span></strong></p>\r\n\r\n<p><iframe frameborder=\"0\" src=\"https://www.youtube.com/embed/h9x8IPGN3SI\" style=\"width:100%; height:500px\"></iframe></p>\r\n\r\n<p><strong><span style=\"color:#d35400\"><span style=\"font-size:20px\"><span style=\"font-family:Times New Roman,Times,serif\">Thu &acirc;m giọng n&oacute;i</span></span></span></strong></p>\r\n\r\n<p><iframe frameborder=\"0\" src=\"https://www.youtube.com/embed/1WaU6e70Zig\" style=\"width:100%; height:500px\"></iframe></p>\r\n\r\n<p><strong><span style=\"color:#d35400\"><span style=\"font-size:20px\"><span style=\"font-family:Times New Roman,Times,serif\">Hiệu ứng sinh động</span></span></span></strong></p>\r\n\r\n<p><iframe frameborder=\"0\" src=\"https://www.youtube.com/embed/w3kGWEzRtxY\" style=\"width:100%; height:500px\"></iframe></p>\r\n\r\n<p><strong><span style=\"color:#d35400\"><span style=\"font-size:20px\"><span style=\"font-family:Times New Roman,Times,serif\">H&igrave;nh nền phong ph&uacute;</span></span></span></strong></p>\r\n\r\n<p><iframe frameborder=\"0\" src=\"https://www.youtube.com/embed/Xv3Z80yy2l0\" style=\"width:100%; height:500px\"></iframe></p>\r\n\r\n<p><strong><span style=\"color:#d35400\"><span style=\"font-size:20px\"><span style=\"font-family:Times New Roman,Times,serif\">B&agrave;n ph&iacute;m ma thuật</span></span></span></strong></p>\r\n\r\n<p><iframe frameborder=\"0\" src=\"https://www.youtube.com/embed/uf6agkKnXJw\" style=\"width:100%; height:500px\"></iframe></p>\r\n\r\n<p><strong><span style=\"color:#d35400\"><span style=\"font-size:20px\"><span style=\"font-family:Times New Roman,Times,serif\">Nh&acirc;n vật chuyển động</span></span></span></strong></p>\r\n\r\n<p><iframe frameborder=\"0\" src=\"https://www.youtube.com/embed/vppgw1Xiegw\" style=\"width:100%; height:500px\"></iframe></p>\r\n\r\n<p><strong><span style=\"color:#d35400\"><span style=\"font-size:20px\"><span style=\"font-family:Times New Roman,Times,serif\">Chữ c&aacute;i vui nhộn</span></span></span></strong></p>\r\n\r\n<p><iframe frameborder=\"0\" src=\"https://www.youtube.com/embed/RUih6RnEdPg\" style=\"width:100%; height:500px\"></iframe></p>\r\n\r\n<p><strong><span style=\"color:#d35400\"><span style=\"font-size:20px\"><span style=\"font-family:Times New Roman,Times,serif\">V&ograve;ng xoay thần k&igrave;</span></span></span></strong></p>\r\n\r\n<p><iframe frameborder=\"0\" src=\"https://www.youtube.com/embed/C76V5cuI9XM\" style=\"width:100%; height:500px\"></iframe></p>\r\n\r\n<p><strong><span style=\"color:#d35400\"><span style=\"font-size:20px\"><span style=\"font-family:Times New Roman,Times,serif\">Thay đổi k&iacute;ch thước</span></span></span></strong></p>\r\n\r\n<p><iframe frameborder=\"0\" src=\"https://www.youtube.com/embed/PJijGbhcT3E\" style=\"width:100%; height:500px\"></iframe></p>\r\n\r\n<p><strong><span style=\"color:#d35400\"><span style=\"font-size:20px\"><span style=\"font-family:Times New Roman,Times,serif\">Tạo một c&acirc;u chuyện</span></span></span></strong></p>\r\n','https://www.youtube.com/embed/zG2_mKZS_UI',2,'',7,3,104,NULL),(198,'Scratch là gì?','2019-05-07 02:54:45.886909','2019-05-07 03:34:33.467721',2,1,'<p><img alt=\"\" src=\"/media/2019/05/07/scratch.png\" style=\"width:100%\" /></p>\r\n\r\n<p style=\"text-align:justify\"><span style=\"color:#e74c3c\"><span style=\"font-size:20px\"><strong><span style=\"font-family:Times New Roman,Times,serif\">Với Scratch (scratch.mit.edu), bạn c&oacute; thể lập tr&igrave;nh c&aacute;c c&acirc;u chuyện, tr&ograve; chơi v&agrave; hoạt h&igrave;nh tương t&aacute;c của ri&ecirc;ng bạn - v&agrave; chia sẻ s&aacute;ng tạo của bạn với những người kh&aacute;c trong cộng đồng trực tuyến.</span></strong></span></span></p>\r\n\r\n<p style=\"text-align:justify\"><span style=\"color:#e74c3c\"><span style=\"font-size:20px\"><strong><span style=\"font-family:Times New Roman,Times,serif\">Scratch gi&uacute;p những người trẻ học c&aacute;ch suy nghĩ s&aacute;ng tạo, suy luận c&oacute; hệ thống v&agrave; hợp t&aacute;c l&agrave;m việc - những kỹ năng cần thiết cho cuộc sống trong thế kỷ 21.</span></strong></span></span></p>\r\n','','https://www.youtube.com/embed/jXUZaf5D12A',1,'',7,3,104,NULL),(199,'Cấu Tạo Giao Diện Scratch','2019-05-07 02:57:22.890019','2019-05-07 03:36:58.295090',3,1,'<p style=\"text-align:center\"><img alt=\"\" src=\"/media/2019/05/07/scratch.png\" style=\"width:100%\" /></p>\r\n\r\n<p style=\"margin-left:0mm; margin-right:0mm; text-align:justify\"><span style=\"font-size:20px\"><span style=\"font-family:Times New Roman,Times,serif\"><strong><span style=\"color:#e74c3c\">Scratch l&agrave; một ng&ocirc;n ngữ lập tr&igrave;nh Trực quan, gi&uacute;p người học dễ d&agrave;ng sử dụng c&aacute;c khối lệnh bằng c&aacute;ch k&eacute;o thả v&agrave; lắp gh&eacute;p th&agrave;nh kịch bản điều khiển đối tượng tr&ecirc;n s&acirc;n khấu th&ocirc;ng quan phần mềm Scratch. Lập tr&igrave;nh Scratch kh&ocirc;ng chỉ gi&uacute;p trẻ em ph&aacute;t triển tư duy m&agrave; c&ograve;n gi&uacute;p c&aacute;c em h&igrave;nh th&agrave;nh nhiều đức t&iacute;nh tốt để trở th&agrave;nh một c&ocirc;ng d&acirc;n th&agrave;nh đạt tr&ecirc;n phạm vi to&agrave;n cầu. Scratch cũng gi&uacute;p cho Gi&aacute;o vi&ecirc;n soạn ra c&aacute;c b&agrave;i giảng tương t&aacute;c trực quan, dễ hiểu.</span></strong></span></span></p>\r\n','','https://www.youtube.com/embed/M3SUTZOizVw',1,'',7,3,105,198),(200,'Tổng Quan Về Khối Lệnh Trong Scratch','2019-05-07 03:00:40.830485','2019-05-07 03:37:04.726429',3,1,'<p style=\"text-align:center\"><img alt=\"\" src=\"/media/2019/05/07/scratchzrenjanin-672x372_Qu1Ek9b.png\" style=\"width:100%\" /></p>\r\n\r\n<p style=\"text-align:justify\"><strong><span style=\"font-size:20px\"><span style=\"font-family:Times New Roman,Times,serif\"><span style=\"color:#e74c3c\">Scratch l&agrave; một ng&ocirc;n ngữ lập tr&igrave;nh Trực quan, gi&uacute;p người học dễ d&agrave;ng sử dụng c&aacute;c khối lệnh bằng c&aacute;ch k&eacute;o thả v&agrave; lắp gh&eacute;p th&agrave;nh kịch bản điều khiển đối tượng tr&ecirc;n s&acirc;n khấu th&ocirc;ng quan phần mềm Scratch. Lập tr&igrave;nh Scratch kh&ocirc;ng chỉ gi&uacute;p trẻ em ph&aacute;t triển tư duy m&agrave; c&ograve;n gi&uacute;p c&aacute;c em h&igrave;nh th&agrave;nh nhiều đức t&iacute;nh tốt để trở th&agrave;nh một c&ocirc;ng d&acirc;n th&agrave;nh đạt tr&ecirc;n phạm vi to&agrave;n cầu. Scratch cũng gi&uacute;p cho Gi&aacute;o vi&ecirc;n soạn ra c&aacute;c b&agrave;i giảng tương t&aacute;c trực quan, dễ hiểu.</span></span></span></strong></p>\r\n','','https://www.youtube.com/embed/3A5a614xiQw',2,'',7,3,105,198),(201,'Kịch Bản Trong Scratch','2019-05-07 03:04:44.336597','2019-05-07 03:37:11.670096',4,1,'<p style=\"text-align:center\"><img alt=\"\" src=\"/media/2019/05/07/scratch.png\" style=\"width:100%\" /></p>\r\n\r\n<p style=\"margin-left:0mm; margin-right:0mm; text-align:justify\"><span style=\"font-size:20px\"><span style=\"font-family:Times New Roman,Times,serif\"><strong><span style=\"color:#e74c3c\">Scratch l&agrave; một ng&ocirc;n ngữ lập tr&igrave;nh Trực quan, gi&uacute;p người học dễ d&agrave;ng sử dụng c&aacute;c khối lệnh bằng c&aacute;ch k&eacute;o thả v&agrave; lắp gh&eacute;p th&agrave;nh kịch bản điều khiển đối tượng tr&ecirc;n s&acirc;n khấu th&ocirc;ng quan phần mềm Scratch. Lập tr&igrave;nh Scratch kh&ocirc;ng chỉ gi&uacute;p trẻ em ph&aacute;t triển tư duy m&agrave; c&ograve;n gi&uacute;p c&aacute;c em h&igrave;nh th&agrave;nh nhiều đức t&iacute;nh tốt để trở th&agrave;nh một c&ocirc;ng d&acirc;n th&agrave;nh đạt tr&ecirc;n phạm vi to&agrave;n cầu. Scratch cũng gi&uacute;p cho Gi&aacute;o vi&ecirc;n soạn ra c&aacute;c b&agrave;i giảng tương t&aacute;c trực quan, dễ hiểu.</span></strong></span></span></p>\r\n','','https://www.youtube.com/embed/QUvF68B6bZE',3,'',7,3,105,198),(202,'Tìm Hiểu Sân Khấu Trong Scratch','2019-05-07 03:18:46.387792','2019-05-07 03:37:18.201849',3,1,'<p><img alt=\"\" src=\"/media/2019/05/07/scratch.png\" style=\"width:100%\" /></p>\r\n\r\n<p style=\"margin-left:0mm; margin-right:0mm; text-align:justify\"><span style=\"font-size:20px\"><span style=\"font-family:Times New Roman,Times,serif\"><strong><span style=\"color:#e74c3c\">Scratch l&agrave; một ng&ocirc;n ngữ lập tr&igrave;nh Trực quan, gi&uacute;p người học dễ d&agrave;ng sử dụng c&aacute;c khối lệnh bằng c&aacute;ch k&eacute;o thả v&agrave; lắp gh&eacute;p th&agrave;nh kịch bản điều khiển đối tượng tr&ecirc;n s&acirc;n khấu th&ocirc;ng quan phần mềm Scratch. Lập tr&igrave;nh Scratch kh&ocirc;ng chỉ gi&uacute;p trẻ em ph&aacute;t triển tư duy m&agrave; c&ograve;n gi&uacute;p c&aacute;c em h&igrave;nh th&agrave;nh nhiều đức t&iacute;nh tốt để trở th&agrave;nh một c&ocirc;ng d&acirc;n th&agrave;nh đạt tr&ecirc;n phạm vi to&agrave;n cầu. Scratch cũng gi&uacute;p cho Gi&aacute;o vi&ecirc;n soạn ra c&aacute;c b&agrave;i giảng tương t&aacute;c trực quan, dễ hiểu.</span></strong></span></span></p>\r\n','','https://www.youtube.com/embed/D08Eo1jXNiU',4,'',7,3,105,198),(203,'Tìm Hiểu Chức Năng Sound Scratch','2019-05-07 03:21:01.806585','2019-05-07 03:37:25.373844',3,1,'<p><img alt=\"\" src=\"/media/scratchzrenjanin-672x372.png\" style=\"width:100%\" /></p>\r\n\r\n<p style=\"margin-left:0mm; margin-right:0mm; text-align:justify\"><span style=\"font-size:20px\"><span style=\"font-family:Times New Roman,Times,serif\"><strong><span style=\"color:#e74c3c\">Scratch l&agrave; một ng&ocirc;n ngữ lập tr&igrave;nh Trực quan, gi&uacute;p người học dễ d&agrave;ng sử dụng c&aacute;c khối lệnh bằng c&aacute;ch k&eacute;o thả v&agrave; lắp gh&eacute;p th&agrave;nh kịch bản điều khiển đối tượng tr&ecirc;n s&acirc;n khấu th&ocirc;ng quan phần mềm Scratch. Lập tr&igrave;nh Scratch kh&ocirc;ng chỉ gi&uacute;p trẻ em ph&aacute;t triển tư duy m&agrave; c&ograve;n gi&uacute;p c&aacute;c em h&igrave;nh th&agrave;nh nhiều đức t&iacute;nh tốt để trở th&agrave;nh một c&ocirc;ng d&acirc;n th&agrave;nh đạt tr&ecirc;n phạm vi to&agrave;n cầu. Scratch cũng gi&uacute;p cho Gi&aacute;o vi&ecirc;n soạn ra c&aacute;c b&agrave;i giảng tương t&aacute;c trực quan, dễ hiểu.</span></strong></span></span></p>\r\n','','https://www.youtube.com/embed/72sml9ZJIT8',5,'',7,3,105,198),(204,'Đồ Họa Trong Scratch','2019-05-07 03:23:12.257914','2019-05-07 03:37:32.188596',4,1,'<p style=\"text-align:center\"><img alt=\"\" src=\"/media/scratchzrenjanin-672x372.png\" style=\"width:100%\" /></p>\r\n\r\n<p style=\"margin-left:0mm; margin-right:0mm; text-align:justify\"><span style=\"font-size:20px\"><span style=\"font-family:Times New Roman,Times,serif\"><strong><span style=\"color:#e74c3c\">Scratch l&agrave; một ng&ocirc;n ngữ lập tr&igrave;nh Trực quan, gi&uacute;p người học dễ d&agrave;ng sử dụng c&aacute;c khối lệnh bằng c&aacute;ch k&eacute;o thả v&agrave; lắp gh&eacute;p th&agrave;nh kịch bản điều khiển đối tượng tr&ecirc;n s&acirc;n khấu th&ocirc;ng quan phần mềm Scratch. Lập tr&igrave;nh Scratch kh&ocirc;ng chỉ gi&uacute;p trẻ em ph&aacute;t triển tư duy m&agrave; c&ograve;n gi&uacute;p c&aacute;c em h&igrave;nh th&agrave;nh nhiều đức t&iacute;nh tốt để trở th&agrave;nh một c&ocirc;ng d&acirc;n th&agrave;nh đạt tr&ecirc;n phạm vi to&agrave;n cầu. Scratch cũng gi&uacute;p cho Gi&aacute;o vi&ecirc;n soạn ra c&aacute;c b&agrave;i giảng tương t&aacute;c trực quan, dễ hiểu.</span></strong></span></span></p>\r\n','','https://www.youtube.com/embed/sWQaVkjKF0g',6,'',7,3,105,198),(205,'Tìm Hiểu Về Đối Tượng Trong Scratch','2019-05-07 03:25:14.041375','2019-05-07 03:37:38.067165',3,1,'<p style=\"text-align:center\"><img alt=\"\" src=\"/media/scratchzrenjanin-672x372.png\" style=\"width:100%\" /></p>\r\n\r\n<p style=\"margin-left:0mm; margin-right:0mm; text-align:justify\"><span style=\"font-size:20px\"><span style=\"font-family:Times New Roman,Times,serif\"><strong><span style=\"color:#e74c3c\">Scratch l&agrave; một ng&ocirc;n ngữ lập tr&igrave;nh Trực quan, gi&uacute;p người học dễ d&agrave;ng sử dụng c&aacute;c khối lệnh bằng c&aacute;ch k&eacute;o thả v&agrave; lắp gh&eacute;p th&agrave;nh kịch bản điều khiển đối tượng tr&ecirc;n s&acirc;n khấu th&ocirc;ng quan phần mềm Scratch. Lập tr&igrave;nh Scratch kh&ocirc;ng chỉ gi&uacute;p trẻ em ph&aacute;t triển tư duy m&agrave; c&ograve;n gi&uacute;p c&aacute;c em h&igrave;nh th&agrave;nh nhiều đức t&iacute;nh tốt để trở th&agrave;nh một c&ocirc;ng d&acirc;n th&agrave;nh đạt tr&ecirc;n phạm vi to&agrave;n cầu. Scratch cũng gi&uacute;p cho Gi&aacute;o vi&ecirc;n soạn ra c&aacute;c b&agrave;i giảng tương t&aacute;c trực quan, dễ hiểu.</span></strong></span></span></p>\r\n','','https://www.youtube.com/embed/RAw8icP2a98',7,'',7,3,105,198),(206,'Giới Thiệu Chương Trình Đường Lên Đỉnh Olympia','2019-05-07 03:52:00.883102','2019-05-07 03:54:03.767219',8,1,'<p><img alt=\"\" src=\"/media/2019/05/07/scratch.png\" style=\"width:100%\" /></p>\r\n\r\n<p style=\"margin-left:0mm; margin-right:0mm; text-align:justify\"><span style=\"font-size:20px\"><span style=\"font-family:Times New Roman,Times,serif\"><strong><span style=\"color:#e74c3c\">Scratch l&agrave; một ng&ocirc;n ngữ lập tr&igrave;nh Trực quan, gi&uacute;p người học dễ d&agrave;ng sử dụng c&aacute;c khối lệnh bằng c&aacute;ch k&eacute;o thả v&agrave; lắp gh&eacute;p th&agrave;nh kịch bản điều khiển đối tượng tr&ecirc;n s&acirc;n khấu th&ocirc;ng quan phần mềm Scratch. Lập tr&igrave;nh Scratch kh&ocirc;ng chỉ gi&uacute;p trẻ em ph&aacute;t triển tư duy m&agrave; c&ograve;n gi&uacute;p c&aacute;c em h&igrave;nh th&agrave;nh nhiều đức t&iacute;nh tốt để trở th&agrave;nh một c&ocirc;ng d&acirc;n th&agrave;nh đạt tr&ecirc;n phạm vi to&agrave;n cầu. Scratch cũng gi&uacute;p cho Gi&aacute;o vi&ecirc;n soạn ra c&aacute;c b&agrave;i giảng tương t&aacute;c trực quan, dễ hiểu.</span></strong></span></span></p>\r\n','','https://www.youtube.com/embed/6Zq8CuugnZA',1,'',7,3,107,NULL),(207,'Vẽ Mây Và Núi','2019-05-07 03:52:26.498043','2019-05-07 03:52:26.498049',6,1,'<p><img alt=\"\" src=\"/media/2019/05/07/scratch.png\" style=\"width:100%\" /></p>\r\n\r\n<p style=\"margin-left:0mm; margin-right:0mm; text-align:justify\"><span style=\"font-size:20px\"><span style=\"font-family:Times New Roman,Times,serif\"><strong><span style=\"color:#e74c3c\">Scratch l&agrave; một ng&ocirc;n ngữ lập tr&igrave;nh Trực quan, gi&uacute;p người học dễ d&agrave;ng sử dụng c&aacute;c khối lệnh bằng c&aacute;ch k&eacute;o thả v&agrave; lắp gh&eacute;p th&agrave;nh kịch bản điều khiển đối tượng tr&ecirc;n s&acirc;n khấu th&ocirc;ng quan phần mềm Scratch. Lập tr&igrave;nh Scratch kh&ocirc;ng chỉ gi&uacute;p trẻ em ph&aacute;t triển tư duy m&agrave; c&ograve;n gi&uacute;p c&aacute;c em h&igrave;nh th&agrave;nh nhiều đức t&iacute;nh tốt để trở th&agrave;nh một c&ocirc;ng d&acirc;n th&agrave;nh đạt tr&ecirc;n phạm vi to&agrave;n cầu. Scratch cũng gi&uacute;p cho Gi&aacute;o vi&ecirc;n soạn ra c&aacute;c b&agrave;i giảng tương t&aacute;c trực quan, dễ hiểu.</span></strong></span></span></p>\r\n','','https://www.youtube.com/embed/ijZDHvZ1U1k',2,'',7,3,107,NULL),(208,'Lập Trình Cho Doremon Nói Và Nghĩ','2019-05-07 03:52:43.122382','2019-05-07 03:52:43.122389',5,1,'<p><img alt=\"\" src=\"/media/2019/05/07/scratch.png\" style=\"width:100%\" /></p>\r\n\r\n<p style=\"margin-left:0mm; margin-right:0mm; text-align:justify\"><span style=\"font-size:20px\"><span style=\"font-family:Times New Roman,Times,serif\"><strong><span style=\"color:#e74c3c\">Scratch l&agrave; một ng&ocirc;n ngữ lập tr&igrave;nh Trực quan, gi&uacute;p người học dễ d&agrave;ng sử dụng c&aacute;c khối lệnh bằng c&aacute;ch k&eacute;o thả v&agrave; lắp gh&eacute;p th&agrave;nh kịch bản điều khiển đối tượng tr&ecirc;n s&acirc;n khấu th&ocirc;ng quan phần mềm Scratch. Lập tr&igrave;nh Scratch kh&ocirc;ng chỉ gi&uacute;p trẻ em ph&aacute;t triển tư duy m&agrave; c&ograve;n gi&uacute;p c&aacute;c em h&igrave;nh th&agrave;nh nhiều đức t&iacute;nh tốt để trở th&agrave;nh một c&ocirc;ng d&acirc;n th&agrave;nh đạt tr&ecirc;n phạm vi to&agrave;n cầu. Scratch cũng gi&uacute;p cho Gi&aacute;o vi&ecirc;n soạn ra c&aacute;c b&agrave;i giảng tương t&aacute;c trực quan, dễ hiểu.</span></strong></span></span></p>\r\n','','https://www.youtube.com/embed/ZbgL9XAjKuw',3,'',7,3,107,NULL),(209,'Giới Thiệu Biến','2019-05-07 03:55:05.139834','2019-05-07 03:55:05.139841',6,1,'<p><img alt=\"\" src=\"/media/2019/05/07/scratch.png\" style=\"width:100%\" /></p>\r\n\r\n<p style=\"margin-left:0mm; margin-right:0mm; text-align:justify\"><span style=\"font-size:20px\"><span style=\"font-family:Times New Roman,Times,serif\"><strong><span style=\"color:#e74c3c\">Scratch l&agrave; một ng&ocirc;n ngữ lập tr&igrave;nh Trực quan, gi&uacute;p người học dễ d&agrave;ng sử dụng c&aacute;c khối lệnh bằng c&aacute;ch k&eacute;o thả v&agrave; lắp gh&eacute;p th&agrave;nh kịch bản điều khiển đối tượng tr&ecirc;n s&acirc;n khấu th&ocirc;ng quan phần mềm Scratch. Lập tr&igrave;nh Scratch kh&ocirc;ng chỉ gi&uacute;p trẻ em ph&aacute;t triển tư duy m&agrave; c&ograve;n gi&uacute;p c&aacute;c em h&igrave;nh th&agrave;nh nhiều đức t&iacute;nh tốt để trở th&agrave;nh một c&ocirc;ng d&acirc;n th&agrave;nh đạt tr&ecirc;n phạm vi to&agrave;n cầu. Scratch cũng gi&uacute;p cho Gi&aacute;o vi&ecirc;n soạn ra c&aacute;c b&agrave;i giảng tương t&aacute;c trực quan, dễ hiểu.</span></strong></span></span></p>\r\n','','https://www.youtube.com/embed/x_QNQxtDCHY',4,'',7,3,107,NULL),(210,' Lập Trình Cho Doremon Tính Toán','2019-05-07 03:56:17.842262','2019-05-07 03:56:17.842268',5,1,'<p><img alt=\"\" src=\"/media/2019/05/07/scratch.png\" style=\"width:100%\" /></p>\r\n\r\n<p style=\"margin-left:0mm; margin-right:0mm; text-align:justify\"><span style=\"font-size:20px\"><span style=\"font-family:Times New Roman,Times,serif\"><strong><span style=\"color:#e74c3c\">Scratch l&agrave; một ng&ocirc;n ngữ lập tr&igrave;nh Trực quan, gi&uacute;p người học dễ d&agrave;ng sử dụng c&aacute;c khối lệnh bằng c&aacute;ch k&eacute;o thả v&agrave; lắp gh&eacute;p th&agrave;nh kịch bản điều khiển đối tượng tr&ecirc;n s&acirc;n khấu th&ocirc;ng quan phần mềm Scratch. Lập tr&igrave;nh Scratch kh&ocirc;ng chỉ gi&uacute;p trẻ em ph&aacute;t triển tư duy m&agrave; c&ograve;n gi&uacute;p c&aacute;c em h&igrave;nh th&agrave;nh nhiều đức t&iacute;nh tốt để trở th&agrave;nh một c&ocirc;ng d&acirc;n th&agrave;nh đạt tr&ecirc;n phạm vi to&agrave;n cầu. Scratch cũng gi&uacute;p cho Gi&aacute;o vi&ecirc;n soạn ra c&aacute;c b&agrave;i giảng tương t&aacute;c trực quan, dễ hiểu.</span></strong></span></span></p>\r\n','','https://www.youtube.com/embed/Owc5Gx3P8LY',5,'',7,3,107,NULL),(211,'Lập Trình Cho Doremon Hỏi','2019-05-07 03:57:08.012606','2019-05-07 03:57:08.012612',5,1,'<p><img alt=\"\" src=\"/media/2019/05/07/scratch.png\" style=\"width:100%\" /></p>\r\n\r\n<p style=\"margin-left:0mm; margin-right:0mm; text-align:justify\"><span style=\"font-size:20px\"><span style=\"font-family:Times New Roman,Times,serif\"><strong><span style=\"color:#e74c3c\">Scratch l&agrave; một ng&ocirc;n ngữ lập tr&igrave;nh Trực quan, gi&uacute;p người học dễ d&agrave;ng sử dụng c&aacute;c khối lệnh bằng c&aacute;ch k&eacute;o thả v&agrave; lắp gh&eacute;p th&agrave;nh kịch bản điều khiển đối tượng tr&ecirc;n s&acirc;n khấu th&ocirc;ng quan phần mềm Scratch. Lập tr&igrave;nh Scratch kh&ocirc;ng chỉ gi&uacute;p trẻ em ph&aacute;t triển tư duy m&agrave; c&ograve;n gi&uacute;p c&aacute;c em h&igrave;nh th&agrave;nh nhiều đức t&iacute;nh tốt để trở th&agrave;nh một c&ocirc;ng d&acirc;n th&agrave;nh đạt tr&ecirc;n phạm vi to&agrave;n cầu. Scratch cũng gi&uacute;p cho Gi&aacute;o vi&ecirc;n soạn ra c&aacute;c b&agrave;i giảng tương t&aacute;c trực quan, dễ hiểu.</span></strong></span></span></p>\r\n','','https://www.youtube.com/embed/XmcN4m5e2DA',6,'',7,3,107,NULL),(212,'Lập Trình Doremon Kiểm Tra Câu Trả Lời','2019-05-07 03:57:55.799050','2019-05-07 03:57:55.799057',7,1,'<p><img alt=\"\" src=\"/media/2019/05/07/scratch.png\" style=\"width:100%\" /></p>\r\n\r\n<p style=\"margin-left:0mm; margin-right:0mm; text-align:justify\"><span style=\"font-size:20px\"><span style=\"font-family:Times New Roman,Times,serif\"><strong><span style=\"color:#e74c3c\">Scratch l&agrave; một ng&ocirc;n ngữ lập tr&igrave;nh Trực quan, gi&uacute;p người học dễ d&agrave;ng sử dụng c&aacute;c khối lệnh bằng c&aacute;ch k&eacute;o thả v&agrave; lắp gh&eacute;p th&agrave;nh kịch bản điều khiển đối tượng tr&ecirc;n s&acirc;n khấu th&ocirc;ng quan phần mềm Scratch. Lập tr&igrave;nh Scratch kh&ocirc;ng chỉ gi&uacute;p trẻ em ph&aacute;t triển tư duy m&agrave; c&ograve;n gi&uacute;p c&aacute;c em h&igrave;nh th&agrave;nh nhiều đức t&iacute;nh tốt để trở th&agrave;nh một c&ocirc;ng d&acirc;n th&agrave;nh đạt tr&ecirc;n phạm vi to&agrave;n cầu. Scratch cũng gi&uacute;p cho Gi&aacute;o vi&ecirc;n soạn ra c&aacute;c b&agrave;i giảng tương t&aacute;c trực quan, dễ hiểu.</span></strong></span></span></p>\r\n','','https://www.youtube.com/embed/MrT2E3wQBaU',7,'',7,3,107,NULL),(213,'Lập Trình Cho Nobita','2019-05-07 03:58:32.976352','2019-05-07 03:58:32.976359',7,1,'<p><img alt=\"\" src=\"/media/2019/05/07/scratch.png\" style=\"width:100%\" /></p>\r\n\r\n<p style=\"margin-left:0mm; margin-right:0mm; text-align:justify\"><span style=\"font-size:20px\"><span style=\"font-family:Times New Roman,Times,serif\"><strong><span style=\"color:#e74c3c\">Scratch l&agrave; một ng&ocirc;n ngữ lập tr&igrave;nh Trực quan, gi&uacute;p người học dễ d&agrave;ng sử dụng c&aacute;c khối lệnh bằng c&aacute;ch k&eacute;o thả v&agrave; lắp gh&eacute;p th&agrave;nh kịch bản điều khiển đối tượng tr&ecirc;n s&acirc;n khấu th&ocirc;ng quan phần mềm Scratch. Lập tr&igrave;nh Scratch kh&ocirc;ng chỉ gi&uacute;p trẻ em ph&aacute;t triển tư duy m&agrave; c&ograve;n gi&uacute;p c&aacute;c em h&igrave;nh th&agrave;nh nhiều đức t&iacute;nh tốt để trở th&agrave;nh một c&ocirc;ng d&acirc;n th&agrave;nh đạt tr&ecirc;n phạm vi to&agrave;n cầu. Scratch cũng gi&uacute;p cho Gi&aacute;o vi&ecirc;n soạn ra c&aacute;c b&agrave;i giảng tương t&aacute;c trực quan, dễ hiểu.</span></strong></span></span></p>\r\n','','https://www.youtube.com/embed/ZUM03HvF0UI',8,'',7,3,107,NULL),(214,'Hướng dẫn cài đặt','2019-05-07 10:18:20.615285','2019-05-07 10:28:33.369916',16,1,'<p><span style=\"font-size:18px\"><span style=\"font-family:Times New Roman,Times,serif\">Lesson provides instructions on how to download, install, and run Alice 2.4. The installation process is simple, but Alice does not have an installer, so if you are unfamiliar with how to unzip a file, you may need a bit of help.</span></span></p>\r\n','','https://www.youtube.com/embed/UwXNAIrVzqU',1,'',6,3,108,NULL),(215,'Adding Objects and Subparts','2019-05-07 10:25:16.867268','2019-05-07 10:28:12.521683',30,1,'<p><span style=\"font-size:18px\"><span style=\"font-family:Times New Roman,Times,serif\">Lesson&nbsp;provides examples of adding objects to Alice World and positioning them how you&#39;d like them. Button Limiters such as &quot;Move Freely&quot;, &quot;Move Objects Up and Down&quot;, &quot;Resize Objects&quot;, and &quot;Duplicate Objects&quot; are used along with several others. In addition, the video shows how to use the objects panel to see the subparts of an object and how to manipulate those subparts. ed Alice techniques, functions, and methods.</span></span></p>\r\n','','https://www.youtube.com/embed/67jdgG-eAw0',1,'',6,3,109,NULL),(216,'Basic Camera Controls','2019-05-07 10:26:11.671573','2019-05-07 10:27:46.960667',10,1,'<p><span style=\"font-size:18px\"><span style=\"font-family:Times New Roman,Times,serif\">Lesson&nbsp;demonstrates how to use the Camera Control Arrows to move the camera in all directions. The camera can move in all six directions (Up, Down, Left, Right, Forward, Backward) as well as turn and tilt. The camera controls can be a bit tricky at first, but with practice, positioning the camera will become second nature.&nbsp;</span></span></p>\r\n','','https://www.youtube.com/embed/WQqqmgpPdxk',2,'',6,3,109,NULL),(217,'Quad View and Object Positioning','2019-05-07 10:27:31.087849','2019-05-07 10:27:31.087856',10,1,'<p><span style=\"font-size:18px\"><span style=\"font-family:Times New Roman,Times,serif\">Lesson&nbsp;introduces how to properly place objects in a scene using Quad View. This is particularly important to master when trying to position two objects in relation to one another, such as a person holding a musical instrument or a knight holding a weapon. The Alice camera can create some optical illusions since it 3D objects are displayed on a 2D space. Using these concepts will help make scene creation easier for bigger animations.</span></span></p>\r\n','','https://www.youtube.com/embed/epL5bBaVWyU',3,'',6,3,109,NULL),(218,'Method Based Object Movement','2019-05-07 10:29:20.633893','2019-05-07 10:29:20.633899',15,1,'<p><span style=\"font-size:18px\"><span style=\"font-family:Times New Roman,Times,serif\">Lesson&nbsp;adds more tools for moving and manipulating objects on the screen to set up an initial scene. Using method based movement, you can manipulate objects by clicking on specific subparts and also selected a fixed amount of movement. Instead of guessing at moving an object by 5 meters, this method allows you to input a specific distance in a specific direction. This lesson ties in closely with Lesson 5.1 and 5.2, which uses these same concepts in simple animation.</span></span></p>\r\n','','https://www.youtube.com/embed/7ERIFYs4lOc',4,'',6,3,109,NULL),(219,'Lighting, Opacity, and Fog Properties','2019-05-07 10:43:27.485796','2019-05-07 10:43:27.485803',15,1,'<p><span style=\"font-size:18px\"><span style=\"font-family:Times New Roman,Times,serif\">Lesson centers on world and object properties in the properties tab. The three that are addressed here are world lighting and world fog properties, as well as object opacity. The use of atmosphere color and lighting are also discussed with reference to their impact on your world.</span></span></p>\r\n','','https://www.youtube.com/embed/X3IRwsbi5NM',1,'',6,3,110,NULL),(220,'Building an Undersea World','2019-05-07 10:44:12.861032','2019-05-07 10:44:12.861038',15,1,'<p><span style=\"font-size:18px\"><span style=\"font-family:Times New Roman,Times,serif\">Lesson&nbsp;uses fog and world color properties to create a scene representing the ocean bottom. Objects from the core gallery such as coral, seaweed, fish, and a shark are added, along with a volcano from the Hawaii category. This scene demonstrates using world properties to make a more realistic looking scene than traditional Alice programs.</span></span></p>\r\n','','https://www.youtube.com/embed/H8v8kkAfzGM',2,'',6,3,110,NULL),(221,'Cài đặt Alice','2019-05-07 16:02:44.613136','2019-05-07 16:02:44.613142',10,1,'<p style=\"margin-left:0in; margin-right:0in\"><span style=\"font-size:13.5pt\"><span style=\"font-family:&quot;Times New Roman&quot;\"><strong><u><span style=\"color:#2980b9\">Mục ti&ecirc;u:</span></u></strong> Gi&uacute;p học vi&ecirc;n c&agrave;i đặt v&agrave; khởi động Alice.</span></span></p>\r\n\r\n<p style=\"margin-left:0in; margin-right:0in\"><span style=\"font-size:13.5pt\"><span style=\"font-family:&quot;Times New Roman&quot;\"><strong><u><span style=\"color:#27ae60\">Y&ecirc;u cầu đầu ra:</span></u></strong> Học vi&ecirc;n c&agrave;i đặt v&agrave; khởi động th&agrave;nh c&ocirc;ng Alice.</span></span></p>\r\n\r\n<p style=\"margin-left:0in; margin-right:0in\"><span style=\"font-size:13.5pt\"><span style=\"font-family:&quot;Times New Roman&quot;\"><strong><u><span style=\"color:#16a085\">M&ocirc; tả:</span></u></strong>&nbsp;<span style=\"background-color:white\">Hoạt động C&Agrave;I ĐẶT ALICE&nbsp;&nbsp;sẽ gồm c&oacute;: </span><span style=\"background-color:white\"><strong>Video hướng dẫn chi tiết</strong></span><span style=\"background-color:white\">, </span><span style=\"background-color:white\"><strong>1 b&agrave;i giảng tương t&aacute;c</strong></span><span style=\"background-color:white\"> với gi&uacute;p c&aacute;c bạn c&oacute; thể dễ d&agrave;ng nắm bắt kiến thức trong video.</span></span></span></p>\r\n','<p style=\"margin-left:0in; margin-right:0in\"><span style=\"font-size:13.5pt\"><span style=\"font-family:&quot;Times New Roman&quot;\"><span style=\"background-color:white\">Hoạt động C&Agrave;I ĐẶT ALICE sẽ gi&uacute;p c&aacute;c bạn tải v&agrave; c&agrave;i đặt Alice</span></span></span></p>\r\n','/media/unzip/Hoat_dong_1_AElEbG4/story_flash.html  https://www.youtube.com/embed/6iQLb1zqd9k',1,'',6,7,23,NULL),(222,'Nộp bài','2019-05-09 09:08:39.737444','2019-05-09 11:52:33.757585',5,1,'<p><span style=\"font-size:18px\"><span style=\"font-family:Times New Roman,Times,serif\"><span style=\"color:#2980b9\"><u><strong>C&aacute;ch nộp:</strong></u></span> C&aacute;c bạn nộp bạn dưới dạng .zip</span></span></p>\r\n\r\n<p><span style=\"font-size:18px\"><span style=\"font-family:Times New Roman,Times,serif\">&nbsp; Hướng dẫn lưu zip:</span></span></p>\r\n\r\n<p><span><span style=\"font-family:Times New Roman,Times,serif\"><iframe frameborder=\"0\" src=\"https://www.youtube.com/embed/jEj-JsZYOBA\" style=\"width:100%;height:500px\" width=\"500\"></iframe></span></span></p>\r\n\r\n<p><span style=\"font-size:18px\"><span style=\"font-family:Times New Roman,Times,serif\"><span style=\"color:#27ae60\"><u><strong>Hướng dẫn đặt t&ecirc;n:</strong></u></span> Hoten_Chude3.zip</span></span></p>\r\n\r\n<p><span style=\"font-size:18px\"><span style=\"font-family:Times New Roman,Times,serif\">&nbsp; &nbsp;<u><em>V&iacute; dụ:</em></u> NguyenVanA_Chude3.zip</span></span></p>\r\n\r\n<p><span style=\"font-size:18px\"><span style=\"font-family:Times New Roman,Times,serif\"><span style=\"color:#8e44ad\"><u><strong>K&iacute;ch thước:</strong></u></span> <span style=\"color:#e74c3c\"><strong>&lt;= 30MB</strong></span></span></span></p>\r\n','','',3,'',6,6,30,NULL);
/*!40000 ALTER TABLE `activity` ENABLE KEYS */;
UNLOCK TABLES;

--
-- Table structure for table `activityreply`
--

DROP TABLE IF EXISTS `activityreply`;
/*!40101 SET @saved_cs_client     = @@character_set_client */;
 SET character_set_client = utf8mb4 ;
CREATE TABLE `activityreply` (
  `ActivityReplyID` int(11) NOT NULL AUTO_INCREMENT,
  `Content` longtext COLLATE utf8_unicode_ci,
  `CreateDate` datetime(6) DEFAULT NULL,
  `EditDate` datetime(6) DEFAULT NULL,
  `Rate` int(11) DEFAULT NULL,
  `IsEnable` int(11) DEFAULT NULL,
  `Note` varchar(250) COLLATE utf8_unicode_ci DEFAULT NULL,
  `ActivityID` int(11) DEFAULT NULL,
  `EnrollmentID` int(11) DEFAULT NULL,
  PRIMARY KEY (`ActivityReplyID`),
  KEY `activityreply_ActivityID_4d50a5e1_fk_activity_ActivityID` (`ActivityID`),
  KEY `activityreply_EnrollmentID_8cbd99cf_fk_enrollment_EnrollmentID` (`EnrollmentID`),
  CONSTRAINT `activityreply_ActivityID_4d50a5e1_fk_activity_ActivityID` FOREIGN KEY (`ActivityID`) REFERENCES `activity` (`ActivityID`),
  CONSTRAINT `activityreply_EnrollmentID_8cbd99cf_fk_enrollment_EnrollmentID` FOREIGN KEY (`EnrollmentID`) REFERENCES `enrollment` (`EnrollmentID`)
) ENGINE=InnoDB AUTO_INCREMENT=33 DEFAULT CHARSET=utf8 COLLATE=utf8_unicode_ci;
/*!40101 SET character_set_client = @saved_cs_client */;

--
-- Dumping data for table `activityreply`
--

LOCK TABLES `activityreply` WRITE;
/*!40000 ALTER TABLE `activityreply` DISABLE KEYS */;
INSERT INTO `activityreply` VALUES (1,'<p>Tốt !</p>\n','2019-04-27 17:29:07.944975','2019-04-27 17:29:07.944981',5,1,'',1,1),(2,'<p>Good!</p>\n','2019-04-27 17:29:44.148346','2019-04-27 17:29:44.148352',5,1,'',2,1),(3,'<p>Tốt !<img alt=\"yes\" src=\"http://vspro.ttth.hcmue.edu.vn/static/ckeditor/ckeditor/plugins/smiley/images/thumbs_up.png\" style=\"height:22px; width:22px\" title=\"yes\" /></p>\n','2019-04-27 21:37:59.684891','2019-04-27 21:37:59.684897',4,1,'',19,1),(4,'<p>Good!</p>\n','2019-04-28 23:22:57.160452','2019-04-28 23:22:57.160459',4,1,'',124,5),(5,'<p>hay</p>\n','2019-04-28 23:23:38.414179','2019-04-28 23:23:38.414185',5,1,'',126,5),(6,'<p>good!</p>\n','2019-04-28 23:36:22.095310','2019-04-28 23:36:22.095315',5,1,'',5,1),(7,'<p>tốt !</p>\n','2019-04-28 23:42:07.970712','2019-04-28 23:42:07.970719',4,1,'',8,1),(8,'<p><strong>C&oacute; t&agrave;i liệu tham khảo!</strong></p>\n','2019-05-04 16:38:27.352481','2019-05-04 16:38:27.352488',4,1,'',1,12),(9,'<p>Hay !</p>\n','2019-05-04 16:39:43.617317','2019-05-04 16:39:43.617323',4,1,'',2,12),(10,'<p>Đầy Đủ !</p>\n','2019-05-04 16:45:47.215401','2019-05-04 16:45:47.215427',5,1,'',4,12),(11,'<p>Hay</p>\n\n<div id=\"eJOY__extension_root\" style=\"all:unset\">&nbsp;</div>\n','2019-05-05 11:30:23.355997','2019-05-05 11:30:23.356002',4,1,'',2,15),(12,'<p>Đầu tư tốt</p>\n','2019-05-05 11:31:17.147203','2019-05-05 11:31:17.147208',5,1,'',2,15),(13,'<p>dfasfaf</p>\n','2019-05-06 10:28:59.873364','2019-05-06 10:28:59.873370',4,1,'',71,16),(14,'<p>Tốt!</p>\n','2019-05-06 17:24:58.445656','2019-05-06 17:24:58.445662',5,1,'',71,17),(15,'<p>Hấp dẫn qu&aacute;!&nbsp;</p>\n','2019-05-08 09:10:30.199081','2019-05-08 09:10:30.199086',5,1,'',42,10),(16,'<p>Video b&agrave;i giảng qu&aacute; nhanh v&agrave; kh&ocirc;ng c&oacute; tiếng. Tuy nhi&ecirc;n, h&igrave;nh thức nội dung đẹp v&agrave; sắc sảo, l&agrave;m nổi bật được &yacute; ch&iacute;nh&nbsp;</p>\n','2019-05-08 23:11:22.877323','2019-05-08 23:11:22.877328',4,1,'',71,37),(17,'<p>C&aacute;c video theo đ&uacute;ng chủ đề m&igrave;nh cần học. Cảm ơn ad rất nhiều. Hy vọng ad sẽ cho ra th&ecirc;m nhiều c&aacute;c video kh&aacute;c</p>\n','2019-05-08 23:12:41.060458','2019-05-08 23:12:41.060465',4,1,'',144,37),(18,'<p>B&agrave;i giảng tương t&aacute;c m&agrave;u sắc, k&egrave;m theo đ&oacute; c&oacute; b&agrave;i tập đi k&egrave;m, gi&uacute;p m&igrave;nh c&oacute; khả năng vừa học vừa &ocirc;n tập. Tốt</p>\n','2019-05-08 23:15:40.598913','2019-05-08 23:15:40.598919',4,1,'',141,37),(20,'<p>Trang web lập tr&igrave;nh Tynker thật ảo diệu. Cảm ơn Ad đ&atilde; x&acirc;y dựng hệ thống về m&ocirc;n Tynker. M&igrave;nh rất th&iacute;ch</p>\n','2019-05-08 23:20:25.415756','2019-05-08 23:20:25.415762',4,1,'',142,37),(23,'<p>b&agrave;i giảng chi tiết v&agrave; cụ thể. nội dung tốt</p>\n\n<p>&nbsp;</p>\n','2019-05-08 23:30:21.730068','2019-05-08 23:30:21.730073',4,1,'',54,38),(24,'<p>hoạt động hấp dẫn v&agrave; tăng khả năng suy nghĩ</p>\n','2019-05-08 23:35:28.217965','2019-05-08 23:35:28.217971',4,1,'',56,38),(25,'<p>tr&ograve; chơi hay qu&aacute;. minh được huy chương bạc. hihi</p>\n','2019-05-08 23:36:25.779053','2019-05-08 23:36:25.779059',4,1,'',58,38),(26,'<p>Rất hay v&agrave; &yacute; nghĩa!</p>\n','2019-05-09 02:25:59.772665','2019-05-09 02:25:59.772671',4,1,'',71,41),(27,'<p>B&agrave;i giảng tương t&aacute;c tốt nhưng cần đưa ra hướng dẫn v&agrave; 1 số nội dung quan trọng để nắm &yacute; tổng quan</p>\n','2019-05-09 02:28:00.988801','2019-05-09 02:28:00.988807',5,1,'',47,42),(28,'<p>C&aacute;c Thầy/C&ocirc; thật chuy&ecirc;n nghiệp khi thực hiện c&aacute;c t&agrave;i liệu tr&ecirc;n</p>\n','2019-05-09 02:28:51.866052','2019-05-09 02:28:51.866058',5,1,'',46,42),(29,'<p>c&oacute; thể k&eacute;o d&agrave;i đoạn video ra, do ngắn qu&aacute; vẫn chưa nắm được &yacute; tổng quan m&agrave; gi&aacute;o vi&ecirc;n đặt ra</p>\n','2019-05-09 02:31:28.691594','2019-05-09 02:31:28.691600',5,1,'',144,41),(30,'<p>video hay v&agrave; nội dung đặc sắc, g&acirc;y ấn tượng với người nghe v&agrave; người học</p>\n','2019-05-09 11:02:54.913851','2019-05-09 11:02:54.913857',4,1,'',198,44),(31,'<p>Ad tạo v&agrave; sưu tầm nhiều video hay, đặc sắc v&agrave; tạo ra nhiều mới lạ về lập tr&igrave;nh Scratch</p>\n','2019-05-09 11:03:57.532494','2019-05-09 11:03:57.532499',4,1,'',197,44),(32,'<p>t&agrave;i liệu hay, cung cấp nhiều nội dung kiến thức quan trọng. đầy đủ</p>\n','2019-05-09 11:05:55.054353','2019-05-09 11:05:55.054358',4,1,'',4,43);
/*!40000 ALTER TABLE `activityreply` ENABLE KEYS */;
UNLOCK TABLES;

--
-- Table structure for table `activitysubmittion`
--

DROP TABLE IF EXISTS `activitysubmittion`;
/*!40101 SET @saved_cs_client     = @@character_set_client */;
 SET character_set_client = utf8mb4 ;
CREATE TABLE `activitysubmittion` (
  `ActivitySubmittionID` int(11) NOT NULL AUTO_INCREMENT,
  `CreateDate` datetime(6) DEFAULT NULL,
  `EditDate` datetime(6) DEFAULT NULL,
  `Link` varchar(199) COLLATE utf8_unicode_ci DEFAULT NULL,
  `Description` varchar(250) COLLATE utf8_unicode_ci DEFAULT NULL,
  `Content` longtext COLLATE utf8_unicode_ci,
  `IsEnable` int(11) DEFAULT NULL,
  `Note` varchar(250) COLLATE utf8_unicode_ci DEFAULT NULL,
  `AccountID` int(11) DEFAULT NULL,
  `ActivityID` int(11) DEFAULT NULL,
  PRIMARY KEY (`ActivitySubmittionID`),
  KEY `activitysubmittion_AccountID_7266f5e2_fk_account_AccountID` (`AccountID`),
  KEY `activitysubmittion_ActivityID_437618e8_fk_activity_ActivityID` (`ActivityID`),
  CONSTRAINT `activitysubmittion_AccountID_7266f5e2_fk_account_AccountID` FOREIGN KEY (`AccountID`) REFERENCES `account` (`AccountID`),
  CONSTRAINT `activitysubmittion_ActivityID_437618e8_fk_activity_ActivityID` FOREIGN KEY (`ActivityID`) REFERENCES `activity` (`ActivityID`)
) ENGINE=InnoDB AUTO_INCREMENT=12 DEFAULT CHARSET=utf8 COLLATE=utf8_unicode_ci;
/*!40101 SET character_set_client = @saved_cs_client */;

--
-- Dumping data for table `activitysubmittion`
--

LOCK TABLES `activitysubmittion` WRITE;
/*!40000 ALTER TABLE `activitysubmittion` DISABLE KEYS */;
INSERT INTO `activitysubmittion` VALUES (1,'2019-05-04 13:57:01.844484','2019-05-04 13:57:01.844490','/media/myavatar_ytXIdk3.jpg','Hình ','',1,'<strong>Điểm: </strong> 9<br> <strong> Nhận Xét: </strong> Bài làm cũng tạm ổn đó!<br><strong>Bởi giảng viên: </strong>Đỗ Như Ý',3,14),(2,'2019-05-06 17:39:35.779004','2019-05-06 17:39:35.779010','/media/On_tap_hoat_dong_3_FvXKQOB.zip','NguyenLong_bai02_arduinocompokidieu','',1,'',3,30),(3,'2019-05-06 17:44:30.614732','2019-05-06 17:44:30.614738','/media/New%20Text%20Document.py','nguyenlong_bai02_arduino','',1,'<strong>Điểm: </strong> 8<br> <strong> Nhận Xét: </strong> Em làm tốt lắm!<br><strong>Bởi giảng viên: </strong>Đỗ Như Ý',3,30),(4,'2019-05-08 10:44:06.349173','2019-05-08 10:44:06.349179','/media/cmd.exe','File test','',1,'',3,30),(5,'2019-05-08 10:46:15.633801','2019-05-08 10:46:15.633807','/media/thuattoanZ.pptx','Nop lai','',1,'',3,30),(6,'2019-05-08 14:36:53.297179','2019-05-08 14:36:53.297185','','','',1,'',4,193),(7,'2019-05-08 14:56:02.178359','2019-05-08 14:56:02.178364','/media/scorm.zip','Haha','',1,'',4,193),(8,'2019-05-08 15:26:27.836236','2019-05-08 15:26:27.836241','/media/scorm_6SJYoxo.zip','','9.7773MB',1,'',4,193),(9,'2019-05-08 15:28:28.119059','2019-05-08 15:28:28.119065','','','',1,'',4,193),(10,'2019-05-08 15:51:47.541999','2019-05-08 15:51:47.542008','/media/scorm_x24rwTN.zip','','9.7773MB',1,'',4,193),(11,'2019-05-09 09:24:20.890964','2019-05-09 09:24:20.890970','/media/%C4%90%E1%BB%93AnAliceFlappyBird.zip','NguyenVanA_Chude3.zip','1.7308MB',1,'<strong>Điểm: </strong> 10<br> <strong> Nhận Xét: </strong> Rất tốt! Nắm được lí thuyết tốt!<br><strong>Bởi giảng viên: </strong>Trần Phúc Minh Khoa',6,222);
/*!40000 ALTER TABLE `activitysubmittion` ENABLE KEYS */;
UNLOCK TABLES;

--
-- Table structure for table `activitysubmittionreply`
--

DROP TABLE IF EXISTS `activitysubmittionreply`;
/*!40101 SET @saved_cs_client     = @@character_set_client */;
 SET character_set_client = utf8mb4 ;
CREATE TABLE `activitysubmittionreply` (
  `ActivitySubmittionReplyID` int(11) NOT NULL AUTO_INCREMENT,
  `CreateDate` datetime(6) DEFAULT NULL,
  `EditDate` datetime(6) DEFAULT NULL,
  `Content` longtext COLLATE utf8_unicode_ci,
  `IsEnable` int(11) DEFAULT NULL,
  `Note` varchar(250) COLLATE utf8_unicode_ci DEFAULT NULL,
  `ActivitySubmittionID` int(11) DEFAULT NULL,
  `EnrollmentID` int(11) DEFAULT NULL,
  PRIMARY KEY (`ActivitySubmittionReplyID`),
  KEY `activitysubmittionre_ActivitySubmittionID_19aed681_fk_activitys` (`ActivitySubmittionID`),
  KEY `activitysubmittionre_EnrollmentID_00a4c92f_fk_enrollmen` (`EnrollmentID`),
  CONSTRAINT `activitysubmittionre_ActivitySubmittionID_19aed681_fk_activitys` FOREIGN KEY (`ActivitySubmittionID`) REFERENCES `activitysubmittion` (`ActivitySubmittionID`),
  CONSTRAINT `activitysubmittionre_EnrollmentID_00a4c92f_fk_enrollmen` FOREIGN KEY (`EnrollmentID`) REFERENCES `enrollment` (`EnrollmentID`)
) ENGINE=InnoDB DEFAULT CHARSET=utf8 COLLATE=utf8_unicode_ci;
/*!40101 SET character_set_client = @saved_cs_client */;

--
-- Dumping data for table `activitysubmittionreply`
--

LOCK TABLES `activitysubmittionreply` WRITE;
/*!40000 ALTER TABLE `activitysubmittionreply` DISABLE KEYS */;
/*!40000 ALTER TABLE `activitysubmittionreply` ENABLE KEYS */;
UNLOCK TABLES;

--
-- Table structure for table `activitytype`
--

DROP TABLE IF EXISTS `activitytype`;
/*!40101 SET @saved_cs_client     = @@character_set_client */;
 SET character_set_client = utf8mb4 ;
CREATE TABLE `activitytype` (
  `ActivityTypeID` int(11) NOT NULL AUTO_INCREMENT,
  `ActivityTypeName` varchar(250) COLLATE utf8_unicode_ci DEFAULT NULL,
  `CreateDate` datetime(6) DEFAULT NULL,
  `EditDate` datetime(6) DEFAULT NULL,
  `IsEnable` int(11) DEFAULT NULL,
  `Note` varchar(250) COLLATE utf8_unicode_ci DEFAULT NULL,
  PRIMARY KEY (`ActivityTypeID`)
) ENGINE=InnoDB AUTO_INCREMENT=8 DEFAULT CHARSET=utf8 COLLATE=utf8_unicode_ci;
/*!40101 SET character_set_client = @saved_cs_client */;

--
-- Dumping data for table `activitytype`
--

LOCK TABLES `activitytype` WRITE;
/*!40000 ALTER TABLE `activitytype` DISABLE KEYS */;
INSERT INTO `activitytype` VALUES (1,'Code','2019-04-26 00:00:00.000000','2019-04-26 00:00:00.000000',1,NULL),(2,'PDF','2019-04-26 00:00:00.000000','2019-04-26 00:00:00.000000',1,NULL),(3,'Video','2019-04-26 00:00:00.000000','2019-04-26 00:00:00.000000',1,NULL),(4,'SCORM','2019-04-26 00:00:00.000000','2019-04-26 00:00:00.000000',1,NULL),(5,'Trò Chơi','2019-04-26 00:00:00.000000','2019-04-26 00:00:00.000000',1,NULL),(6,'Nộp Bài','2019-04-26 00:00:00.000000','2019-04-26 00:00:00.000000',1,NULL),(7,'Đặc Biệt','2019-04-26 00:00:00.000000','2019-04-26 00:00:00.000000',1,NULL);
/*!40000 ALTER TABLE `activitytype` ENABLE KEYS */;
UNLOCK TABLES;

--
-- Table structure for table `auth_group`
--

DROP TABLE IF EXISTS `auth_group`;
/*!40101 SET @saved_cs_client     = @@character_set_client */;
 SET character_set_client = utf8mb4 ;
CREATE TABLE `auth_group` (
  `id` int(11) NOT NULL AUTO_INCREMENT,
  `name` varchar(150) COLLATE utf8_unicode_ci NOT NULL,
  PRIMARY KEY (`id`),
  UNIQUE KEY `name` (`name`)
) ENGINE=InnoDB DEFAULT CHARSET=utf8 COLLATE=utf8_unicode_ci;
/*!40101 SET character_set_client = @saved_cs_client */;

--
-- Dumping data for table `auth_group`
--

LOCK TABLES `auth_group` WRITE;
/*!40000 ALTER TABLE `auth_group` DISABLE KEYS */;
/*!40000 ALTER TABLE `auth_group` ENABLE KEYS */;
UNLOCK TABLES;

--
-- Table structure for table `auth_group_permissions`
--

DROP TABLE IF EXISTS `auth_group_permissions`;
/*!40101 SET @saved_cs_client     = @@character_set_client */;
 SET character_set_client = utf8mb4 ;
CREATE TABLE `auth_group_permissions` (
  `id` int(11) NOT NULL AUTO_INCREMENT,
  `group_id` int(11) NOT NULL,
  `permission_id` int(11) NOT NULL,
  PRIMARY KEY (`id`),
  UNIQUE KEY `auth_group_permissions_group_id_permission_id_0cd325b0_uniq` (`group_id`,`permission_id`),
  KEY `auth_group_permissio_permission_id_84c5c92e_fk_auth_perm` (`permission_id`),
  CONSTRAINT `auth_group_permissio_permission_id_84c5c92e_fk_auth_perm` FOREIGN KEY (`permission_id`) REFERENCES `auth_permission` (`id`),
  CONSTRAINT `auth_group_permissions_group_id_b120cbf9_fk_auth_group_id` FOREIGN KEY (`group_id`) REFERENCES `auth_group` (`id`)
) ENGINE=InnoDB DEFAULT CHARSET=utf8 COLLATE=utf8_unicode_ci;
/*!40101 SET character_set_client = @saved_cs_client */;

--
-- Dumping data for table `auth_group_permissions`
--

LOCK TABLES `auth_group_permissions` WRITE;
/*!40000 ALTER TABLE `auth_group_permissions` DISABLE KEYS */;
/*!40000 ALTER TABLE `auth_group_permissions` ENABLE KEYS */;
UNLOCK TABLES;

--
-- Table structure for table `auth_permission`
--

DROP TABLE IF EXISTS `auth_permission`;
/*!40101 SET @saved_cs_client     = @@character_set_client */;
 SET character_set_client = utf8mb4 ;
CREATE TABLE `auth_permission` (
  `id` int(11) NOT NULL AUTO_INCREMENT,
  `name` varchar(255) COLLATE utf8_unicode_ci NOT NULL,
  `content_type_id` int(11) NOT NULL,
  `codename` varchar(100) COLLATE utf8_unicode_ci NOT NULL,
  PRIMARY KEY (`id`),
  UNIQUE KEY `auth_permission_content_type_id_codename_01ab375a_uniq` (`content_type_id`,`codename`),
  CONSTRAINT `auth_permission_content_type_id_2f476e4b_fk_django_co` FOREIGN KEY (`content_type_id`) REFERENCES `django_content_type` (`id`)
) ENGINE=InnoDB AUTO_INCREMENT=205 DEFAULT CHARSET=utf8 COLLATE=utf8_unicode_ci;
/*!40101 SET character_set_client = @saved_cs_client */;

--
-- Dumping data for table `auth_permission`
--

LOCK TABLES `auth_permission` WRITE;
/*!40000 ALTER TABLE `auth_permission` DISABLE KEYS */;
INSERT INTO `auth_permission` VALUES (1,'Can add log entry',1,'add_logentry'),(2,'Can change log entry',1,'change_logentry'),(3,'Can delete log entry',1,'delete_logentry'),(4,'Can view log entry',1,'view_logentry'),(5,'Can add permission',2,'add_permission'),(6,'Can change permission',2,'change_permission'),(7,'Can delete permission',2,'delete_permission'),(8,'Can view permission',2,'view_permission'),(9,'Can add group',3,'add_group'),(10,'Can change group',3,'change_group'),(11,'Can delete group',3,'delete_group'),(12,'Can view group',3,'view_group'),(13,'Can add user',4,'add_user'),(14,'Can change user',4,'change_user'),(15,'Can delete user',4,'delete_user'),(16,'Can view user',4,'view_user'),(17,'Can add content type',5,'add_contenttype'),(18,'Can change content type',5,'change_contenttype'),(19,'Can delete content type',5,'delete_contenttype'),(20,'Can view content type',5,'view_contenttype'),(21,'Can add session',6,'add_session'),(22,'Can change session',6,'change_session'),(23,'Can delete session',6,'delete_session'),(24,'Can view session',6,'view_session'),(25,'Can add account',7,'add_account'),(26,'Can change account',7,'change_account'),(27,'Can delete account',7,'delete_account'),(28,'Can view account',7,'view_account'),(29,'Can add account type',8,'add_accounttype'),(30,'Can change account type',8,'change_accounttype'),(31,'Can delete account type',8,'delete_accounttype'),(32,'Can view account type',8,'view_accounttype'),(33,'Can add activity',9,'add_activity'),(34,'Can change activity',9,'change_activity'),(35,'Can delete activity',9,'delete_activity'),(36,'Can view activity',9,'view_activity'),(37,'Can add activity reply',10,'add_activityreply'),(38,'Can change activity reply',10,'change_activityreply'),(39,'Can delete activity reply',10,'delete_activityreply'),(40,'Can view activity reply',10,'view_activityreply'),(41,'Can add activity submittion',11,'add_activitysubmittion'),(42,'Can change activity submittion',11,'change_activitysubmittion'),(43,'Can delete activity submittion',11,'delete_activitysubmittion'),(44,'Can view activity submittion',11,'view_activitysubmittion'),(45,'Can add activity submittion reply',12,'add_activitysubmittionreply'),(46,'Can change activity submittion reply',12,'change_activitysubmittionreply'),(47,'Can delete activity submittion reply',12,'delete_activitysubmittionreply'),(48,'Can view activity submittion reply',12,'view_activitysubmittionreply'),(49,'Can add activity type',13,'add_activitytype'),(50,'Can change activity type',13,'change_activitytype'),(51,'Can delete activity type',13,'delete_activitytype'),(52,'Can view activity type',13,'view_activitytype'),(53,'Can add chapter',14,'add_chapter'),(54,'Can change chapter',14,'change_chapter'),(55,'Can delete chapter',14,'delete_chapter'),(56,'Can view chapter',14,'view_chapter'),(57,'Can add chat',15,'add_chat'),(58,'Can change chat',15,'change_chat'),(59,'Can delete chat',15,'delete_chat'),(60,'Can view chat',15,'view_chat'),(61,'Can add chat room',16,'add_chatroom'),(62,'Can change chat room',16,'change_chatroom'),(63,'Can delete chat room',16,'delete_chatroom'),(64,'Can view chat room',16,'view_chatroom'),(65,'Can add competition',17,'add_competition'),(66,'Can change competition',17,'change_competition'),(67,'Can delete competition',17,'delete_competition'),(68,'Can view competition',17,'view_competition'),(69,'Can add competition submittion',18,'add_competitionsubmittion'),(70,'Can change competition submittion',18,'change_competitionsubmittion'),(71,'Can delete competition submittion',18,'delete_competitionsubmittion'),(72,'Can view competition submittion',18,'view_competitionsubmittion'),(73,'Can add competition submittion like',19,'add_competitionsubmittionlike'),(74,'Can change competition submittion like',19,'change_competitionsubmittionlike'),(75,'Can delete competition submittion like',19,'delete_competitionsubmittionlike'),(76,'Can view competition submittion like',19,'view_competitionsubmittionlike'),(77,'Can add competition submittion reply',20,'add_competitionsubmittionreply'),(78,'Can change competition submittion reply',20,'change_competitionsubmittionreply'),(79,'Can delete competition submittion reply',20,'delete_competitionsubmittionreply'),(80,'Can view competition submittion reply',20,'view_competitionsubmittionreply'),(81,'Can add contact',21,'add_contact'),(82,'Can change contact',21,'change_contact'),(83,'Can delete contact',21,'delete_contact'),(84,'Can view contact',21,'view_contact'),(85,'Can add enrollment',22,'add_enrollment'),(86,'Can change enrollment',22,'change_enrollment'),(87,'Can delete enrollment',22,'delete_enrollment'),(88,'Can view enrollment',22,'view_enrollment'),(89,'Can add enviroment cate',23,'add_enviromentcate'),(90,'Can change enviroment cate',23,'change_enviromentcate'),(91,'Can delete enviroment cate',23,'delete_enviromentcate'),(92,'Can view enviroment cate',23,'view_enviromentcate'),(93,'Can add fast chat',24,'add_fastchat'),(94,'Can change fast chat',24,'change_fastchat'),(95,'Can delete fast chat',24,'delete_fastchat'),(96,'Can view fast chat',24,'view_fastchat'),(97,'Can add footer',25,'add_footer'),(98,'Can change footer',25,'change_footer'),(99,'Can delete footer',25,'delete_footer'),(100,'Can view footer',25,'view_footer'),(101,'Can add forum',26,'add_forum'),(102,'Can change forum',26,'change_forum'),(103,'Can delete forum',26,'delete_forum'),(104,'Can view forum',26,'view_forum'),(105,'Can add forum like',27,'add_forumlike'),(106,'Can change forum like',27,'change_forumlike'),(107,'Can delete forum like',27,'delete_forumlike'),(108,'Can view forum like',27,'view_forumlike'),(109,'Can add forum reply',28,'add_forumreply'),(110,'Can change forum reply',28,'change_forumreply'),(111,'Can delete forum reply',28,'delete_forumreply'),(112,'Can view forum reply',28,'view_forumreply'),(113,'Can add game',29,'add_game'),(114,'Can change game',29,'change_game'),(115,'Can delete game',29,'delete_game'),(116,'Can view game',29,'view_game'),(117,'Can add game rate',30,'add_gamerate'),(118,'Can change game rate',30,'change_gamerate'),(119,'Can delete game rate',30,'delete_gamerate'),(120,'Can view game rate',30,'view_gamerate'),(121,'Can add game type',31,'add_gametype'),(122,'Can change game type',31,'change_gametype'),(123,'Can delete game type',31,'delete_gametype'),(124,'Can view game type',31,'view_gametype'),(125,'Can add header',32,'add_header'),(126,'Can change header',32,'change_header'),(127,'Can delete header',32,'delete_header'),(128,'Can view header',32,'view_header'),(129,'Can add home',33,'add_home'),(130,'Can change home',33,'change_home'),(131,'Can delete home',33,'delete_home'),(132,'Can view home',33,'view_home'),(133,'Can add introduction',34,'add_introduction'),(134,'Can change introduction',34,'change_introduction'),(135,'Can delete introduction',34,'delete_introduction'),(136,'Can view introduction',34,'view_introduction'),(137,'Can add item',35,'add_item'),(138,'Can change item',35,'change_item'),(139,'Can delete item',35,'delete_item'),(140,'Can view item',35,'view_item'),(141,'Can add lesson',36,'add_lesson'),(142,'Can change lesson',36,'change_lesson'),(143,'Can delete lesson',36,'delete_lesson'),(144,'Can view lesson',36,'view_lesson'),(145,'Can add lesson reply',37,'add_lessonreply'),(146,'Can change lesson reply',37,'change_lessonreply'),(147,'Can delete lesson reply',37,'delete_lessonreply'),(148,'Can view lesson reply',37,'view_lessonreply'),(149,'Can add news',38,'add_news'),(150,'Can change news',38,'change_news'),(151,'Can delete news',38,'delete_news'),(152,'Can view news',38,'view_news'),(153,'Can add news reply',39,'add_newsreply'),(154,'Can change news reply',39,'change_newsreply'),(155,'Can delete news reply',39,'delete_newsreply'),(156,'Can view news reply',39,'view_newsreply'),(157,'Can add online',40,'add_online'),(158,'Can change online',40,'change_online'),(159,'Can delete online',40,'delete_online'),(160,'Can view online',40,'view_online'),(161,'Can add project share',41,'add_projectshare'),(162,'Can change project share',41,'change_projectshare'),(163,'Can delete project share',41,'delete_projectshare'),(164,'Can view project share',41,'view_projectshare'),(165,'Can add project share like',42,'add_projectsharelike'),(166,'Can change project share like',42,'change_projectsharelike'),(167,'Can delete project share like',42,'delete_projectsharelike'),(168,'Can view project share like',42,'view_projectsharelike'),(169,'Can add project share reply',43,'add_projectsharereply'),(170,'Can change project share reply',43,'change_projectsharereply'),(171,'Can delete project share reply',43,'delete_projectsharereply'),(172,'Can view project share reply',43,'view_projectsharereply'),(173,'Can add slide run bar',44,'add_sliderunbar'),(174,'Can change slide run bar',44,'change_sliderunbar'),(175,'Can delete slide run bar',44,'delete_sliderunbar'),(176,'Can view slide run bar',44,'view_sliderunbar'),(177,'Can add subject',45,'add_subject'),(178,'Can change subject',45,'change_subject'),(179,'Can delete subject',45,'delete_subject'),(180,'Can view subject',45,'view_subject'),(181,'Can add subject like',46,'add_subjectlike'),(182,'Can change subject like',46,'change_subjectlike'),(183,'Can delete subject like',46,'delete_subjectlike'),(184,'Can view subject like',46,'view_subjectlike'),(185,'Can add subject part',47,'add_subjectpart'),(186,'Can change subject part',47,'change_subjectpart'),(187,'Can delete subject part',47,'delete_subjectpart'),(188,'Can view subject part',47,'view_subjectpart'),(189,'Can add subject teacher',48,'add_subjectteacher'),(190,'Can change subject teacher',48,'change_subjectteacher'),(191,'Can delete subject teacher',48,'delete_subjectteacher'),(192,'Can view subject teacher',48,'view_subjectteacher'),(193,'Can add tracking',49,'add_tracking'),(194,'Can change tracking',49,'change_tracking'),(195,'Can delete tracking',49,'delete_tracking'),(196,'Can view tracking',49,'view_tracking'),(197,'Can add user detail',50,'add_userdetail'),(198,'Can change user detail',50,'change_userdetail'),(199,'Can delete user detail',50,'delete_userdetail'),(200,'Can view user detail',50,'view_userdetail'),(201,'Can add user rank',51,'add_userrank'),(202,'Can change user rank',51,'change_userrank'),(203,'Can delete user rank',51,'delete_userrank'),(204,'Can view user rank',51,'view_userrank');
/*!40000 ALTER TABLE `auth_permission` ENABLE KEYS */;
UNLOCK TABLES;

--
-- Table structure for table `auth_user`
--

DROP TABLE IF EXISTS `auth_user`;
/*!40101 SET @saved_cs_client     = @@character_set_client */;
 SET character_set_client = utf8mb4 ;
CREATE TABLE `auth_user` (
  `id` int(11) NOT NULL AUTO_INCREMENT,
  `password` varchar(128) COLLATE utf8_unicode_ci NOT NULL,
  `last_login` datetime(6) DEFAULT NULL,
  `is_superuser` tinyint(1) NOT NULL,
  `username` varchar(150) COLLATE utf8_unicode_ci NOT NULL,
  `first_name` varchar(30) COLLATE utf8_unicode_ci NOT NULL,
  `last_name` varchar(150) COLLATE utf8_unicode_ci NOT NULL,
  `email` varchar(254) COLLATE utf8_unicode_ci NOT NULL,
  `is_staff` tinyint(1) NOT NULL,
  `is_active` tinyint(1) NOT NULL,
  `date_joined` datetime(6) NOT NULL,
  PRIMARY KEY (`id`),
  UNIQUE KEY `username` (`username`)
) ENGINE=InnoDB DEFAULT CHARSET=utf8 COLLATE=utf8_unicode_ci;
/*!40101 SET character_set_client = @saved_cs_client */;

--
-- Dumping data for table `auth_user`
--

LOCK TABLES `auth_user` WRITE;
/*!40000 ALTER TABLE `auth_user` DISABLE KEYS */;
/*!40000 ALTER TABLE `auth_user` ENABLE KEYS */;
UNLOCK TABLES;

--
-- Table structure for table `auth_user_groups`
--

DROP TABLE IF EXISTS `auth_user_groups`;
/*!40101 SET @saved_cs_client     = @@character_set_client */;
 SET character_set_client = utf8mb4 ;
CREATE TABLE `auth_user_groups` (
  `id` int(11) NOT NULL AUTO_INCREMENT,
  `user_id` int(11) NOT NULL,
  `group_id` int(11) NOT NULL,
  PRIMARY KEY (`id`),
  UNIQUE KEY `auth_user_groups_user_id_group_id_94350c0c_uniq` (`user_id`,`group_id`),
  KEY `auth_user_groups_group_id_97559544_fk_auth_group_id` (`group_id`),
  CONSTRAINT `auth_user_groups_group_id_97559544_fk_auth_group_id` FOREIGN KEY (`group_id`) REFERENCES `auth_group` (`id`),
  CONSTRAINT `auth_user_groups_user_id_6a12ed8b_fk_auth_user_id` FOREIGN KEY (`user_id`) REFERENCES `auth_user` (`id`)
) ENGINE=InnoDB DEFAULT CHARSET=utf8 COLLATE=utf8_unicode_ci;
/*!40101 SET character_set_client = @saved_cs_client */;

--
-- Dumping data for table `auth_user_groups`
--

LOCK TABLES `auth_user_groups` WRITE;
/*!40000 ALTER TABLE `auth_user_groups` DISABLE KEYS */;
/*!40000 ALTER TABLE `auth_user_groups` ENABLE KEYS */;
UNLOCK TABLES;

--
-- Table structure for table `auth_user_user_permissions`
--

DROP TABLE IF EXISTS `auth_user_user_permissions`;
/*!40101 SET @saved_cs_client     = @@character_set_client */;
 SET character_set_client = utf8mb4 ;
CREATE TABLE `auth_user_user_permissions` (
  `id` int(11) NOT NULL AUTO_INCREMENT,
  `user_id` int(11) NOT NULL,
  `permission_id` int(11) NOT NULL,
  PRIMARY KEY (`id`),
  UNIQUE KEY `auth_user_user_permissions_user_id_permission_id_14a6b632_uniq` (`user_id`,`permission_id`),
  KEY `auth_user_user_permi_permission_id_1fbb5f2c_fk_auth_perm` (`permission_id`),
  CONSTRAINT `auth_user_user_permi_permission_id_1fbb5f2c_fk_auth_perm` FOREIGN KEY (`permission_id`) REFERENCES `auth_permission` (`id`),
  CONSTRAINT `auth_user_user_permissions_user_id_a95ead1b_fk_auth_user_id` FOREIGN KEY (`user_id`) REFERENCES `auth_user` (`id`)
) ENGINE=InnoDB DEFAULT CHARSET=utf8 COLLATE=utf8_unicode_ci;
/*!40101 SET character_set_client = @saved_cs_client */;

--
-- Dumping data for table `auth_user_user_permissions`
--

LOCK TABLES `auth_user_user_permissions` WRITE;
/*!40000 ALTER TABLE `auth_user_user_permissions` DISABLE KEYS */;
/*!40000 ALTER TABLE `auth_user_user_permissions` ENABLE KEYS */;
UNLOCK TABLES;

--
-- Table structure for table `chapter`
--

DROP TABLE IF EXISTS `chapter`;
/*!40101 SET @saved_cs_client     = @@character_set_client */;
 SET character_set_client = utf8mb4 ;
CREATE TABLE `chapter` (
  `ChapterID` int(11) NOT NULL AUTO_INCREMENT,
  `ChapterName` varchar(250) COLLATE utf8_unicode_ci DEFAULT NULL,
  `CreateDate` datetime(6) DEFAULT NULL,
  `EditDate` datetime(6) DEFAULT NULL,
  `IsEnable` int(11) DEFAULT NULL,
  `Description` varchar(250) COLLATE utf8_unicode_ci DEFAULT NULL,
  `Content` longtext COLLATE utf8_unicode_ci,
  `Order` int(11) DEFAULT NULL,
  `Note` varchar(250) COLLATE utf8_unicode_ci DEFAULT NULL,
  `AccountID` int(11) DEFAULT NULL,
  `SubjectID` int(11) DEFAULT NULL,
  PRIMARY KEY (`ChapterID`),
  KEY `chapter_AccountID_6fcdcb58_fk_account_AccountID` (`AccountID`),
  KEY `chapter_SubjectID_4caa3b28_fk_subject_SubjectID` (`SubjectID`),
  CONSTRAINT `chapter_AccountID_6fcdcb58_fk_account_AccountID` FOREIGN KEY (`AccountID`) REFERENCES `account` (`AccountID`),
  CONSTRAINT `chapter_SubjectID_4caa3b28_fk_subject_SubjectID` FOREIGN KEY (`SubjectID`) REFERENCES `subject` (`SubjectID`)
) ENGINE=InnoDB AUTO_INCREMENT=24 DEFAULT CHARSET=utf8 COLLATE=utf8_unicode_ci;
/*!40101 SET character_set_client = @saved_cs_client */;

--
-- Dumping data for table `chapter`
--

LOCK TABLES `chapter` WRITE;
/*!40000 ALTER TABLE `chapter` DISABLE KEYS */;
INSERT INTO `chapter` VALUES (1,'TYNKER - MỘT THẾ GIỚI MỚI','2019-04-26 17:11:52.406508','2019-05-07 03:29:25.313271',1,'Tynker - Một thế giới mới bao gồm các nội dung cơ bản nhằm giúp chúng ta có cái nhìn tổng quan về cấu tạo và cách sử dụng các chức năng chính của môi trường Tynker.','<p style=\"text-align:justify\"><span style=\"color:#d35400\"><span style=\"font-size:20px\"><span style=\"font-family:Times New Roman,Times,serif\"><strong>Tynker - Một thế giới mới</strong>&nbsp;bao gồm c&aacute;c nội dung cơ bản nhằm gi&uacute;p ch&uacute;ng ta c&oacute; c&aacute;i nh&igrave;n tổng quan về cấu tạo v&agrave; c&aacute;ch sử dụng c&aacute;c chức năng ch&iacute;nh của&nbsp;<em><strong>m&ocirc;i trường Tynker</strong></em>. B&ecirc;n cạnh đ&oacute;, để c&oacute; thể dễ d&agrave;ng theo d&otilde;i c&aacute;c b&agrave;i học n&acirc;ng cao, ch&uacute;ng ta cũng cần nắm chắc c&aacute;c kh&aacute;i niệm quan trọng sau đ&acirc;y:</span></span></span></p>\r\n\r\n<p style=\"text-align:justify\"><span style=\"color:#d35400\"><span style=\"font-size:20px\"><span style=\"font-family:Times New Roman,Times,serif\">1-&nbsp;<strong>Sprite</strong>&nbsp;(đối tượng)</span></span></span></p>\r\n\r\n<p style=\"text-align:justify\"><span style=\"color:#d35400\"><span style=\"font-size:20px\"><span style=\"font-family:Times New Roman,Times,serif\">2-&nbsp;<strong>Stage</strong>&nbsp;(s&acirc;n khấu)</span></span></span></p>\r\n\r\n<p style=\"text-align:justify\"><span style=\"color:#d35400\"><span style=\"font-size:20px\"><span style=\"font-family:Times New Roman,Times,serif\">3-&nbsp;<strong>Block</strong>&nbsp;(khối lệnh)</span></span></span></p>\r\n\r\n<p style=\"text-align:justify\"><span style=\"color:#d35400\"><span style=\"font-size:20px\"><span style=\"font-family:Times New Roman,Times,serif\">4-&nbsp;<strong>Script</strong>&nbsp;(kịch bản)</span></span></span></p>\r\n\r\n<p style=\"text-align:justify\"><span style=\"color:#d35400\"><span style=\"font-size:20px\"><span style=\"font-family:Times New Roman,Times,serif\">5-&nbsp;<strong>Costumes</strong>&nbsp;(h&igrave;nh dạng)</span></span></span></p>\r\n\r\n<p style=\"text-align:justify\"><span style=\"color:#d35400\"><span style=\"font-size:20px\"><span style=\"font-family:Times New Roman,Times,serif\">6-&nbsp;<strong>Background</strong>&nbsp;(ảnh nền)</span></span></span></p>\r\n\r\n<p style=\"text-align:justify\"><span style=\"color:#d35400\"><span style=\"font-size:20px\"><span style=\"font-family:Times New Roman,Times,serif\"><strong>Lưu &yacute;:</strong> Đối với học sinh Tiểu học cần t&igrave;m hiểu trước về c&aacute;c kh&aacute;i niệm sau: G&oacute;c, Hệ trục tọa độ, Số &acirc;m, Số thập ph&acirc;n.</span></span></span></p>\r\n\r\n<p style=\"text-align:center\"><span style=\"color:#d35400\"><span style=\"font-size:20px\"><span style=\"font-family:Times New Roman,Times,serif\"><img alt=\"\" src=\"/media/2019/04/27/banner.png\" style=\"height:311px; width:600px\" /></span></span></span></p>\r\n\r\n<p style=\"text-align:justify\"><span style=\"font-size:20px\"><span style=\"font-family:Times New Roman,Times,serif\"><span style=\"color:#16a085\"><strong>1- T&ecirc;n b&agrave;i học</strong>:</span>&nbsp;<span style=\"color:#e74c3c\"><strong>TYNKER - MỘT THẾ GIỚI MỚI</strong></span></span></span></p>\r\n\r\n<p style=\"text-align:justify\"><span style=\"color:#16a085\"><span style=\"font-size:20px\"><span style=\"font-family:Times New Roman,Times,serif\"><strong>2- Tổng quan&nbsp;b&agrave;i học:</strong></span></span></span></p>\r\n\r\n<p style=\"text-align:justify\"><span style=\"font-size:20px\"><span style=\"font-family:Times New Roman,Times,serif\"><span style=\"color:#d35400\"><strong>B&agrave;i n&agrave;y sẽ gi&uacute;p c&aacute;c em t&igrave;m hiểu được c&aacute;c kiến thức sau:</strong></span></span></span></p>\r\n\r\n<p style=\"text-align:justify\"><strong><span style=\"font-size:20px\"><span style=\"font-family:Times New Roman,Times,serif\"><span style=\"color:#d35400\">-&nbsp;L&agrave;m quen với m&ocirc;i trường l&agrave;m việc của Tynker.</span></span></span></strong></p>\r\n\r\n<p style=\"text-align:justify\"><strong><span style=\"font-size:20px\"><span style=\"font-family:Times New Roman,Times,serif\"><span style=\"color:#d35400\">- Biết c&aacute;ch l&agrave;m việc với c&aacute;c th&agrave;nh phần của Tynker: Nh&acirc;n vật, h&igrave;nh nền, khối lệnh, c&ocirc;ng cụ vẽ, chỉnh sửa &acirc;m thanh.</span></span></span></strong></p>\r\n\r\n<p style=\"margin-left:0in; text-align:justify\"><span style=\"color:#16a085; font-family:&quot;Times New Roman&quot;,Times,serif; font-size:20px\"><strong>3- Mục ti&ecirc;u cần đạt</strong>:</span><span style=\"font-family:&quot;Times New Roman&quot;,Times,serif; font-size:20px\">&nbsp;</span></p>\r\n\r\n<p style=\"text-align:justify\"><strong><span style=\"color:#d35400\"><span style=\"font-size:15.0pt\">-&nbsp;</span><span style=\"font-size:15.0pt\"><span style=\"font-family:&quot;Times New Roman&quot;\">Hiểu được tư duy m&aacute;y t&iacute;nh, kh&aacute;i niệm cơ bản về lập tr&igrave;nh</span></span></span></strong></p>\r\n\r\n<p style=\"text-align:justify\"><strong><span style=\"color:#d35400\"><span style=\"font-size:15.0pt\">-&nbsp;<span style=\"font-family:&quot;Times New Roman&quot;\">Tạo được một ứng dụng, tr&ograve; chơi đơn giản bằng ng&ocirc;n ngữ </span></span><span style=\"font-size:15.0pt\"><span style=\"font-family:&quot;Times New Roman&quot;\">Tynker</span></span></span></strong></p>\r\n\r\n<p style=\"text-align:justify\"><strong><span style=\"color:#d35400\"><span style=\"font-size:15.0pt\">-&nbsp;<span style=\"font-family:&quot;Times New Roman&quot;\">Sử dụng th&agrave;nh thạo c&aacute;c khối lệnh cơ bản để điều khiển nh&acirc;n vật</span></span></span></strong></p>\r\n\r\n<p style=\"text-align:justify\"><strong><span style=\"color:#d35400\"><span style=\"font-size:15.0pt\">-&nbsp;<span style=\"font-family:&quot;Times New Roman&quot;\">Hiểu r&otilde; c&aacute;c kh&aacute;i niệm về lập tr&igrave;nh v&ograve;ng lặp, điều kiện, biến nhớ&hellip;</span></span></span></strong></p>\r\n\r\n<p style=\"text-align:justify\"><span style=\"font-size:20px\"><span style=\"font-family:Times New Roman,Times,serif\"><span style=\"color:#16a085\"><strong>4- Đối tượng</strong>:</span>&nbsp;<span style=\"color:#d35400\"><strong>C&aacute;c bạn c&oacute; đam m&ecirc; lập tr&igrave;nh, đặc biệt c&aacute;c bạn nhỏ c&oacute; độ tuổi từ 8 đến 11 tuổi.</strong></span></span></span></p>\r\n\r\n<p style=\"text-align:justify\"><span style=\"font-size:20px\"><span style=\"font-family:Times New Roman,Times,serif\"><span style=\"color:#16a085\"><strong>5- H&igrave;nh thức dạy v&agrave; học</strong>:&nbsp;</span><span style=\"color:#d35400\"><strong>Trực tuyến</strong></span></span></span></p>\r\n\r\n<p style=\"text-align:justify\"><span style=\"font-size:20px\"><span style=\"font-family:Times New Roman,Times,serif\"><span style=\"color:#16a085\"><strong>6-&nbsp;Nh&oacute;m gi&aacute;o vi&ecirc;n hướng dẫn kh&oacute;a học:</strong></span>&nbsp;<span style=\"color:#d35400\"><strong>Phạm Hữu Tr&iacute; v&agrave; Nguyễn Quốc Trung &ndash; Sinh vi&ecirc;n trường Đại học Sư phạm TP.HCM.</strong></span></span></span></p>\r\n\r\n<p style=\"text-align:justify\"><span style=\"font-size:20px\"><span style=\"font-family:Times New Roman,Times,serif\"><strong><span style=\"color:#16a085\">7- Nội dung b&agrave;i&nbsp;học:</span>&nbsp;<a href=\"http://vspro.ttth.hcmue.edu.vn/course/1/chapter/1/lesson/15\">Xem chi tiết tại đ&acirc;y</a></strong></span></span></p>\r\n',1,'         ',4,1),(2,'TYNKER - THẾ GIỚI MUÔN MÀU','2019-04-26 17:11:52.439748','2019-05-07 03:41:42.667211',1,'Các ngôn ngữ lập trình bậc cao luôn có một tập hợp các \"từ khóa\" (câu lệnh) giúp lập trình viên viết ra những đoạn mã (code) hoặc cả chương trình theo quy tắc, giải thuật nào đó để điều khiển máy tính.','<p style=\"text-align:justify\"><span style=\"color:#d35400\"><span style=\"font-size:20px\"><span style=\"font-family:Times New Roman,Times,serif\">C&aacute;c ng&ocirc;n ngữ lập tr&igrave;nh bậc cao lu&ocirc;n&nbsp;c&oacute; một tập hợp c&aacute;c &quot;từ kh&oacute;a&quot; (c&acirc;u lệnh) gi&uacute;p lập tr&igrave;nh vi&ecirc;n&nbsp;viết ra những đoạn m&atilde; (code) hoặc cả chương tr&igrave;nh theo quy tắc, giải thuật n&agrave;o đ&oacute; để điều khiển m&aacute;y t&iacute;nh.</span></span></span></p>\r\n\r\n<p style=\"text-align:justify\"><span style=\"color:#d35400\"><span style=\"font-size:20px\"><span style=\"font-family:Times New Roman,Times,serif\">Trong Tynker, c&aacute;c &quot;từ kh&oacute;a&quot; ấy được thiết kế dưới h&igrave;nh dạng l&agrave; c&aacute;c &quot;miếng gh&eacute;p Lego&quot; m&agrave; ch&uacute;ng ta sẽ gọi l&agrave; <strong>Khối lệnh (block)</strong>. Khi sử dụng, thay v&igrave; ch&uacute;ng ta phải g&otilde; b&agrave;n ph&iacute;m th&igrave; ở đ&acirc;y ch&uacute;ng ta chỉ việc nắm v&agrave; k&eacute;o c&aacute;c khối lệnh để lắp gh&eacute;p th&agrave;nh những kịch bản c&oacute; &yacute; nghĩa để điều khiển đối tượng tr&ecirc;n s&acirc;n khấu.</span></span></span></p>\r\n\r\n<p style=\"text-align:justify\"><span style=\"color:#d35400\"><span style=\"font-size:20px\"><span style=\"font-family:Times New Roman,Times,serif\"><strong>TYNKER - THẾ GIỚI MU&Ocirc;N M&Agrave;U</strong>&nbsp;tập trung v&agrave;o việc&nbsp;<strong>t&igrave;m hiểu &yacute; nghĩa t&aacute;c dụng của c&aacute;c&nbsp;khối lệnh trong ng&ocirc;n ngữ Tynker</strong></span></span></span>.</p>\r\n\r\n<p style=\"text-align:center\"><img alt=\"\" src=\"/media/2019/04/27/banner.png\" style=\"height:311px; width:600px\" /></p>\r\n\r\n<p style=\"text-align:justify\"><span style=\"font-family:Times New Roman,Times,serif\"><span style=\"font-size:20px\"><span style=\"color:#16a085\"><strong>1- T&ecirc;n chuy&ecirc;n đề</strong>:</span> <strong><span style=\"color:#d35400\">Sử dụng khối lệnh trong Tynker&nbsp;</span></strong></span></span></p>\r\n\r\n<p style=\"text-align:justify\"><span style=\"color:#16a085\"><span style=\"font-family:Times New Roman,Times,serif\"><span style=\"font-size:20px\"><strong>2- Tổng quan&nbsp;b&agrave;i học:</strong></span></span></span></p>\r\n\r\n<p style=\"text-align:justify\"><span style=\"color:#d35400\"><strong><span style=\"font-size:14.0pt\"><span style=\"font-family:&quot;Times New Roman&quot;\">B&agrave;i</span></span><span style=\"font-size:14.0pt\"><span style=\"font-family:&quot;Times New Roman&quot;\"> n&agrave;y sẽ gi&uacute;p c&aacute;c em t&igrave;m hiểu được c&aacute;c kiến thức sau:</span></span></strong></span></p>\r\n\r\n<p style=\"text-align:justify\"><span style=\"color:#d35400\"><strong><span style=\"font-size:14.0pt\">-&nbsp;<span style=\"font-family:&quot;Times New Roman&quot;\">Chức năng v&agrave; c&aacute;ch sử dụng c&aacute;c khối lệnh của </span></span><span style=\"font-size:14.0pt\"><span style=\"font-family:&quot;Times New Roman&quot;\">Tynker</span></span><span style=\"font-size:14.0pt\"><span style=\"font-family:&quot;Times New Roman&quot;\">.</span></span></strong></span></p>\r\n\r\n<p style=\"text-align:justify\"><span style=\"color:#d35400\"><span style=\"font-size:14.0pt\"><span style=\"font-family:&quot;Times New Roman&quot;\">- </span></span><strong><span style=\"font-size:14.0pt\"><span style=\"font-family:&quot;Times New Roman&quot;\">X&acirc;y dựng c&aacute;c kịch bản đơn giản của từng nh&oacute;m lệnh cho hoạt động của c&aacute;c nh&acirc;n vật: Nh&oacute;m lệnh Motion, nh&oacute;m lệnh Looks, nh&oacute;m lệnh Sound, nh&oacute;m lệnh Pen, nh&oacute;m lệnh Data, nh&oacute;m lệnh Events, nh&oacute;m lệnh Control, nh&oacute;m lệnh Sensing, nh&oacute;m lệnh Operators.</span></span></strong></span></p>\r\n\r\n<p style=\"text-align:justify\"><span style=\"font-family:Times New Roman,Times,serif\"><span style=\"font-size:20px\"><span style=\"color:#16a085\"><strong>3- Mục ti&ecirc;u cần đạt</strong>:</span>&nbsp;</span></span></p>\r\n\r\n<p style=\"text-align:justify\"><span style=\"color:#d35400\"><strong><span style=\"font-size:14.0pt\"><span style=\"font-family:&quot;Times New Roman&quot;\">- Sử dụng th&agrave;nh thạo c&aacute;c lệnh cảm biến</span></span></strong></span></p>\r\n\r\n<p style=\"text-align:justify\"><span style=\"color:#d35400\"><strong><span style=\"font-size:14.0pt\"><span style=\"font-family:&quot;Times New Roman&quot;\">- Hiểu, ứng dụng được c&aacute;c kh&aacute;i niệm clone</span></span></strong></span></p>\r\n\r\n<p style=\"text-align:justify\"><span style=\"color:#d35400\"><strong><span style=\"font-size:14.0pt\"><span style=\"font-family:&quot;Times New Roman&quot;\">- Sử dụng hiệu quả h&agrave;m, biến nhớ trong c&aacute;c ứng dụng phức tạp</span></span></strong></span></p>\r\n\r\n<p style=\"text-align:justify\"><span style=\"color:#d35400\"><strong><span style=\"font-size:14.0pt\"><span style=\"font-family:&quot;Times New Roman&quot;\">- Xử l&yacute; x&acirc;u k&yacute; tự v&agrave; danh s&aacute;ch biến</span></span></strong></span></p>\r\n\r\n<p style=\"text-align:justify\"><span style=\"font-family:Times New Roman,Times,serif\"><span style=\"font-size:20px\"><span style=\"color:#16a085\"><strong>4- Đối tượng học</strong>:</span>&nbsp;<span style=\"color:#d35400\"><strong>C&aacute;c bạn c&oacute; đam m&ecirc; lập tr&igrave;nh, đặc biệt c&aacute;c bạn nhỏ c&oacute; độ tuổi từ 8 đến 11 tuổi.</strong></span></span></span></p>\r\n\r\n<p style=\"text-align:justify\"><span style=\"font-family:Times New Roman,Times,serif\"><span style=\"font-size:20px\"><strong><span style=\"color:#16a085\">5- H&igrave;nh thức dạy v&agrave; học:</span>&nbsp;<span style=\"color:#d35400\">Trực tuyến</span></strong></span></span></p>\r\n\r\n<p style=\"text-align:justify\"><span style=\"font-family:Times New Roman,Times,serif\"><span style=\"font-size:20px\"><span style=\"color:#16a085\"><strong>6-&nbsp;Nh&oacute;m gi&aacute;o vi&ecirc;n hướng dẫn kh&oacute;a học:</strong>&nbsp;</span><span style=\"color:#d35400\"><strong>Phạm Hữu Tr&iacute; v&agrave; Nguyễn Quốc Trung &ndash; Sinh vi&ecirc;n trường Đại học Sư phạm TP.HCM.</strong></span></span></span></p>\r\n\r\n<p style=\"text-align:justify\"><span style=\"font-family:Times New Roman,Times,serif\"><span style=\"font-size:20px\"><span style=\"color:#16a085\"><strong>7- Nội dung b&agrave;i học:</strong></span>&nbsp;<strong><a href=\"http://vspro.ttth.hcmue.edu.vn/course/1/chapter/2/lesson/30\">Xem chi tiết tại đ&acirc;y</a></strong></span></span></p>\r\n',2,'       ',4,1),(3,'TYNKER - DỰ ÁN CỦA EM','2019-04-26 17:11:52.464748','2019-05-07 03:45:53.057504',1,'1','<p style=\"text-align:justify\"><span style=\"color:#d35400\"><span style=\"font-size:20px\"><span style=\"font-family:Times New Roman,Times,serif\">Nếu như <strong>TYNKER - MỘT THẾ GIỚI MỚI</strong>&nbsp;gi&uacute;p ch&uacute;ng ta c&oacute; c&aacute;i nh&igrave;n tổng quan về chương tr&igrave;nh Tynker; <strong>TYNKER - THẾ GIỚI MU&Ocirc;N M&Agrave;U</strong>&nbsp;gi&uacute;p ch&uacute;ng ta hiểu &yacute; nghĩa t&aacute;c dụng của to&agrave;n bộ khối lệnh trong Tynker th&igrave; b&agrave;i&nbsp;<strong>TYNKER - DỰ &Aacute;N CỦA EM</strong>&nbsp;sẽ gi&uacute;p ch&uacute;ng ta vận dụng l&yacute; thuyết để thiết kế, x&acirc;y dựng, sản xuất ra c&aacute;c sản phẩm c&ocirc;ng nghệ một c&aacute;ch cụ thể.</span></span></span></p>\r\n\r\n<p style=\"text-align:justify\"><span style=\"color:#d35400\"><span style=\"font-size:20px\"><span style=\"font-family:Times New Roman,Times,serif\">Th&ocirc;ng qua việc thiết kế c&aacute;c sản phẩm n&agrave;y, ch&uacute;ng ta kh&ocirc;ng chỉ hiểu l&yacute; thuyết một c&aacute;ch s&acirc;u sắc m&agrave; c&ograve;n biết được &quot;c&aacute;ch nghĩ, c&aacute;ch l&agrave;m&quot; như thế n&agrave;o để sản xuất ra một sản phẩm c&ocirc;ng nghệ.</span></span></span></p>\r\n\r\n<p style=\"text-align:justify\"><span style=\"color:#d35400\"><span style=\"font-size:20px\"><span style=\"font-family:Times New Roman,Times,serif\">B&agrave;i <strong>TYNKER - DỰ &Aacute;N CỦA EM</strong>&nbsp;được chia th&agrave;nh c&aacute;c chủ đề nội dung kh&aacute;c nhau như Game, Vẽ đồ họa, To&aacute;n học, &Acirc;m nhạc,... Căn cứ v&agrave;o quỹ thời gian của t&aacute;c giả, c&aacute;c dự &aacute;n (b&agrave;i học) thường xuy&ecirc;n được bổ sung định kỳ hoặc đột xuất v&igrave; vậy số lượng b&agrave;i học l&agrave; kh&ocirc;ng giới hạn. Ngay bản th&acirc;n c&aacute;c dự &aacute;n cũng như vậy, c&oacute; phi&ecirc;n bản 1, phi&ecirc;n bản 2, ...phi&ecirc;n bản n.</span></span></span></p>\r\n\r\n<p style=\"text-align:justify\"><span style=\"color:#d35400\"><span style=\"font-size:20px\"><span style=\"font-family:Times New Roman,Times,serif\">Khi học b&agrave;i học&nbsp;n&agrave;y, ch&uacute;ng ta kh&ocirc;ng chỉ học &quot;lập tr&igrave;nh dự &aacute;n đơn thuần&quot; m&agrave; ch&uacute;ng ta sẽ r&egrave;n luyện được một số khả năng cần thiết trong cuộc sống như &quot;tư duy logic, suy luận chặt chẽ, giải th&iacute;ch r&otilde; r&agrave;ng, t&iacute;nh ki&ecirc;n tr&igrave;, sự cẩn thận, ...&quot;. V&agrave; điều n&agrave;y đặc biệt cần thiết cho &quot;lứa tuổi học sinh&quot;.</span></span></span></p>\r\n\r\n<p style=\"text-align:center\"><span style=\"color:#d35400\"><span style=\"font-size:20px\"><span style=\"font-family:Times New Roman,Times,serif\"><img alt=\"\" src=\"/media/2019/04/27/banner.png\" style=\"height:311px; width:600px\" /></span></span></span></p>\r\n\r\n<p style=\"text-align:justify\"><span style=\"font-size:20px\"><span style=\"font-family:Times New Roman,Times,serif\"><span style=\"color:#16a085\"><strong>1- T&ecirc;n b&agrave;i học</strong>:</span> <span style=\"color:#d35400\"><strong>Tynker - Dự &aacute;n của em</strong></span></span></span></p>\r\n\r\n<p style=\"text-align:justify\"><span style=\"color:#16a085\"><span style=\"font-size:20px\"><span style=\"font-family:Times New Roman,Times,serif\"><strong>2- Tổng quan&nbsp;b&agrave;i học:</strong></span></span></span></p>\r\n\r\n<p style=\"margin-left:0in; text-align:justify\"><strong><span style=\"color:#d35400\"><span style=\"font-size:14.0pt\"><span style=\"font-family:&quot;Times New Roman&quot;\"><em>B&agrave;i</em></span></span><span style=\"font-size:14.0pt\"><span style=\"font-family:&quot;Times New Roman&quot;\"><em> n&agrave;y sẽ gi&uacute;p c&aacute;c em t&igrave;m hiểu được c&aacute;c kiến thức sau:</em></span></span></span></strong></p>\r\n\r\n<p style=\"margin-left:0in; text-align:justify\"><strong><span style=\"color:#d35400\"><span style=\"font-size:14.0pt\"><span style=\"font-family:&quot;Times New Roman&quot;\">- Sử dụng </span></span><span style=\"font-size:14.0pt\"><span style=\"font-family:&quot;Times New Roman&quot;\">Tynker</span></span><span style=\"font-size:14.0pt\"><span style=\"font-family:&quot;Times New Roman&quot;\"> cho lĩnh vực: Những c&acirc;u chuyện, phim hoạt h&igrave;nh, tr&ograve; chơi, &acirc;m nhạc, mỹ thuật ..</span></span></span></strong></p>\r\n\r\n<p style=\"margin-left:0in; text-align:justify\"><strong><span style=\"color:#d35400\"><span style=\"font-size:14.0pt\"><span style=\"font-family:&quot;Times New Roman&quot;\">- Thiết kế một số dự &aacute;n cho c&aacute;c lĩnh vực.</span></span></span></strong></p>\r\n\r\n<p style=\"margin-left:0in; text-align:justify\"><span style=\"color:#16a085\"><span style=\"font-size:14.0pt\"><span style=\"font-family:&quot;Times New Roman&quot;\"><strong>3- Mục ti&ecirc;u cần đạt:</strong></span></span></span></p>\r\n\r\n<p style=\"margin-left:0in; text-align:justify\"><strong><span style=\"font-size:20px\"><span style=\"font-family:Times New Roman,Times,serif\"><span style=\"color:#d35400\">- Nắm chắc c&aacute;c bước, quy tr&igrave;nh thiết kế, lập tr&igrave;nh một sản phẩm phần mềm</span></span></span></strong></p>\r\n\r\n<p style=\"margin-left:0in; text-align:justify\"><strong><span style=\"font-size:20px\"><span style=\"font-family:Times New Roman,Times,serif\"><span style=\"color:#d35400\">- Nắm được c&aacute;c kỹ thuật cơ bản, quan trọng trong lập tr&igrave;nh tr&ograve; chơi, ứng dụng tương t&aacute;c</span></span></span></strong></p>\r\n\r\n<p style=\"margin-left:0in; text-align:justify\"><strong><span style=\"font-size:20px\"><span style=\"font-family:Times New Roman,Times,serif\"><span style=\"color:#d35400\">- Tạo được một sản phẩm ho&agrave;n chỉnh</span></span></span></strong></p>\r\n\r\n<p style=\"text-align:justify\"><span style=\"font-size:20px\"><span style=\"font-family:Times New Roman,Times,serif\"><strong><span style=\"color:#16a085\">4- Đối tượng:</span><span style=\"color:#d35400\">&nbsp;C&aacute;c bạn c&oacute; đam m&ecirc; lập tr&igrave;nh, đặc biệt c&aacute;c bạn nhỏ c&oacute; độ tuổi từ 8 đến 11 tuổi.</span></strong></span></span></p>\r\n\r\n<p style=\"text-align:justify\"><span style=\"font-size:20px\"><span style=\"font-family:Times New Roman,Times,serif\"><span style=\"color:#16a085\"><strong>5- Y&ecirc;u cầu</strong>:</span>&nbsp;<span style=\"color:#d35400\"><strong>Đ&atilde; học qua c&aacute;c b&agrave;i 1 v&agrave; b&agrave;i 2</strong>.</span></span></span></p>\r\n\r\n<p style=\"text-align:justify\"><span style=\"font-size:20px\"><span style=\"font-family:Times New Roman,Times,serif\"><strong><span style=\"color:#16a085\">6- H&igrave;nh thức dạy v&agrave; học:</span> <span style=\"color:#d35400\">Trực tuyến</span></strong></span></span></p>\r\n\r\n<p style=\"text-align:justify\"><span style=\"font-size:20px\"><span style=\"font-family:Times New Roman,Times,serif\"><span style=\"color:#16a085\"><strong>7-&nbsp;Nh&oacute;m gi&aacute;o vi&ecirc;n hướng dẫn kh&oacute;a học:</strong></span>&nbsp;<span style=\"color:#d35400\"><strong>Phạm Hữu Tr&iacute; v&agrave; Nguyễn Quốc Trung &ndash; Sinh vi&ecirc;n trường Đại học Sư phạm TP.HCM.</strong></span></span></span></p>\r\n\r\n<p style=\"text-align:justify\"><span style=\"color:#16a085\"><span style=\"font-size:20px\"><span style=\"font-family:Times New Roman,Times,serif\"><strong>8- Nội dung b&agrave;i học:&nbsp;<a href=\"http://vspro.ttth.hcmue.edu.vn/course/1/chapter/3/lesson/33\">Xem chi tiết tại đ&acirc;y</a></strong></span></span></span></p>\r\n',3,'    ',4,1),(4,'TỔNG QUAN','2019-04-26 17:13:51.191290','2019-04-29 09:57:21.067811',1,'Tổng quan về Alice','<p style=\"margin-left:0in; margin-right:0in\"><span style=\"font-size:13.5pt\"><span style=\"font-family:&quot;Times New Roman&quot;\"><span style=\"color:#2980b9\"><strong><u>Mục ti&ecirc;u:</u></strong></span></span></span><br />\r\n<span style=\"font-size:13.5pt\"><span style=\"font-family:&quot;Times New Roman&quot;\">&nbsp; - Gi&uacute;p&nbsp;học vi&ecirc;n c&agrave;i đặt v&agrave; khởi động phần mềm Alice</span></span><br />\r\n<span style=\"font-size:13.5pt\"><span style=\"font-family:&quot;Times New Roman&quot;\">&nbsp; - Gi&uacute;p học vi&ecirc;n hiểu c&aacute;c chức năng của thanh c&ocirc;ng cụ trong Alice.<br />\r\n&nbsp; - Gi&uacute;p học vi&ecirc;n nắm được tổng quan về m&agrave;n h&igrave;nh l&agrave;m việc của Alice</span></span><br />\r\n<span style=\"font-size:13.5pt\"><span style=\"font-family:&quot;Times New Roman&quot;\">&nbsp; - Gi&uacute;p học vi&ecirc;n<span style=\"background-color:white\">&nbsp;l&agrave;m quen với c&aacute;c đối tượng tr&ecirc;n Alice: Lớp trong Alice.</span></span></span><br />\r\n<span style=\"font-size:13.5pt\"><span style=\"font-family:&quot;Times New Roman&quot;\"><span style=\"background-color:white\">&nbsp; - Hướng dẫn học vi&ecirc;n c&aacute;ch th&ecirc;m đối tượng va&ograve; m&agrave;n h&igrave;nh l&agrave;m việc 3D.</span></span></span><br />\r\n<span style=\"font-size:13.5pt\"><span style=\"font-family:&quot;Times New Roman&quot;\"><span style=\"background-color:white\">&nbsp; - Hướng dẫn học vi&ecirc;n c&agrave;i đặt đối tượng tr&ecirc;n m&agrave;n h&igrave;nh l&agrave;m việc 3D.</span></span></span></p>\r\n\r\n<p style=\"margin-left:0in; margin-right:0in\"><span style=\"font-size:13.5pt\"><span style=\"font-family:&quot;Times New Roman&quot;\"><span style=\"color:#27ae60\"><strong><u>Y&ecirc;u cầu đầu ra:</u></strong></span></span></span><br />\r\n<span style=\"font-size:13.5pt\"><span style=\"font-family:&quot;Times New Roman&quot;\">&nbsp; - Học vi&ecirc;n c&agrave;i đặt v&agrave; khởi động được phần mềm Alice.</span></span><br />\r\n<span style=\"font-size:13.5pt\"><span style=\"font-family:&quot;Times New Roman&quot;\">&nbsp; - Học vi&ecirc;n sử dụng được c&aacute;c c&ocirc;ng cụ trong Alice.<br />\r\n&nbsp; - Học vi&ecirc;n nắm được c&aacute;c chức năng của c&aacute;c m&agrave;n h&igrave;nh trong Alice.</span></span><br />\r\n<span style=\"font-size:13.5pt\"><span style=\"font-family:&quot;Times New Roman&quot;\">&nbsp; - Học vi&ecirc;n ph&acirc;n biệt được h&agrave;m v&agrave; thủ tục trong Alice.</span></span><br />\r\n<span style=\"font-size:13.5pt\"><span style=\"font-family:&quot;Times New Roman&quot;\">&nbsp; - Học vi&ecirc;n &aacute;p dụng lập tr&igrave;nh được với lớp Scene v&agrave; lớp kh&aacute;c v&agrave;o&nbsp;những b&agrave;i tập cụ.</span></span></p>\r\n\r\n<p style=\"margin-left:0in; margin-right:0in\"><span style=\"font-size:13.5pt\"><span style=\"font-family:&quot;Times New Roman&quot;\"><span style=\"color:#16a085\"><strong><u>M&ocirc; tả:</u></strong>&nbsp;</span></span></span><span style=\"font-size:18px\"><span style=\"background-color:white\"><span style=\"font-family:&quot;Times New Roman&quot;,serif\">Ở b&agrave;i học n&agrave;y, c&aacute;c <span style=\"color:black\">bạn sẽ</span> được lần lượt t&igrave;m hiểu 3 chủ để <span style=\"color:black\">lớn đ&oacute;</span> l&agrave;: TỔNG QUAN VỀ ALICE, C&Aacute;C ĐỐI TƯỢNG TR&Ecirc;N ALICE, v&agrave; LẬP TR&Igrave;NH ALICE.</span></span></span></p>\r\n',1,'   ',3,2),(5,'LẬP TRÌNH TRÒ CHƠI: KHỈ HỨNG DỪA','2019-04-26 17:13:51.224603','2019-04-29 10:24:17.810515',1,'Học lập trình trò chơi Khỉ hứng dừa','<p style=\"margin-left:0in; margin-right:0in\"><span style=\"font-size:13.5pt\"><span style=\"font-family:&quot;Times New Roman&quot;\"><span style=\"color:#2980b9\"><strong><u>Mục ti&ecirc;u:</u></strong></span></span></span><br />\r\n<span style=\"font-size:13.5pt\"><span style=\"font-family:&quot;Times New Roman&quot;\">&nbsp; - Gi&uacute;p học vi&ecirc;n hiểu kh&aacute;i niệm ph&acirc;n t&iacute;ch b&agrave;i to&aacute;n v&agrave; c&aacute;c c&aacute;ch ph&acirc;n t&iacute;ch b&agrave;i to&aacute;n.<br />\r\n&nbsp; - Gi&uacute;p học vi&ecirc;n ph&acirc;n t&iacute;ch tr&ograve; chơi khỉ hứng dừa.</span></span><br />\r\n<span style=\"font-size:13.5pt\"><span style=\"font-family:&quot;Times New Roman&quot;\"><span style=\"background-color:white\">&nbsp; - T&igrave;m hiểu về c&aacute;ch khai b&aacute;o cấu tr&uacute;c rẽ nh&aacute;nh trong Alice.<br />\r\n&nbsp; - Ứng dụng&nbsp;cấu tr&uacute;c rẽ nh&aacute;nh v&agrave;o lập tr&igrave;nh tr&ograve; chơi khỉ hứng dừa.</span></span></span><br />\r\n<span style=\"font-size:13.5pt\"><span style=\"font-family:&quot;Times New Roman&quot;\"><span style=\"background-color:white\">&nbsp; - T&igrave;m hiểu về c&aacute;ch khai b&aacute;o cấu tr&uacute;c lặp trong Alice.<br />\r\n&nbsp; - Ứng dụng ngay cấu tr&uacute;c lặp v&agrave;o lập tr&igrave;nh tr&ograve; chơi khỉ hứng dừa.</span></span></span><br />\r\n<span style=\"font-size:13.5pt\"><span style=\"font-family:&quot;Times New Roman&quot;\"><span style=\"background-color:white\">&nbsp; - Củng cố lại biến trong Alice.</span></span></span><br />\r\n<span style=\"font-size:13.5pt\"><span style=\"font-family:&quot;Times New Roman&quot;\"><span style=\"background-color:white\">&nbsp; - Ứng dụng ngay biến v&agrave;o lập tr&igrave;nh tr&ograve; chơi khỉ hứng dừa.</span></span></span></p>\r\n\r\n<p style=\"margin-left:0in; margin-right:0in\"><span style=\"font-size:13.5pt\"><span style=\"font-family:&quot;Times New Roman&quot;\"><strong><u><span style=\"color:#27ae60\">Y&ecirc;u cầu:</span></u></strong> </span></span><br />\r\n<span style=\"font-size:13.5pt\"><span style=\"font-family:&quot;Times New Roman&quot;\">&nbsp; -&nbsp;Học vi&ecirc;n nắm được c&aacute;c c&aacute;ch ph&acirc;n t&iacute;ch b&agrave;i to&aacute;n</span></span><br />\r\n<span style=\"font-size:13.5pt\"><span style=\"font-family:&quot;Times New Roman&quot;\">&nbsp; - Học vi&ecirc;n &aacute;p dụng c&aacute;ch ph&acirc;n t&iacute;ch b&agrave;i to&aacute;n&nbsp;được v&agrave;o những b&agrave;i to&aacute;n cụ thể.</span></span><br />\r\n<span style=\"font-size:13.5pt\"><span style=\"font-family:&quot;Times New Roman&quot;\"><span style=\"background-color:white\">&nbsp; - T&igrave;m hiểu về c&aacute;ch khai b&aacute;o cấu tr&uacute;c rẽ nh&aacute;nh trong Alice.<br />\r\n&nbsp; - Ứng dụng&nbsp;cấu tr&uacute;c rẽ nh&aacute;nh v&agrave;o lập tr&igrave;nh tr&ograve; chơi khỉ hứng dừa.</span></span></span><br />\r\n<span style=\"font-size:13.5pt\"><span style=\"font-family:&quot;Times New Roman&quot;\"><span style=\"background-color:white\">&nbsp; - T&igrave;m hiểu về c&aacute;ch khai b&aacute;o cấu tr&uacute;c lặp trong Alice.<br />\r\n&nbsp; - Ứng dụng ngay cấu tr&uacute;c lặp v&agrave;o lập tr&igrave;nh tr&ograve; chơi khỉ hứng dừa.</span></span></span><br />\r\n<span style=\"font-size:13.5pt\"><span style=\"font-family:&quot;Times New Roman&quot;\"><span style=\"background-color:white\">&nbsp;- Học vi&ecirc;n lập tr&igrave;nh được t&iacute;nh điểm v&agrave; thời gian cho tr&ograve; chơi khỉ hứng dừa.</span></span></span><br />\r\n<span style=\"font-size:13.5pt\"><span style=\"font-family:&quot;Times New Roman&quot;\">&nbsp; - Học vi&ecirc;n &aacute;p dụng được c&aacute;ch lập tr&igrave;nh t&iacute;nh điểm v&agrave; thời gian v&agrave;o c&aacute;c tr&ograve; chơi kh&aacute;c.</span></span></p>\r\n\r\n<p style=\"margin-left:0in; margin-right:0in\"><span style=\"font-size:13.5pt\"><span style=\"font-family:&quot;Times New Roman&quot;\"><u><strong><span style=\"color:#16a085\">M&ocirc; tả:</span></strong></u>&nbsp;</span></span><span style=\"font-size:18px\"><span style=\"background-color:white\"><span style=\"font-family:&quot;Times New Roman&quot;,serif\">Ở b&agrave;i học n&agrave;y, c&aacute;c bạn sẽ được lần lượt t&igrave;m hiểu 4 chủ <span style=\"color:black\">để lớn</span> đ&oacute; l&agrave;: PH&Acirc;N T&Iacute;CH TR&Ograve; CHƠI, CẤU TR&Uacute;C RẼ NH&Aacute;NH, CẤU TR&Uacute;C LẶP, v&agrave; BIẾN</span></span></span></p>\r\n',2,'  ',3,2),(6,'LẬP TRÌNH TRÒ CHƠI: ĐIỀU KHIỂN MÁY BAY','2019-04-26 17:13:51.257893','2019-04-29 10:27:51.577429',1,'LẬP TRÌNH TRÒ CHƠI: ĐIỀU KHIỂN MÁY BAY','<p style=\"margin-left:0in; margin-right:0in\"><span style=\"font-size:13.5pt\"><span style=\"font-family:&quot;Times New Roman&quot;\"><strong><u><span style=\"color:#2980b9\">Mục ti&ecirc;u:</span></u></strong>&nbsp;<br />\r\n&nbsp; -&nbsp;<span style=\"background-color:white\">Hướng dẫn lập tr&igrave;nh lựa chọn khi bắt đầu, v&agrave; lập tr&igrave;nh điều khiển m&aacute;y bay.<br />\r\n&nbsp; -&nbsp;</span>H<span style=\"background-color:white\">ướng dẫn học vi&ecirc;n&nbsp;lập tr&igrave;nh vật cản cho tr&ograve; chơi.<br />\r\n&nbsp; -&nbsp;Hướng dẫn lập tr&igrave;nh điểm v&agrave; thời gian cho tr&ograve; chơi m&aacute;y bay n&eacute; tr&aacute;nh.</span></span></span></p>\r\n\r\n<p style=\"margin-left:0in; margin-right:0in\"><span style=\"font-size:13.5pt\"><span style=\"font-family:&quot;Times New Roman&quot;\"><strong><u><span style=\"color:#27ae60\">Y&ecirc;u cầu đầu ra:</span></u></strong>&nbsp;Học sinh lập tr&igrave;nh ho&agrave;n thiện tr&ograve; chơi điều khiển m&aacute;y bay</span></span></p>\r\n\r\n<p style=\"margin-left:0in; margin-right:0in\"><span style=\"font-family:Times New Roman,Times,serif\"><span style=\"font-size:18px\"><span style=\"color:#16a085\"><u><strong>M&ocirc; tả:</strong></u></span>&nbsp;<span style=\"background-color:white\">Đ&acirc;y l&agrave; <span style=\"color:black\">b&agrave;i sẽ</span> hướng dẫn c&aacute;c em tự nghi&ecirc;n cứu c&aacute;ch lập tr&igrave;nh tr&ograve; chơi M&aacute;y Bay Điều Khiển bằng Alice 3D với một số b&agrave;i giảng chi tiết cụ thể được bi&ecirc;n soạn bởi đội ngũ gi&aacute;o vi&ecirc;n chuy&ecirc;n m&ocirc;n</span></span></span></p>\r\n',3,'  ',3,2),(7,'KHO TÀNG TRI THỨC','2019-04-26 17:15:19.941291','2019-04-28 23:34:26.199658',1,'Trước khi bắt đầu tìm hiểu những nội dung hấp dẫn của chuyên đề ARDUINO – COMBO KỲ DIỆU, chúng tôi có hỗ trợ các bạn những thao tác, những kiến thức nền tảng cơ bản cần đáp ứng ','<p style=\"text-align:justify\"><span style=\"font-size:20px\"><strong><span style=\"color:#e74c3c\"><span style=\"font-family:&quot;Times New Roman&quot;,serif\">Ch&agrave;o mừng c&aacute;c bạn đ&atilde; đến với chuy&ecirc;n đề học tập của ch&uacute;ng t&ocirc;i. Trước khi bắt đầu t&igrave;m hiểu những nội dung hấp dẫn của chuy&ecirc;n đề </span></span><span style=\"color:#16a085\"><span style=\"font-family:&quot;Times New Roman&quot;,serif\">ARDUINO &ndash; COMBO KỲ DIỆU</span></span><span style=\"color:#e74c3c\"><span style=\"font-family:&quot;Times New Roman&quot;,serif\">, ch&uacute;ng t&ocirc;i c&oacute; hỗ trợ c&aacute;c bạn những thao t&aacute;c, những kiến thức nền tảng cơ bản cần đ&aacute;p ứng để c&oacute; thể tham gia chuy&ecirc;n đề v&agrave; đạt kết quả cao nhất. Những kiến thức n&agrave;y được g&oacute;i gọn v&agrave; t&iacute;ch hợp v&agrave;o 3 chủ đề ch&iacute;nh, đ&oacute; l&agrave;: </span></span><span style=\"color:#16a085\"><span style=\"font-family:&quot;Times New Roman&quot;,serif\">NHẬP M&Ocirc;N KỸ THUẬT</span></span><span style=\"color:#e74c3c\"><span style=\"font-family:&quot;Times New Roman&quot;,serif\">, </span></span><span style=\"color:#16a085\"><span style=\"font-family:&quot;Times New Roman&quot;,serif\">NHẬP M&Ocirc;N BOARD&nbsp;MẠCH</span></span><span style=\"color:#e74c3c\"><span style=\"font-family:&quot;Times New Roman&quot;,serif\"> v&agrave; </span></span><span style=\"color:#16a085\"><span style=\"font-family:&quot;Times New Roman&quot;,serif\">NHẬP M&Ocirc;N&nbsp;CODING</span></span><span style=\"color:#e74c3c\"><span style=\"font-family:&quot;Times New Roman&quot;,serif\">.</span></span></strong></span></p>\r\n',1,'    ',2,3),(8,'ARDUINO – MỘT THẾ GIỚI MỚI','2019-04-26 17:15:19.966298','2019-04-27 06:32:24.744630',1,'Chào mừng các bạn đã đến với bài học đầu tiên của khóa học Arduino – Combo kỳ diệu. Sau khi học xong bài học này, chúng ta sẽ tích lũy được những kiến thức cơ bản xung quanh Arduino và các nội dung bổ trợ liên quan','<p style=\"text-align:justify\"><span style=\"font-size:20px\"><span style=\"color:#e74c3c\"><strong><span style=\"font-family:&quot;Times New Roman&quot;,serif\">Ch&agrave;o mừng c&aacute;c bạn đ&atilde; đến với b&agrave;i học đầu ti&ecirc;n của kh&oacute;a học Arduino &ndash; Combo kỳ diệu. Sau khi học xong b&agrave;i học n&agrave;y, ch&uacute;ng ta sẽ t&iacute;ch lũy được những kiến thức cơ bản xung quanh Arduino v&agrave; c&aacute;c nội dung bổ trợ li&ecirc;n quan. B&ecirc;n cạnh đ&oacute;, Với sự hướng dẫn tận t&igrave;nh của ch&uacute;ng t&ocirc;i, c&aacute;c bạn đ&atilde; c&oacute; thể tự thao t&aacute;c để tạo ra 1 thiết bị xe tự h&agrave;nh đơn giản, độc đ&aacute;o mang t&iacute;nh c&aacute; nh&acirc;n h&oacute;a cao.</span></strong></span></span></p>\r\n',2,' ',2,3),(9,'MIDSTERM - DỰ ÁN KHỔNG LỒ','2019-04-26 17:15:20.007923','2019-04-27 06:34:06.211200',1,'Bây giờ là lúc để các bạn vận dụng khả năng sáng tạo của bản thân mình để hoàn thành dự án học tập giữa kỳ','<p style=\"margin-right:0cm; text-align:justify\"><span style=\"font-size:20px\"><span style=\"color:#e74c3c\"><span style=\"font-family:Calibri,sans-serif\"><strong><span style=\"font-family:&quot;Times New Roman&quot;,serif\">Sau khi ho&agrave;n th&agrave;nh nội dung chủ đề 01 v&agrave; chủ đề 02, ch&uacute;ng ta đ&atilde; c&oacute; những kiến thức v&agrave; hiểu biết cơ bản về Arduino cũng như ứng dụng của lập tr&igrave;nh Arduino trong việc tạo ra c&aacute;c sản phẩm đơn giản m&agrave; cụ thể l&agrave; xe tự h&agrave;nh đơn giản. B&acirc;y giờ l&agrave; l&uacute;c để c&aacute;c bạn vận dụng khả năng s&aacute;ng tạo của bản th&acirc;n m&igrave;nh để ho&agrave;n th&agrave;nh dự &aacute;n học tập giữa kỳ. Lưu &yacute;: Đ&acirc;y l&agrave; hoạt động học tập bắt buộc, c&oacute; t&iacute;nh điểm.</span></strong></span></span></span></p>\r\n',3,' ',2,3),(10,'STENCYL - OUR NEW FRIEND','2019-04-26 17:18:29.890007','2019-04-28 16:15:36.849475',1,'Điều tuyệt vời nhất có thể kể đến về Stencyl là bạn không cần phải là bậc thầy lập trình viên để tạo ra một game hoàn hảo.','<p style=\"text-align:justify\"><strong><span style=\"font-size:20px\"><span style=\"color:#16a085\">Điều tuyệt vời nhất c&oacute; thể kể đến về </span><span style=\"color:#e74c3c\">Stencyl</span><span style=\"color:#16a085\"> l&agrave; bạn kh&ocirc;ng cần phải l&agrave; bậc thầy lập tr&igrave;nh vi&ecirc;n để tạo ra một game ho&agrave;n hảo. Đơn giản, bạn chỉ cần thực hiện thao t&aacute;c k&eacute;o - thả từ những g&igrave; c&ocirc;ng cụ cung cấp. C&ograve;n nếu l&agrave; một người từng c&oacute; kinh nghiệm l&agrave;m việc với nền Flash, bạn cũng c&oacute; thể d&ugrave;ng th&ecirc;m ActionScript. Người d&ugrave;ng cũng c&oacute; thể d&ugrave;ng c&aacute;c m&ocirc; h&igrave;nh, nh&acirc;n vật c&oacute; trước hoặc tự tạo. Nhưng nếu chưa h&agrave;i l&ograve;ng, </span><span style=\"color:#e74c3c\">Stencyl</span><span style=\"color:#16a085\"> c&oacute; t&iacute;nh năng upload nh&acirc;n vật, vật thể từ bất cứ nguồn n&agrave;o để game của bạn th&ecirc;m phong ph&uacute;.​</span></span></strong></p>\r\n',1,' ',2,4),(11,'STENCYL - GETTING STARTED','2019-04-26 17:18:29.915031','2019-04-28 16:23:38.357130',1,'Bài học này cung cấp những điều mới lạ về người bạn mới của  chúng ta','<p style=\"text-align:justify\"><strong><span style=\"color:#16a085\"><span style=\"font-size:20px\">ở b&agrave;i học n&agrave;y , ch&uacute;ng ta sẽ học c&aacute;ch tạo ra một game cơ bản từ Stencyl. C&aacute;c bạn sẽ được t&igrave;m hiểu thế n&agrave;o l&agrave; một tro chơi, c&aacute;c th&agrave;nh tố li&ecirc;n quan v&agrave; tạo ra những tương t&aacute;c ban đầu</span></span></strong></p>\r\n',2,' ',2,4),(13,'AUTOMATIC CAR – THẾ GIỚI XE TỰ HÀNH','2019-04-27 06:35:48.858710','2019-04-27 06:35:48.858713',1,'Chào mừng các bạn đã đến với bài học thứ 4 của khóa học Arduino – Combo kỳ diệu','<p style=\"text-align:justify\"><span style=\"font-size:20px\"><strong><span style=\"color:#e74c3c\"><span style=\"font-family:&quot;Times New Roman&quot;,serif\">Ch&agrave;o mừng c&aacute;c bạn đ&atilde; đến với b&agrave;i học thứ 04 của kh&oacute;a học Arduino &ndash; Combo kỳ diệu. Sau khi học xong b&agrave;i học n&agrave;y, ch&uacute;ng ta sẽ c&oacute; thể lắp đặt, vận h&agrave;nh được c&aacute;c loại xe tự h&agrave;nh th&ocirc;ng dụng theo &yacute; th&iacute;ch, b&ecirc;n cạnh đ&oacute;, t&ugrave;y v&agrave;o khả năng của từng bạn m&agrave; c&oacute; thể s&aacute;ng tạo ra những thiết bị xe tự h&agrave;nh động đ&aacute;o mang t&iacute;nh c&aacute; nh&acirc;n cao.</span></span></strong></span></p>\r\n',4,'',5,3),(14,'ARDUINO – THÀNH QUẢ ĐẠT ĐƯỢC','2019-04-27 06:37:07.736053','2019-04-27 06:37:07.736056',1,'Chào mừng các bạn đã đến với hoạt động Ôn tập. Đây là nội dung học tập cuối cùng của môn học ARDUINO – COMBO KỲ DIỆU','<p><span style=\"font-size:20px\"><span style=\"color:#e74c3c\"><strong><span style=\"font-family:&quot;Times New Roman&quot;,serif\">Ch&agrave;o mừng c&aacute;c bạn đ&atilde; đến với hoạt động &Ocirc;n tập. Đ&acirc;y l&agrave; nội dung học tập cuối c&ugrave;ng của m&ocirc;n học ARDUINO &ndash; COMBO KỲ DIỆU, n&oacute; c&oacute; chức năng ch&iacute;nh l&agrave; tổng hợp kiến thức v&agrave; gi&uacute;p ch&uacute;ng ta hồi tưởng lại những kiến thức m&agrave; m&igrave;nh đ&atilde; được học. Tạo tiền đề cho hoạt động trải nghiệm s&aacute;ng tạo ở cuối học kỳ. Lưu &yacute;: Đ&acirc;y l&agrave; hoạt động học tập bắt buộc, kh&ocirc;ng t&iacute;nh điểm</span></strong></span></span></p>\r\n',5,'',5,3),(15,'BÀI HỌC DỰ ÁN:TÔI - MỘT NGÀY LÀM THẦY','2019-04-27 06:43:54.778604','2019-04-27 06:43:54.778607',1,'Bây giờ là lúc để các bạn vận dụng khả năng sáng tạo của bản thân mình để hoàn thành hoạt động học tập dự án','<p style=\"text-align:justify\"><span style=\"font-size:20px\"><span style=\"color:#e74c3c\"><strong><span style=\"font-family:&quot;Times New Roman&quot;,serif\">Sau khi ho&agrave;n th&agrave;nh nội dung của to&agrave;n bộ m&ocirc;n học th&igrave; c&aacute;c bạn đ&atilde; c&oacute; những kiến thức v&agrave; hiểu biết kh&aacute; đầy đủ về Arduino cũng như ứng dụng của lập tr&igrave;nh Arduino trong việc tạo ra c&aacute;c sản phẩm đơn giản m&agrave; cụ thể l&agrave; xe tự h&agrave;nh đơn giản với c&aacute;c cảm biến đặc biệt. B&acirc;y giờ l&agrave; l&uacute;c để c&aacute;c bạn vận dụng khả năng s&aacute;ng tạo của bản th&acirc;n m&igrave;nh để ho&agrave;n th&agrave;nh hoạt động &ldquo; T&Ocirc;I &ndash;MỘT NG&Agrave;Y L&Agrave;M THẦY&rdquo;. Lưu &yacute;: Đ&acirc;y l&agrave; hoạt động học tập bắt buộc, c&oacute; t&iacute;nh điểm.</span></strong></span></span></p>\r\n',6,'',5,3),(16,'TỔNG KẾT','2019-04-28 16:34:01.593662','2019-04-29 10:29:36.290700',1,'Tổng kết','<p><span style=\"font-family:Times New Roman,Times,serif\"><span style=\"font-size:18px\"><u><strong><span style=\"color:#2980b9\">Mục ti&ecirc;u:</span></strong></u> Gi&uacute;p học vi&ecirc;n&nbsp;tổng hợp lại c&aacute;c kiến thức đ&atilde; học v&agrave; kiểm tra lại kiến thức học vi&ecirc;n.</span></span></p>\r\n\r\n<p><span style=\"font-family:Times New Roman,Times,serif\"><span style=\"font-size:18px\"><u><strong><span style=\"color:#16a085\">M&ocirc; tả:</span></strong></u>&nbsp;<span style=\"background-color:white\">Ở Tổng kết sẽ c&oacute; 2 chủ để:&nbsp;TỔNG KẾT sẽ gi&uacute;p c&aacute;c em tổng hợp lại kiến thức to&agrave;n bộ kh&oacute;a học v&agrave; KIỂM TRA TRẮC NGHIỆM sẽ gi&uacute;p c&aacute;c em tự m&igrave;nh kiểm tra lại kiến thức.</span></span></span></p>\r\n',4,'  ',6,2),(17,'ĐỒ ÁN','2019-04-28 16:34:22.711005','2019-04-29 10:31:48.363418',1,'Đồ án','<p><span style=\"font-family:Times New Roman,Times,serif\"><span style=\"font-size:18px\"><span style=\"color:#2980b9\"><u><strong>Mục ti&ecirc;u:</strong></u></span> Hướng dẫn học vi&ecirc;n l&agrave;m đồ &aacute;n cuối k&igrave;</span></span></p>\r\n\r\n<p><span style=\"font-family:Times New Roman,Times,serif\"><span style=\"font-size:18px\"><span style=\"color:#16a085\"><u><strong>M&ocirc; tả:</strong></u></span> Ở Đồ &aacute;n sẽ c&oacute; 2 chủ đề: Đồ &aacute;n v&agrave; Đồ &aacute;n kh&aacute;c</span></span></p>\r\n',5,' ',6,2),(18,'TYNKER - SIÊU NHÍ LẬP TRÌNH','2019-05-02 05:11:22.296627','2019-05-02 05:11:22.296634',1,'1','<p>123</p>\r\n',4,'',7,1),(19,'GIỚI THIỆU KHÓA HỌC SCRATCH','2019-05-07 02:18:17.475428','2019-05-07 03:46:24.707918',1,'1','<p style=\"text-align:justify\"><span style=\"color:#d35400\"><span style=\"font-size:20px\"><span style=\"font-family:Times New Roman,Times,serif\"><strong>GIỚI THIỆU KH&Oacute;A HỌC SCRATCH</strong>&nbsp;bao gồm c&aacute;c nội dung cơ bản nhằm gi&uacute;p ch&uacute;ng ta c&oacute; c&aacute;i nh&igrave;n tổng quan về cấu tạo v&agrave; c&aacute;ch sử dụng c&aacute;c chức năng ch&iacute;nh của&nbsp;<em><strong>m&ocirc;i trường Scratch</strong></em>. B&ecirc;n cạnh đ&oacute;, để c&oacute; thể dễ d&agrave;ng theo d&otilde;i c&aacute;c b&agrave;i học n&acirc;ng cao, ch&uacute;ng ta cũng cần nắm chắc c&aacute;c kh&aacute;i niệm quan trọng sau đ&acirc;y:</span></span></span></p>\r\n\r\n<p style=\"text-align:justify\"><span style=\"color:#d35400\"><span style=\"font-size:20px\"><span style=\"font-family:Times New Roman,Times,serif\">1-&nbsp;<strong>Sprite</strong>&nbsp;(đối tượng)</span></span></span></p>\r\n\r\n<p style=\"text-align:justify\"><span style=\"color:#d35400\"><span style=\"font-size:20px\"><span style=\"font-family:Times New Roman,Times,serif\">2-&nbsp;<strong>Stage</strong>&nbsp;(s&acirc;n khấu)</span></span></span></p>\r\n\r\n<p style=\"text-align:justify\"><span style=\"color:#d35400\"><span style=\"font-size:20px\"><span style=\"font-family:Times New Roman,Times,serif\">3-&nbsp;<strong>Block</strong>&nbsp;(khối lệnh)</span></span></span></p>\r\n\r\n<p style=\"text-align:justify\"><span style=\"color:#d35400\"><span style=\"font-size:20px\"><span style=\"font-family:Times New Roman,Times,serif\">4-&nbsp;<strong>Script</strong>&nbsp;(kịch bản)</span></span></span></p>\r\n\r\n<p style=\"text-align:justify\"><span style=\"color:#d35400\"><span style=\"font-size:20px\"><span style=\"font-family:Times New Roman,Times,serif\">5-&nbsp;<strong>Costumes</strong>&nbsp;(h&igrave;nh dạng)</span></span></span></p>\r\n\r\n<p style=\"text-align:justify\"><span style=\"color:#d35400\"><span style=\"font-size:20px\"><span style=\"font-family:Times New Roman,Times,serif\">6-&nbsp;<strong>Background</strong>&nbsp;(ảnh nền)</span></span></span></p>\r\n\r\n<p style=\"text-align:justify\"><span style=\"color:#d35400\"><span style=\"font-size:20px\"><span style=\"font-family:Times New Roman,Times,serif\"><strong>Lưu &yacute;:</strong> Đối với học sinh Tiểu học cần t&igrave;m hiểu trước về c&aacute;c kh&aacute;i niệm sau: G&oacute;c, Hệ trục tọa độ, Số &acirc;m, Số thập ph&acirc;n.</span></span></span></p>\r\n\r\n<p style=\"text-align:center\"><img alt=\"\" src=\"/media/scratchzrenjanin-672x372.png\" style=\"width:100%\" /></p>\r\n\r\n<p style=\"text-align:justify\"><span style=\"font-size:20px\"><span style=\"font-family:Times New Roman,Times,serif\"><span style=\"color:#16a085\"><strong>1- T&ecirc;n b&agrave;i học</strong>:</span>&nbsp;<span style=\"color:#e74c3c\"><strong>GIỚI THIỆU KH&Oacute;A HỌC SCRATCH</strong></span></span></span></p>\r\n\r\n<p style=\"text-align:justify\"><span style=\"color:#16a085\"><span style=\"font-size:20px\"><span style=\"font-family:Times New Roman,Times,serif\"><strong>2- Tổng quan&nbsp;b&agrave;i học:</strong></span></span></span></p>\r\n\r\n<p style=\"text-align:justify\"><span style=\"font-size:20px\"><span style=\"font-family:Times New Roman,Times,serif\"><span style=\"color:#d35400\"><strong>B&agrave;i n&agrave;y sẽ gi&uacute;p c&aacute;c em t&igrave;m hiểu được c&aacute;c kiến thức sau:</strong></span></span></span></p>\r\n\r\n<p style=\"text-align:justify\"><strong><span style=\"font-size:20px\"><span style=\"font-family:Times New Roman,Times,serif\"><span style=\"color:#d35400\">-&nbsp;L&agrave;m quen với m&ocirc;i trường l&agrave;m việc của Scratch.</span></span></span></strong></p>\r\n\r\n<p style=\"text-align:justify\"><strong><span style=\"font-size:20px\"><span style=\"font-family:Times New Roman,Times,serif\"><span style=\"color:#d35400\">- Biết c&aacute;ch l&agrave;m việc với c&aacute;c th&agrave;nh phần của Scratch: Nh&acirc;n vật, h&igrave;nh nền, khối lệnh, c&ocirc;ng cụ vẽ, chỉnh sửa &acirc;m thanh.</span></span></span></strong></p>\r\n\r\n<p style=\"margin-left:0in; text-align:justify\"><span style=\"color:#16a085; font-family:&quot;Times New Roman&quot;,Times,serif; font-size:20px\"><strong>3- Mục ti&ecirc;u cần đạt</strong>:</span><span style=\"font-family:&quot;Times New Roman&quot;,Times,serif; font-size:20px\">&nbsp;</span></p>\r\n\r\n<p style=\"text-align:justify\"><strong><span style=\"color:#d35400\"><span style=\"font-size:15.0pt\">-&nbsp;</span><span style=\"font-size:15.0pt\"><span style=\"font-family:&quot;Times New Roman&quot;\">Hiểu được tư duy m&aacute;y t&iacute;nh, kh&aacute;i niệm cơ bản về lập tr&igrave;nh</span></span></span></strong></p>\r\n\r\n<p style=\"text-align:justify\"><strong><span style=\"color:#d35400\"><span style=\"font-size:15.0pt\">-&nbsp;<span style=\"font-family:&quot;Times New Roman&quot;\">Tạo được một ứng dụng, tr&ograve; chơi đơn giản bằng ng&ocirc;n ngữ Scratch</span></span></span></strong></p>\r\n\r\n<p style=\"text-align:justify\"><strong><span style=\"color:#d35400\"><span style=\"font-size:15.0pt\">-&nbsp;<span style=\"font-family:&quot;Times New Roman&quot;\">Sử dụng th&agrave;nh thạo c&aacute;c khối lệnh cơ bản để điều khiển nh&acirc;n vật</span></span></span></strong></p>\r\n\r\n<p style=\"text-align:justify\"><strong><span style=\"color:#d35400\"><span style=\"font-size:15.0pt\">-&nbsp;<span style=\"font-family:&quot;Times New Roman&quot;\">Hiểu r&otilde; c&aacute;c kh&aacute;i niệm về lập tr&igrave;nh v&ograve;ng lặp, điều kiện, biến nhớ&hellip;</span></span></span></strong></p>\r\n\r\n<p style=\"text-align:justify\"><span style=\"font-size:20px\"><span style=\"font-family:Times New Roman,Times,serif\"><span style=\"color:#16a085\"><strong>4- Đối tượng</strong>:</span>&nbsp;<span style=\"color:#d35400\"><strong>C&aacute;c bạn c&oacute; đam m&ecirc; lập tr&igrave;nh, đặc biệt c&aacute;c bạn nhỏ c&oacute; độ tuổi từ 5&nbsp;đến 8&nbsp;tuổi.</strong></span></span></span></p>\r\n\r\n<p style=\"text-align:justify\"><span style=\"font-size:20px\"><span style=\"font-family:Times New Roman,Times,serif\"><span style=\"color:#16a085\"><strong>5- H&igrave;nh thức dạy v&agrave; học</strong>:&nbsp;</span><span style=\"color:#d35400\"><strong>Trực tuyến</strong></span></span></span></p>\r\n\r\n<p style=\"text-align:justify\"><span style=\"font-size:20px\"><span style=\"font-family:Times New Roman,Times,serif\"><span style=\"color:#16a085\"><strong>6-&nbsp;Nh&oacute;m gi&aacute;o vi&ecirc;n hướng dẫn kh&oacute;a học:</strong></span>&nbsp;<span style=\"color:#d35400\"><strong>Phạm Hữu Tr&iacute; v&agrave; Nguyễn Quốc Trung &ndash; Sinh vi&ecirc;n trường Đại học Sư phạm TP.HCM.</strong></span></span></span></p>\r\n',1,'    ',7,5),(20,'LẬP TRÌNH CƠ BẢN','2019-05-07 02:18:17.508823','2019-05-07 03:46:59.821817',1,'1','<p style=\"text-align:justify\"><span style=\"color:#d35400\"><span style=\"font-size:20px\"><span style=\"font-family:Times New Roman,Times,serif\">C&aacute;c ng&ocirc;n ngữ lập tr&igrave;nh bậc cao lu&ocirc;n&nbsp;c&oacute; một tập hợp c&aacute;c &quot;từ kh&oacute;a&quot; (c&acirc;u lệnh) gi&uacute;p lập tr&igrave;nh vi&ecirc;n&nbsp;viết ra những đoạn m&atilde; (code) hoặc cả chương tr&igrave;nh theo quy tắc, giải thuật n&agrave;o đ&oacute; để điều khiển m&aacute;y t&iacute;nh.</span></span></span></p>\r\n\r\n<p style=\"text-align:justify\"><span style=\"color:#d35400\"><span style=\"font-size:20px\"><span style=\"font-family:Times New Roman,Times,serif\">Trong Scratch, c&aacute;c &quot;từ kh&oacute;a&quot; ấy được thiết kế dưới h&igrave;nh dạng l&agrave; c&aacute;c &quot;miếng gh&eacute;p Lego&quot; m&agrave; ch&uacute;ng ta sẽ gọi l&agrave; <strong>Khối lệnh (block)</strong>. Khi sử dụng, thay v&igrave; ch&uacute;ng ta phải g&otilde; b&agrave;n ph&iacute;m th&igrave; ở đ&acirc;y ch&uacute;ng ta chỉ việc nắm v&agrave; k&eacute;o c&aacute;c khối lệnh để lắp gh&eacute;p th&agrave;nh những kịch bản c&oacute; &yacute; nghĩa để điều khiển đối tượng tr&ecirc;n s&acirc;n khấu.</span></span></span></p>\r\n\r\n<p style=\"text-align:justify\"><span style=\"color:#d35400\"><span style=\"font-size:20px\"><span style=\"font-family:Times New Roman,Times,serif\"><strong>SCRATCH - TRỔ T&Agrave;I LẬP TR&Igrave;NH</strong>&nbsp;tập trung v&agrave;o việc&nbsp;<strong>t&igrave;m hiểu &yacute; nghĩa t&aacute;c dụng của c&aacute;c&nbsp;khối lệnh trong ng&ocirc;n ngữ Scratch v&agrave; thực hiện c&aacute;c dự &aacute;n mẫu tương ứng</strong></span></span></span>.</p>\r\n\r\n<p style=\"text-align:center\"><img alt=\"\" src=\"/media/2019/05/07/scratch.png\" style=\"width:100%\" /></p>\r\n\r\n<p style=\"text-align:justify\"><span style=\"font-family:Times New Roman,Times,serif\"><span style=\"font-size:20px\"><span style=\"color:#16a085\"><strong>1- T&ecirc;n chuy&ecirc;n đề</strong>:</span> <strong><span style=\"color:#d35400\">Sử dụng khối lệnh trong Scratch</span></strong></span></span></p>\r\n\r\n<p style=\"text-align:justify\"><span style=\"color:#16a085\"><span style=\"font-family:Times New Roman,Times,serif\"><span style=\"font-size:20px\"><strong>2- Tổng quan&nbsp;b&agrave;i học:</strong></span></span></span></p>\r\n\r\n<p style=\"text-align:justify\"><span style=\"color:#d35400\"><strong><span style=\"font-size:14.0pt\"><span style=\"font-family:&quot;Times New Roman&quot;\">B&agrave;i</span></span><span style=\"font-size:14.0pt\"><span style=\"font-family:&quot;Times New Roman&quot;\"> n&agrave;y sẽ gi&uacute;p c&aacute;c em t&igrave;m hiểu được c&aacute;c kiến thức sau:</span></span></strong></span></p>\r\n\r\n<p style=\"text-align:justify\"><span style=\"color:#d35400\"><strong><span style=\"font-size:14.0pt\">-&nbsp;<span style=\"font-family:&quot;Times New Roman&quot;\">Chức năng v&agrave; c&aacute;ch sử dụng c&aacute;c khối lệnh của </span></span><span style=\"font-size:14.0pt\"><span style=\"font-family:&quot;Times New Roman&quot;\">Tynker</span></span><span style=\"font-size:14.0pt\"><span style=\"font-family:&quot;Times New Roman&quot;\">.</span></span></strong></span></p>\r\n\r\n<p style=\"text-align:justify\"><span style=\"color:#d35400\"><span style=\"font-size:14.0pt\"><span style=\"font-family:&quot;Times New Roman&quot;\">- </span></span><strong><span style=\"font-size:14.0pt\"><span style=\"font-family:&quot;Times New Roman&quot;\">X&acirc;y dựng c&aacute;c kịch bản đơn giản của từng nh&oacute;m lệnh cho hoạt động của c&aacute;c nh&acirc;n vật: Nh&oacute;m lệnh Motion, nh&oacute;m lệnh Looks, nh&oacute;m lệnh Sound, nh&oacute;m lệnh Pen, nh&oacute;m lệnh Data, nh&oacute;m lệnh Events, nh&oacute;m lệnh Control, nh&oacute;m lệnh Sensing, nh&oacute;m lệnh Operators.</span></span></strong></span></p>\r\n\r\n<p style=\"text-align:justify\"><span style=\"font-family:Times New Roman,Times,serif\"><span style=\"font-size:20px\"><span style=\"color:#16a085\"><strong>3- Mục ti&ecirc;u cần đạt</strong>:</span>&nbsp;</span></span></p>\r\n\r\n<p style=\"text-align:justify\"><span style=\"color:#d35400\"><strong><span style=\"font-size:14.0pt\"><span style=\"font-family:&quot;Times New Roman&quot;\">- Sử dụng th&agrave;nh thạo c&aacute;c lệnh cảm biến</span></span></strong></span></p>\r\n\r\n<p style=\"text-align:justify\"><span style=\"color:#d35400\"><strong><span style=\"font-size:14.0pt\"><span style=\"font-family:&quot;Times New Roman&quot;\">- Hiểu, ứng dụng được c&aacute;c kh&aacute;i niệm clone</span></span></strong></span></p>\r\n\r\n<p style=\"text-align:justify\"><span style=\"color:#d35400\"><strong><span style=\"font-size:14.0pt\"><span style=\"font-family:&quot;Times New Roman&quot;\">- Sử dụng hiệu quả h&agrave;m, biến nhớ trong c&aacute;c ứng dụng phức tạp</span></span></strong></span></p>\r\n\r\n<p style=\"text-align:justify\"><span style=\"color:#d35400\"><strong><span style=\"font-size:14.0pt\"><span style=\"font-family:&quot;Times New Roman&quot;\">- Xử l&yacute; x&acirc;u k&yacute; tự v&agrave; danh s&aacute;ch biến</span></span></strong></span></p>\r\n\r\n<p style=\"text-align:justify\"><span style=\"font-family:Times New Roman,Times,serif\"><span style=\"font-size:20px\"><span style=\"color:#16a085\"><strong>4- Đối tượng học</strong>:</span>&nbsp;<span style=\"color:#d35400\"><strong>C&aacute;c bạn c&oacute; đam m&ecirc; lập tr&igrave;nh, đặc biệt c&aacute;c bạn nhỏ c&oacute; độ tuổi từ 5 đến 8&nbsp;tuổi.</strong></span></span></span></p>\r\n\r\n<p style=\"text-align:justify\"><span style=\"font-family:Times New Roman,Times,serif\"><span style=\"font-size:20px\"><strong><span style=\"color:#16a085\">5- H&igrave;nh thức dạy v&agrave; học:</span>&nbsp;<span style=\"color:#d35400\">Trực tuyến</span></strong></span></span></p>\r\n\r\n<p style=\"text-align:justify\"><span style=\"font-family:Times New Roman,Times,serif\"><span style=\"font-size:20px\"><span style=\"color:#16a085\"><strong>6-&nbsp;Nh&oacute;m gi&aacute;o vi&ecirc;n hướng dẫn kh&oacute;a học:</strong>&nbsp;</span><span style=\"color:#d35400\"><strong>Phạm Hữu Tr&iacute; v&agrave; Nguyễn Quốc Trung &ndash; Sinh vi&ecirc;n trường Đại học Sư phạm TP.HCM.</strong></span></span></span></p>\r\n',2,'    ',7,5),(21,'Giới thiệu về Alice 2','2019-05-07 10:13:06.694946','2019-05-07 10:45:38.860888',1,'Giới thiệu về Alice 2','<p><span style=\"font-size:18px\"><span style=\"font-family:Times New Roman,Times,serif\"><span style=\"color:#2980b9\"><u><strong>Mục ti&ecirc;u:</strong></u></span> Gi&uacute;p người học c&agrave;i đặt v&agrave; khởi động&nbsp;Alice 2</span></span></p>\r\n\r\n<p><span style=\"font-size:18px\"><span style=\"font-family:Times New Roman,Times,serif\"><span style=\"color:#27ae60\"><u><strong>Y&ecirc;u cầu đầu ra</strong></u>:</span> Người học c&agrave;i đặt v&agrave; khởi động&nbsp;được Alice 2</span></span></p>\r\n',1,'  ',6,6),(22,'Các đối tượng trong Alice 2','2019-05-07 10:13:06.728306','2019-05-07 10:50:11.429869',1,'Các đối tượng trong Alice 2','<p><span style=\"font-size:18px\"><span style=\"font-family:Times New Roman,Times,serif\"><span style=\"color:#2980b9\"><u><strong>Mục ti&ecirc;u:</strong></u></span> Gi&uacute;p người học l&agrave;m quen với c&aacute;c đối tượng trong Alice 2</span></span></p>\r\n\r\n<p><span style=\"font-size:18px\"><span style=\"font-family:Times New Roman,Times,serif\"><span style=\"color:#27ae60\"><u><strong>Y&ecirc;u cầu đầu ra:</strong></u></span> Người học thao t&aacute;c được với c&aacute;c đối tượng trong Alice 2</span></span></p>\r\n\r\n<p><span style=\"font-size:18px\"><span style=\"font-family:Times New Roman,Times,serif\"><span style=\"color:#16a085\"><u><strong>M&ocirc; tả:</strong></u></span> Ở chủ đề sẽ c&oacute; 1 chủ đề: C&aacute;c đối tượng tr&ecirc;n Alice 2</span></span></p>\r\n',2,'  ',6,6);
/*!40000 ALTER TABLE `chapter` ENABLE KEYS */;
UNLOCK TABLES;

--
-- Table structure for table `chat`
--

DROP TABLE IF EXISTS `chat`;
/*!40101 SET @saved_cs_client     = @@character_set_client */;
 SET character_set_client = utf8mb4 ;
CREATE TABLE `chat` (
  `ChatID` int(11) NOT NULL AUTO_INCREMENT,
  `CreateDate` datetime(6) DEFAULT NULL,
  `Content` varchar(250) COLLATE utf8_unicode_ci DEFAULT NULL,
  `AccountID` int(11) DEFAULT NULL,
  `ChatRoomID` int(11) DEFAULT NULL,
  PRIMARY KEY (`ChatID`),
  KEY `chat_AccountID_cc8d282e_fk_account_AccountID` (`AccountID`),
  KEY `chat_ChatRoomID_eca14933_fk_chatroom_ChatRoomID` (`ChatRoomID`),
  CONSTRAINT `chat_AccountID_cc8d282e_fk_account_AccountID` FOREIGN KEY (`AccountID`) REFERENCES `account` (`AccountID`),
  CONSTRAINT `chat_ChatRoomID_eca14933_fk_chatroom_ChatRoomID` FOREIGN KEY (`ChatRoomID`) REFERENCES `chatroom` (`ChatRoomID`)
) ENGINE=InnoDB AUTO_INCREMENT=43 DEFAULT CHARSET=utf8 COLLATE=utf8_unicode_ci;
/*!40101 SET character_set_client = @saved_cs_client */;

--
-- Dumping data for table `chat`
--

LOCK TABLES `chat` WRITE;
/*!40000 ALTER TABLE `chat` DISABLE KEYS */;
INSERT INTO `chat` VALUES (2,'2019-04-27 04:18:11.432993','XIn chào',4,3),(3,'2019-04-27 04:46:54.669723','Lala',10,7),(4,'2019-04-27 04:49:06.284516','Heloo server',11,8),(5,'2019-04-27 04:49:22.202541','mình bi undifined',11,8),(6,'2019-04-27 06:47:09.413066','xin chào',12,9),(7,'2019-04-27 07:02:33.063438','xin chào',12,9),(9,'2019-04-27 07:13:41.567517','hihi',12,9),(11,'2019-04-27 07:22:17.315303','xin chào bạn',12,9),(12,'2019-04-27 07:24:05.122010','alo',12,9),(13,'2019-04-27 07:24:35.755922','à',13,10),(14,'2019-04-27 07:24:45.484649','xin chào',13,10),(15,'2019-04-27 08:32:17.452283','chào bạn',12,9),(16,'2019-04-27 14:34:45.804679','hello',12,9),(17,'2019-04-27 14:34:53.268607','dung r',12,9),(18,'2019-04-27 14:34:55.274472','ahihi',12,9),(19,'2019-04-27 14:35:15.953803',' cảm ơn bạn hihichu',2,9),(20,'2019-04-27 21:38:37.351206','Xin chào',15,13),(21,'2019-04-27 22:39:01.105188','Hellomoto!',16,14),(24,'2019-05-03 23:26:00.954419','Hi',21,19),(25,'2019-05-04 11:23:41.307231','hallo',23,21),(26,'2019-05-04 13:27:59.407516','hi',24,22),(31,'2019-05-04 14:05:55.691902',' Xin chào, chúng tôi có thể giúp được gì cho bạn? :)',2,22),(33,'2019-05-05 02:02:31.038354','Có anh chị nào đang online không nhỉ :/ ',30,26),(34,'2019-05-06 18:18:04.880830','Chào admin',33,29),(35,'2019-05-06 18:18:25.520383',' Chào bạn, bạn muốn hỏi gì nào?',2,29),(36,'2019-05-06 18:18:31.699099','Em cần hỏi một số việc ạ',33,29),(37,'2019-05-06 18:18:47.566028','em muốn tham gia Tynker thì đăng kí theo link nào',33,29),(38,'2019-05-06 18:19:06.162335','ừ, để chị gửi link cho em nha!',2,29),(39,'2019-05-06 18:19:31.611274','cảm ơn a',33,29),(40,'2019-05-06 18:19:55.467444','Em có cần gì không?',2,26),(41,'2019-05-08 11:20:13.158189','HI',3,4),(42,'2019-05-08 11:20:36.548959',' CHAO BAN',3,4);
/*!40000 ALTER TABLE `chat` ENABLE KEYS */;
UNLOCK TABLES;

--
-- Table structure for table `chatroom`
--

DROP TABLE IF EXISTS `chatroom`;
/*!40101 SET @saved_cs_client     = @@character_set_client */;
 SET character_set_client = utf8mb4 ;
CREATE TABLE `chatroom` (
  `ChatRoomID` int(11) NOT NULL AUTO_INCREMENT,
  `CreateDate` datetime(6) DEFAULT NULL,
  `AccountID` int(11) DEFAULT NULL,
  `OnlineID` int(11) DEFAULT NULL,
  PRIMARY KEY (`ChatRoomID`),
  KEY `chatroom_AccountID_d4143173_fk_account_AccountID` (`AccountID`),
  KEY `chatroom_OnlineID_b53b0292_fk_online_OnlineID` (`OnlineID`),
  CONSTRAINT `chatroom_AccountID_d4143173_fk_account_AccountID` FOREIGN KEY (`AccountID`) REFERENCES `account` (`AccountID`),
  CONSTRAINT `chatroom_OnlineID_b53b0292_fk_online_OnlineID` FOREIGN KEY (`OnlineID`) REFERENCES `online` (`OnlineID`)
) ENGINE=InnoDB AUTO_INCREMENT=40 DEFAULT CHARSET=utf8 COLLATE=utf8_unicode_ci;
/*!40101 SET character_set_client = @saved_cs_client */;

--
-- Dumping data for table `chatroom`
--

LOCK TABLES `chatroom` WRITE;
/*!40000 ALTER TABLE `chatroom` DISABLE KEYS */;
INSERT INTO `chatroom` VALUES (1,'2019-04-26 16:16:33.390662',1,NULL),(2,'2019-04-26 17:03:44.160714',2,NULL),(3,'2019-04-27 04:18:11.433061',4,NULL),(4,'2019-05-08 11:20:36.549028',3,NULL),(5,'2019-04-27 00:51:22.365918',7,NULL),(6,'2019-05-04 13:30:30.535517',5,NULL),(7,'2019-04-27 04:46:54.669845',10,NULL),(8,'2019-04-27 04:49:22.202611',11,NULL),(9,'2019-04-27 14:35:15.953860',12,NULL),(10,'2019-04-27 07:24:45.484718',13,NULL),(11,'2019-04-27 21:03:43.009407',14,NULL),(12,'2019-04-27 21:08:32.340086',6,NULL),(13,'2019-04-27 21:38:37.351334',15,NULL),(14,'2019-04-27 22:39:01.105272',16,NULL),(15,'2019-04-29 22:13:18.627327',17,NULL),(16,'2019-04-29 22:48:52.750430',18,NULL),(17,'2019-05-01 00:57:09.773800',19,NULL),(18,'2019-05-03 15:00:50.331190',20,NULL),(19,'2019-05-03 23:26:00.954565',21,NULL),(20,'2019-05-04 10:22:33.923976',22,NULL),(21,'2019-05-04 11:23:41.307347',23,NULL),(22,'2019-05-04 14:05:55.691983',24,NULL),(23,'2019-05-04 16:30:17.818512',27,NULL),(24,'2019-05-04 16:32:15.871440',28,NULL),(25,'2019-05-04 17:59:46.967982',29,NULL),(26,'2019-05-06 18:19:55.467512',30,NULL),(27,'2019-05-05 11:27:27.660825',31,NULL),(28,'2019-05-06 10:22:53.107344',32,NULL),(29,'2019-05-06 18:19:31.611348',33,NULL),(30,'2019-05-06 17:18:42.930023',34,NULL),(31,'2019-05-08 15:32:46.640566',42,NULL),(32,'2019-05-08 15:34:08.323524',43,NULL),(33,'2019-05-08 15:35:12.763221',44,NULL),(34,'2019-05-08 15:36:41.427449',35,NULL),(35,'2019-05-08 15:37:45.821948',36,NULL),(36,'2019-05-08 15:38:51.908906',37,NULL),(37,'2019-05-08 20:51:31.508331',40,NULL),(38,'2019-05-08 21:00:59.628912',41,NULL),(39,'2019-05-09 02:19:44.118920',38,NULL);
/*!40000 ALTER TABLE `chatroom` ENABLE KEYS */;
UNLOCK TABLES;

--
-- Table structure for table `competition`
--

DROP TABLE IF EXISTS `competition`;
/*!40101 SET @saved_cs_client     = @@character_set_client */;
 SET character_set_client = utf8mb4 ;
CREATE TABLE `competition` (
  `CompetitionID` int(11) NOT NULL AUTO_INCREMENT,
  `CompetitionName` varchar(250) COLLATE utf8_unicode_ci DEFAULT NULL,
  `Description` varchar(250) COLLATE utf8_unicode_ci DEFAULT NULL,
  `Content` longtext COLLATE utf8_unicode_ci,
  `Avatar` varchar(250) COLLATE utf8_unicode_ci DEFAULT NULL,
  `CreateDate` datetime(6) DEFAULT NULL,
  `EditDate` datetime(6) DEFAULT NULL,
  `OpenDate` datetime(6) DEFAULT NULL,
  `EndDate` datetime(6) DEFAULT NULL,
  `ViewCount` int(11) DEFAULT NULL,
  `LikeCount` int(11) DEFAULT NULL,
  `IsEnable` int(11) DEFAULT NULL,
  `Note` varchar(250) COLLATE utf8_unicode_ci DEFAULT NULL,
  `AccountID` int(11) DEFAULT NULL,
  `EnviromentCateID` int(11) DEFAULT NULL,
  PRIMARY KEY (`CompetitionID`),
  KEY `competition_AccountID_cb7cfe7e_fk_account_AccountID` (`AccountID`),
  KEY `competition_EnviromentCateID_494f444a_fk_enviromen` (`EnviromentCateID`),
  CONSTRAINT `competition_AccountID_cb7cfe7e_fk_account_AccountID` FOREIGN KEY (`AccountID`) REFERENCES `account` (`AccountID`),
  CONSTRAINT `competition_EnviromentCateID_494f444a_fk_enviromen` FOREIGN KEY (`EnviromentCateID`) REFERENCES `enviromentcate` (`EnviromentCateID`)
) ENGINE=InnoDB AUTO_INCREMENT=7 DEFAULT CHARSET=utf8 COLLATE=utf8_unicode_ci;
/*!40101 SET character_set_client = @saved_cs_client */;

--
-- Dumping data for table `competition`
--

LOCK TABLES `competition` WRITE;
/*!40000 ALTER TABLE `competition` DISABLE KEYS */;
INSERT INTO `competition` VALUES (1,'ARDUINO – TÀI NĂNG TRẺ TUỔI LẦN I','ARDUINO TÀI NĂNG TRẺ TUỔI là cuộc thi được khởi động nhằm một đích tạo ra sân chơi vui vẻ, lành mạnh cho các bạn trẻ, các em học sinh có niềm đam mê to lớn với lặp trình phần cứng','<p style=\"margin-left:0cm; margin-right:0cm; text-align:center\"><span style=\"font-size:11pt\"><span style=\"font-family:Calibri,sans-serif\"><span style=\"font-size:28.0pt\"><span style=\"font-family:&quot;UTM Alba Matter&quot;,serif\"><span style=\"color:#00b0f0\">ARDUINO </span></span></span><span style=\"font-size:28.0pt\"><span style=\"font-family:&quot;Times New Roman&quot;,serif\"><span style=\"color:#00b0f0\">&ndash;</span></span></span><span style=\"font-size:28.0pt\"><span style=\"font-family:&quot;UTM Alba Matter&quot;,serif\"><span style=\"color:#00b0f0\"> T&Agrave;I NĂNG TRẺ TUỔI LẦN I</span></span></span></span></span></p>\r\n\r\n<div style=\"border-bottom:solid #1ba1e2 1.5pt; padding:0cm 0cm 0cm 0cm\">\r\n<p style=\"margin-left:0cm; margin-right:0cm\">&nbsp;</p>\r\n</div>\r\n\r\n<p style=\"margin-left:0cm; margin-right:0cm\"><span style=\"font-size:11pt\"><span style=\"font-family:Calibri,sans-serif\"><strong><span style=\"font-size:18.0pt\"><span style=\"font-family:&quot;Times New Roman&quot;,serif\"><span style=\"color:darkorange\">I. Giới thiệu</span></span></span></strong></span></span></p>\r\n\r\n<p style=\"margin-left:0cm; margin-right:0cm; text-align:justify\"><span style=\"color:#8e44ad\"><span style=\"font-size:11pt\"><span style=\"font-family:Calibri,sans-serif\"><span style=\"font-size:13.0pt\"><span style=\"font-family:&quot;Times New Roman&quot;,serif\">ARDUINO T&Agrave;I NĂNG TRẺ TUỔI l&agrave; cuộc thi được khởi động nhằm một đ&iacute;ch tạo ra s&acirc;n chơi vui vẻ, l&agrave;nh mạnh cho c&aacute;c bạn trẻ, c&aacute;c em học sinh c&oacute; niềm đam m&ecirc; to lớn với lặp tr&igrave;nh phần cứng n&oacute;i ri&ecirc;ng v&agrave; lập tr&igrave;nh tr&ecirc;n board mạch Arduino n&oacute;i chung. </span></span></span></span></span></p>\r\n\r\n<p style=\"margin-left:0cm; margin-right:0cm; text-align:justify\"><span style=\"color:#8e44ad\"><span style=\"font-size:11pt\"><span style=\"font-family:Calibri,sans-serif\"><span style=\"font-size:13.0pt\"><span style=\"font-family:&quot;Times New Roman&quot;,serif\">Tham gia cuộc thi n&agrave;y, c&aacute;c bạn sẽ được giao lưu v&agrave; học hỏi kinh nghiệm từ nhiều bạn đến từ khắp mọi nơi tr&ecirc;n đất nước, những bạn c&oacute; c&ugrave;ng sở th&iacute;ch v&agrave; niềm đam m&ecirc;.</span></span></span></span></span></p>\r\n\r\n<p style=\"margin-left:0cm; margin-right:0cm; text-align:center\"><img src=\"/media/2019/04/28/image-20190428175730-1.png\" style=\"height:412px; width:688px\" /></p>\r\n\r\n<p style=\"margin-left:0cm; margin-right:0cm; text-align:justify\"><span style=\"font-size:11pt\"><span style=\"font-family:Calibri,sans-serif\"><strong><span style=\"font-size:18.0pt\"><span style=\"font-family:&quot;inherit&quot;,serif\"><span style=\"color:darkorange\">II. Thể lệ cuộc thi</span></span></span></strong></span></span></p>\r\n\r\n<p style=\"margin-left:0cm; margin-right:0cm; text-align:justify\"><span style=\"font-size:11pt\"><span style=\"font-family:Calibri,sans-serif\"><strong><span style=\"font-size:13.5pt\"><span style=\"font-family:&quot;Times New Roman&quot;,serif\"><span style=\"color:teal\">1. Mục đ&iacute;ch của cuộc thi</span></span></span></strong></span></span></p>\r\n\r\n<p style=\"margin-left:0cm; margin-right:0cm; text-align:justify\"><span style=\"font-size:11pt\"><span style=\"font-family:Calibri,sans-serif\"><span style=\"color:#8e44ad\"><span style=\"font-size:13.0pt\"><span style=\"font-family:&quot;Times New Roman&quot;,serif\">Khuyến kh&iacute;ch c&aacute;c bạn trẻ ở c&aacute;c tỉnh th&agrave;nh được tham gia một cuộc thi s&aacute;ng tạo vui tươi v&agrave; gi&uacute;p c&aacute;c bạn được tiếp cận lần đầu ti&ecirc;n với Arduino. BQT muốn tổ chức một cuộc thi d&agrave;nh ri&ecirc;ng cho c&aacute;c bạn để c&aacute;c bạn c&oacute; một m&ocirc;i trường mới để ph&aacute;t triển tương lai. V&agrave; tất cả những điều đ&oacute; đều hướng đến&nbsp;</span></span></span><a href=\"http://arduino.vn/ve-chung-toi\" target=\"_blank\"><span style=\"color:#8e44ad\"><span style=\"font-size:13.0pt\"><span style=\"font-family:&quot;Times New Roman&quot;,serif\">mục đ&iacute;ch ph&aacute;t triển của cộng đồng</span></span></span></a><span style=\"color:#8e44ad\"><span style=\"font-size:13.0pt\"><span style=\"font-family:&quot;Times New Roman&quot;,serif\">.</span></span></span></span></span></p>\r\n\r\n<p style=\"margin-left:0cm; margin-right:0cm; text-align:justify\"><span style=\"font-size:11pt\"><span style=\"font-family:Calibri,sans-serif\"><strong><span style=\"font-size:13.5pt\"><span style=\"font-family:&quot;Times New Roman&quot;,serif\"><span style=\"color:teal\">2. Đối tượng của cuộc thi</span></span></span></strong></span></span></p>\r\n\r\n<p style=\"margin-left:0cm; margin-right:0cm; text-align:justify\"><span style=\"color:#8e44ad\"><span style=\"font-size:11pt\"><span style=\"font-family:Calibri,sans-serif\"><span style=\"font-size:13.0pt\"><span style=\"font-family:&quot;Times New Roman&quot;,serif\">C&aacute;c bạn học sinh c&oacute; ng&agrave;y sinh từ <strong>15/7/1990</strong> đến ng&agrave;y <strong>15/7/2006</strong>. C&oacute; thể dự thi theo nh&oacute;m tối đa 02 bạn. C&oacute; thể c&oacute; c&aacute;c anh chị hoặc người đi trước hướng dẫn.</span></span></span></span></span></p>\r\n\r\n<p style=\"margin-left:0cm; margin-right:0cm; text-align:justify\"><span style=\"color:#8e44ad\"><span style=\"font-size:11pt\"><span style=\"font-family:Calibri,sans-serif\"><strong><span style=\"font-size:13.0pt\"><span style=\"font-family:&quot;Times New Roman&quot;,serif\">Khuyến kh&iacute;ch c&aacute;c anh, c&aacute;c chị đi trước c&oacute; kinh nghiệm về Arduino hỗ trợ cho em của m&igrave;nh ho&agrave;n thiện dự &aacute;n.</span></span></strong></span></span></span></p>\r\n\r\n<p style=\"margin-left:0cm; margin-right:0cm; text-align:justify\"><span style=\"font-size:11pt\"><span style=\"font-family:Calibri,sans-serif\"><strong><span style=\"font-size:13.5pt\"><span style=\"font-family:&quot;inherit&quot;,serif\"><span style=\"color:teal\">3. Nội dung v&agrave; h&igrave;nh thức thi</span></span></span></strong></span></span></p>\r\n\r\n<ol>\r\n	<li style=\"text-align:justify\"><span style=\"color:#8e44ad\"><span style=\"font-size:11pt\"><span style=\"font-family:Calibri,sans-serif\"><strong><em><span style=\"font-size:13.0pt\"><span style=\"font-family:&quot;Times New Roman&quot;,serif\">Nội dung&nbsp;v&agrave; ti&ecirc;u ch&iacute; đ&aacute;nh gi&aacute; sản phẩm dự thi</span></span></em></strong></span></span></span>\r\n\r\n	<ul style=\"list-style-type:circle\">\r\n		<li style=\"text-align:justify\"><span style=\"color:#8e44ad\"><span style=\"font-size:11pt\"><span style=\"font-family:Calibri,sans-serif\"><span style=\"font-size:13.0pt\"><span style=\"font-family:&quot;Times New Roman&quot;,serif\">Dựa tr&ecirc;n nền tảng board mạch Arduino được Cộng đồng Arduino Việt Nam cung cấp, th&iacute; sinh chọn đề t&agrave;i một c&aacute;ch độc lập để ph&aacute;t triển tạo ra sản phẩm ứng dụng. Sản phẩm tham gia Cuộc thi c&oacute; thể li&ecirc;n quan đến c&aacute;c chủ đề sau (nhưng kh&ocirc;ng hạn chế):&nbsp; </span></span></span></span></span>\r\n\r\n		<ul style=\"list-style-type:square\">\r\n			<li style=\"text-align:justify\"><span style=\"color:#8e44ad\"><span style=\"font-size:11pt\"><span style=\"font-family:Calibri,sans-serif\"><span style=\"font-size:13.0pt\"><span style=\"font-family:&quot;Times New Roman&quot;,serif\">Bảng đ&egrave;n led cho cộng đồng, điều khiển thiết bị, ứng dụng&hellip; </span></span></span></span></span></li>\r\n			<li style=\"text-align:justify\"><span style=\"color:#8e44ad\"><span style=\"font-size:11pt\"><span style=\"font-family:Calibri,sans-serif\"><span style=\"font-size:13.0pt\"><span style=\"font-family:&quot;Times New Roman&quot;,serif\">Xe tự h&agrave;nh c&aacute;c loại ( c&oacute; thể c&oacute; sự kết hợp )</span></span></span></span></span></li>\r\n		</ul>\r\n		</li>\r\n		<li style=\"text-align:justify\"><span style=\"color:#8e44ad\"><span style=\"font-size:11pt\"><span style=\"font-family:Calibri,sans-serif\"><strong><span style=\"font-size:13.0pt\"><span style=\"font-family:&quot;Times New Roman&quot;,serif\">Ti&ecirc;u ch&iacute; chung</span></span></strong><span style=\"font-size:13.0pt\"><span style=\"font-family:&quot;Times New Roman&quot;,serif\">: </span></span></span></span></span>\r\n		<ul style=\"list-style-type:square\">\r\n			<li style=\"text-align:justify\"><span style=\"color:#8e44ad\"><span style=\"font-size:11pt\"><span style=\"font-family:Calibri,sans-serif\"><span style=\"font-size:13.0pt\"><span style=\"font-family:&quot;Times New Roman&quot;,serif\">C&aacute;c th&agrave;nh vi&ecirc;n trong Ban Tổ Chức của Cộng đồng (<strong>50% điểm</strong>)</span></span></span></span></span></li>\r\n		</ul>\r\n		</li>\r\n	</ul>\r\n	</li>\r\n</ol>\r\n\r\n<ol>\r\n	<li style=\"text-align:justify\"><span style=\"color:#8e44ad\"><span style=\"font-size:11pt\"><span style=\"font-family:Calibri,sans-serif\"><strong><span style=\"font-size:13.0pt\"><span style=\"font-family:&quot;Times New Roman&quot;,serif\">Vận dụng khả năng của mạch Arduino:</span></span></strong><span style=\"font-size:13.0pt\"><span style=\"font-family:&quot;Times New Roman&quot;,serif\"> digital, analog, pwm, interrupt, bất đồng bộ,...</span></span></span></span></span></li>\r\n	<li style=\"text-align:justify\"><span style=\"color:#8e44ad\"><span style=\"font-size:11pt\"><span style=\"font-family:Calibri,sans-serif\"><span style=\"font-size:13.0pt\"><span style=\"font-family:&quot;Times New Roman&quot;,serif\">Những &yacute; tưởng g&igrave; l&uacute;c đăng k&yacute; dự thi, v&agrave; bạn đ&atilde; l&agrave;m được bao nhi&ecirc;u phần trăm của dự &aacute;n.</span></span></span></span></span></li>\r\n	<li style=\"text-align:justify\"><span style=\"color:#8e44ad\"><span style=\"font-size:11pt\"><span style=\"font-family:Calibri,sans-serif\"><span style=\"font-size:13.0pt\"><span style=\"font-family:&quot;Times New Roman&quot;,serif\">T&iacute;nh thực tiễn</span></span></span></span></span></li>\r\n	<li style=\"text-align:justify\"><span style=\"color:#8e44ad\"><span style=\"font-size:11pt\"><span style=\"font-family:Calibri,sans-serif\"><span style=\"font-size:13.0pt\"><span style=\"font-family:&quot;Times New Roman&quot;,serif\">T&iacute;nh mới</span></span></span></span></span>\r\n	<ul>\r\n		<li style=\"list-style-type:none\">\r\n		<ul style=\"list-style-type:square\">\r\n			<li style=\"text-align:justify\"><span style=\"color:#8e44ad\"><span style=\"font-size:11pt\"><span style=\"font-family:Calibri,sans-serif\"><span style=\"font-size:13.0pt\"><span style=\"font-family:&quot;Times New Roman&quot;,serif\">Đ&aacute;nh gi&aacute; từ Cộng đồng, c&ocirc;ng thức t&iacute;nh điểm (</span></span><strong><span style=\"font-size:13.0pt\"><span style=\"font-family:&quot;Times New Roman&quot;,serif\">50% điểm</span></span></strong><span style=\"font-size:13.0pt\"><span style=\"font-family:&quot;Times New Roman&quot;,serif\">):</span></span></span></span></span>\r\n			<ol>\r\n				<li style=\"text-align:justify\"><span style=\"color:#8e44ad\"><span style=\"font-size:11pt\"><span style=\"font-family:Calibri,sans-serif\"><span style=\"font-size:13.0pt\"><span style=\"font-family:&quot;Times New Roman&quot;,serif\">Tổng số điểm like của b&agrave;i viết giới thiệu về dự &aacute;n v&agrave; c&aacute;ch l&agrave;m dự &aacute;n của c&aacute;c bạn / tổng số điểm like của to&agrave;n bộ b&agrave;i viết của to&agrave;n bộ c&aacute;c nh&oacute;m tham dự.</span></span></span></span></span></li>\r\n			</ol>\r\n			</li>\r\n		</ul>\r\n		</li>\r\n	</ul>\r\n	</li>\r\n	<li style=\"text-align:justify\" value=\"2\"><span style=\"color:#8e44ad\"><span style=\"font-size:11pt\"><span style=\"font-family:Calibri,sans-serif\"><strong><em><span style=\"font-size:13.0pt\"><span style=\"font-family:&quot;Times New Roman&quot;,serif\">H&igrave;nh thức</span></span></em></strong></span></span></span>\r\n	<ul style=\"list-style-type:circle\">\r\n		<li style=\"text-align:justify\"><span style=\"color:#8e44ad\"><span style=\"font-size:11pt\"><span style=\"font-family:Calibri,sans-serif\"><span style=\"font-size:13.0pt\"><span style=\"font-family:&quot;Times New Roman&quot;,serif\">Cuộc thi được tổ chức th&agrave;nh&nbsp;<strong>01 v&ograve;ng</strong> v&agrave; theo thể thức như sau:</span></span></span></span></span>\r\n		<ul style=\"list-style-type:square\">\r\n			<li style=\"text-align:justify\"><span style=\"color:#8e44ad\"><span style=\"font-size:11pt\"><span style=\"font-family:Calibri,sans-serif\"><strong><em><span style=\"font-size:13.0pt\"><span style=\"font-family:&quot;Times New Roman&quot;,serif\">Th&ocirc;ng tin - &yacute; tưởng</span></span></em></strong><em><span style=\"font-size:13.0pt\"><span style=\"font-family:&quot;Times New Roman&quot;,serif\">:&nbsp;</span></span></em><span style=\"font-size:13.0pt\"><span style=\"font-family:&quot;Times New Roman&quot;,serif\">c&aacute;c đội sẽ đăng k&yacute; &yacute; tưởng v&agrave;o form do BTC cung cấp</span></span></span></span></span></li>\r\n			<li style=\"text-align:justify\"><span style=\"color:#8e44ad\"><span style=\"font-size:11pt\"><span style=\"font-family:Calibri,sans-serif\"><strong><em><span style=\"font-size:13.0pt\"><span style=\"font-family:&quot;Times New Roman&quot;,serif\">V&ograve;ng chung khảo</span></span></em></strong><em><span style=\"font-size:13.0pt\"><span style=\"font-family:&quot;Times New Roman&quot;,serif\">:</span></span></em>&nbsp;<span style=\"font-size:13.0pt\"><span style=\"font-family:&quot;Times New Roman&quot;,serif\">&nbsp;C&aacute;c đội sẽ thực hiện dự &aacute;n v&agrave; nộp lại dự &aacute;n cho BTC.Sau đ&oacute;, BTC sẽ c&ocirc;ng bố dự &aacute;n của c&aacute;c bạn tại trang chủ ! Sau đ&oacute;, dựa v&agrave;o c&aacute;ch t&iacute;nh điểm n&ecirc;u tr&ecirc;n, ch&uacute;ng ta sẽ lựa ra 3 nh&oacute;m c&oacute; điểm số cao nhất từ đ&oacute; trao giải thưởng.</span></span></span></span></span></li>\r\n		</ul>\r\n		</li>\r\n	</ul>\r\n	</li>\r\n</ol>\r\n\r\n<p style=\"margin-left:0cm; margin-right:0cm; text-align:justify\"><span style=\"color:#8e44ad\"><span style=\"font-size:11pt\"><span style=\"font-family:Calibri,sans-serif\"><strong><span style=\"font-size:13.5pt\"><span style=\"font-family:&quot;Times New Roman&quot;,serif\">4. Đăng k&yacute; dự thi v&agrave; c&aacute;c mốc thời gian</span></span></strong></span></span></span></p>\r\n\r\n<ol>\r\n	<li style=\"text-align:justify\"><span style=\"font-size:11pt\"><span style=\"font-family:Calibri,sans-serif\"><span style=\"color:#8e44ad\"><span style=\"font-size:13.0pt\"><span style=\"font-family:&quot;Times New Roman&quot;,serif\">Đăng k&yacute; dự thi tại&nbsp;<strong><a href=\"https://forms.gle/3UEY2R8FHyDtzoW98\">Đ&Acirc;Y</a>&nbsp;</strong>Form sẽ c&oacute; hiệu lực từ ng&agrave;y h&ocirc;m nay<strong> 29/04/2019</strong> đến hết ng&agrave;y&nbsp;<strong>5/7/2019</strong>.&nbsp;<strong>C&aacute;c bạn nhớ lưu giữ lại địa chỉ để chỉnh sửa c&acirc;u trả lời </strong></span></span></span></span></span></li>\r\n	<li style=\"text-align:justify\"><span style=\"color:#8e44ad\"><span style=\"font-size:11pt\"><span style=\"font-family:Calibri,sans-serif\"><span style=\"font-size:13.0pt\"><span style=\"font-family:&quot;Times New Roman&quot;,serif\">BQT sẽ gửi mail th&ocirc;ng b&aacute;o kết quả cho từng bạn v&agrave; c&ocirc;ng bố kết quả ch&iacute;nh thức tr&ecirc;n trang chủ trước ng&agrave;y&nbsp;<strong>09/09/2016</strong>.&nbsp;<strong>Kết th&uacute;c cuộc thi</strong></span></span></span></span></span></li>\r\n</ol>\r\n\r\n<p style=\"margin-left:0cm; margin-right:0cm; text-align:justify\"><span style=\"color:#8e44ad\"><span style=\"font-size:11pt\"><span style=\"font-family:Calibri,sans-serif\"><strong><span style=\"font-size:13.0pt\"><span style=\"font-family:&quot;Times New Roman&quot;,serif\">Lưu &yacute;</span></span></strong><span style=\"font-size:13.0pt\"><span style=\"font-family:&quot;Times New Roman&quot;,serif\">: điểm của BGK chỉ chiếm 50%, 50% c&ograve;n lại ph&ugrave; thuộc v&agrave;o việc bạn chia sẻ b&agrave;i viết v&agrave; số lượng y&ecirc;u th&iacute;ch của mọi người.</span></span></span></span></span></p>\r\n\r\n<p style=\"margin-left:0cm; margin-right:0cm; text-align:justify\"><span style=\"font-size:11pt\"><span style=\"font-family:Calibri,sans-serif\"><strong><span style=\"font-size:13.5pt\"><span style=\"font-family:&quot;Times New Roman&quot;,serif\"><span style=\"color:teal\">5. Giải thưởng</span></span></span></strong></span></span></p>\r\n\r\n<ul>\r\n	<li style=\"text-align:justify\"><span style=\"color:#8e44ad\"><span style=\"font-size:11pt\"><span style=\"font-family:Calibri,sans-serif\"><strong><span style=\"font-size:13.0pt\"><span style=\"font-family:&quot;Times New Roman&quot;,serif\">01 giải nhất: trị gi&aacute;&nbsp;</span></span></strong><strong><span style=\"font-size:13.0pt\"><span style=\"font-family:&quot;Times New Roman&quot;,serif\">150.000 đồng</span></span></strong></span></span></span></li>\r\n	<li style=\"text-align:justify\"><span style=\"color:#8e44ad\"><span style=\"font-size:11pt\"><span style=\"font-family:Calibri,sans-serif\"><span style=\"font-size:13.0pt\"><span style=\"font-family:&quot;Times New Roman&quot;,serif\">01 giải nh&igrave;: trị gi&aacute; 100.000 đồng</span></span></span></span></span></li>\r\n	<li style=\"text-align:justify\"><span style=\"color:#8e44ad\"><span style=\"font-size:11pt\"><span style=\"font-family:Calibri,sans-serif\"><span style=\"font-size:13.0pt\"><span style=\"font-family:&quot;Times New Roman&quot;,serif\">01 giải ba: trị gi&aacute; 50.000 đồng</span></span></span></span></span></li>\r\n</ul>\r\n\r\n<p style=\"margin-left:0cm; margin-right:0cm; text-align:justify\"><span style=\"color:#8e44ad\"><span style=\"font-size:11pt\"><span style=\"font-family:Calibri,sans-serif\"><strong><em><span style=\"font-size:13.0pt\"><span style=\"font-family:&quot;Times New Roman&quot;,serif\">Tiền thưởng sẽ được chuyển qua t&agrave;i khoản ng&acirc;n h&agrave;ng sau khi c&oacute; kết quả cho c&aacute;c nh&oacute;m.</span></span></em></strong></span></span></span></p>\r\n\r\n<p style=\"margin-left:0cm; margin-right:0cm; text-align:justify\"><span style=\"font-size:11pt\"><span style=\"font-family:Calibri,sans-serif\"><strong><span style=\"font-size:13.5pt\"><span style=\"font-family:&quot;Times New Roman&quot;,serif\"><span style=\"color:teal\">6. Bản quyền</span></span></span></strong></span></span></p>\r\n\r\n<p style=\"margin-left:0cm; margin-right:0cm; text-align:justify\"><span style=\"color:#8e44ad\"><span style=\"font-size:11pt\"><span style=\"font-family:Calibri,sans-serif\"><span style=\"font-size:13.0pt\"><span style=\"font-family:&quot;Times New Roman&quot;,serif\">Bản quyền của c&aacute;c dự &aacute;n ho&agrave;n thiện sẽ thuộc về c&aacute;c th&iacute; sinh. Th&iacute; sinh phải tu&acirc;n theo c&aacute;c luật bản quyền v&agrave; kh&ocirc;ng vi phạm bản quyền của bất kỳ b&ecirc;n thứ ba n&agrave;o kh&aacute;c. Ch&uacute;ng t&ocirc;i kh&ocirc;ng chịu tr&aacute;ch nhiệm với bất kỳ h&igrave;nh thức vi phạm n&agrave;o của th&iacute; sinh.</span></span></span></span></span></p>\r\n\r\n<p style=\"margin-left:0cm; margin-right:0cm; text-align:justify\"><span style=\"font-size:11pt\"><span style=\"font-family:Calibri,sans-serif\"><strong><span style=\"font-size:18.0pt\"><span style=\"font-family:&quot;Times New Roman&quot;,serif\"><span style=\"color:darkorange\">III. Th&ocirc;ng tin phụ lục</span></span></span></strong></span></span></p>\r\n\r\n<ol start=\"5\" style=\"list-style-type:lower-roman\">\r\n	<li style=\"text-align:justify\"><strong><span style=\"color:#2980b9\"><span style=\"font-size:11pt\"><span style=\"font-family:Calibri,sans-serif\"><span style=\"font-size:13.0pt\"><span style=\"font-family:&quot;Times New Roman&quot;,serif\">Bộ dụng cụ cần thiết bao gồm:</span></span></span></span></span></strong>\r\n\r\n	<ul style=\"list-style-type:circle\">\r\n		<li style=\"text-align:justify\"><span style=\"color:#2980b9\"><span style=\"font-size:11pt\"><span style=\"font-family:Calibri,sans-serif\"><span style=\"font-size:13.0pt\"><span style=\"font-family:&quot;Times New Roman&quot;,serif\">01 Arduino Uno + d&acirc;y USB type B</span></span></span></span></span></li>\r\n		<li style=\"text-align:justify\"><span style=\"color:#2980b9\"><span style=\"font-size:11pt\"><span style=\"font-family:Calibri,sans-serif\"><span style=\"font-size:13.0pt\"><span style=\"font-family:&quot;Times New Roman&quot;,serif\">2 n&uacute;t bấm c&ocirc;ng nghiệp, 1 n&uacute;t bấm mạch loại to v&agrave; 1 n&uacute;t bấm mạch loại nhỏ.</span></span></span></span></span></li>\r\n		<li style=\"text-align:justify\"><span style=\"color:#2980b9\"><span style=\"font-size:11pt\"><span style=\"font-family:Calibri,sans-serif\"><span style=\"font-size:13.0pt\"><span style=\"font-family:&quot;Times New Roman&quot;,serif\">Mini breadboard</span></span></span></span></span></li>\r\n		<li style=\"text-align:justify\"><span style=\"color:#2980b9\"><span style=\"font-size:11pt\"><span style=\"font-family:Calibri,sans-serif\"><span style=\"font-size:13.0pt\"><span style=\"font-family:&quot;Times New Roman&quot;,serif\">25 sợi breadboard đực</span></span></span></span></span></li>\r\n		<li style=\"text-align:justify\"><span style=\"color:#2980b9\"><span style=\"font-size:11pt\"><span style=\"font-family:Calibri,sans-serif\"><span style=\"font-size:13.0pt\"><span style=\"font-family:&quot;Times New Roman&quot;,serif\">1 đoạn d&acirc;y cứng</span></span></span></span></span></li>\r\n		<li style=\"text-align:justify\"><span style=\"color:#2980b9\"><span style=\"font-size:11pt\"><span style=\"font-family:Calibri,sans-serif\"><span style=\"font-size:13.0pt\"><span style=\"font-family:&quot;Times New Roman&quot;,serif\">1 buzzer/module buzzer</span></span></span></span></span></li>\r\n		<li style=\"text-align:justify\"><span style=\"color:#2980b9\"><span style=\"font-size:11pt\"><span style=\"font-family:Calibri,sans-serif\"><span style=\"font-size:13.0pt\"><span style=\"font-family:&quot;Times New Roman&quot;,serif\">1 mạch khuyếch đại &acirc;m thanh</span></span></span></span></span></li>\r\n		<li style=\"text-align:justify\"><span style=\"color:#2980b9\"><span style=\"font-size:11pt\"><span style=\"font-family:Calibri,sans-serif\"><span style=\"font-size:13.0pt\"><span style=\"font-family:&quot;Times New Roman&quot;,serif\">1 cảm biến &aacute;nh s&aacute;ng</span></span></span></span></span></li>\r\n		<li style=\"text-align:justify\"><span style=\"color:#2980b9\"><span style=\"font-size:11pt\"><span style=\"font-family:Calibri,sans-serif\"><span style=\"font-size:13.0pt\"><span style=\"font-family:&quot;Times New Roman&quot;,serif\">1 cảm biến si&ecirc;u &acirc;m srf04</span></span></span></span></span></li>\r\n		<li style=\"text-align:justify\"><span style=\"color:#2980b9\"><span style=\"font-size:11pt\"><span style=\"font-family:Calibri,sans-serif\"><span style=\"font-size:13.0pt\"><span style=\"font-family:&quot;Times New Roman&quot;,serif\">1 cảm biến nhiệt độ LM35</span></span></span></span></span></li>\r\n		<li style=\"text-align:justify\"><span style=\"color:#2980b9\"><span style=\"font-size:11pt\"><span style=\"font-family:Calibri,sans-serif\"><span style=\"font-size:13.0pt\"><span style=\"font-family:&quot;Times New Roman&quot;,serif\">1 cảm biến rung</span></span></span></span></span></li>\r\n		<li style=\"text-align:justify\"><span style=\"color:#2980b9\"><span style=\"font-size:11pt\"><span style=\"font-family:Calibri,sans-serif\"><span style=\"font-size:13.0pt\"><span style=\"font-family:&quot;Times New Roman&quot;,serif\">1 HC595</span></span></span></span></span></li>\r\n		<li style=\"text-align:justify\"><span style=\"color:#2980b9\"><span style=\"font-size:11pt\"><span style=\"font-family:Calibri,sans-serif\"><span style=\"font-size:13.0pt\"><span style=\"font-family:&quot;Times New Roman&quot;,serif\">1 LCD 16x02</span></span></span></span></span></li>\r\n		<li style=\"text-align:justify\"><span style=\"color:#2980b9\"><span style=\"font-size:11pt\"><span style=\"font-family:Calibri,sans-serif\"><span style=\"font-size:13.0pt\"><span style=\"font-family:&quot;Times New Roman&quot;,serif\">15 led si&ecirc;u s&aacute;ng trắng, xanh dương v&agrave; đỏ</span></span></span></span></span></li>\r\n		<li style=\"text-align:justify\"><span style=\"color:#2980b9\"><span style=\"font-size:11pt\"><span style=\"font-family:Calibri,sans-serif\"><span style=\"font-size:13.0pt\"><span style=\"font-family:&quot;Times New Roman&quot;,serif\">15 led 3mm</span></span></span></span></span></li>\r\n		<li style=\"text-align:justify\"><span style=\"color:#2980b9\"><span style=\"font-size:11pt\"><span style=\"font-family:Calibri,sans-serif\"><span style=\"font-size:13.0pt\"><span style=\"font-family:&quot;Times New Roman&quot;,serif\">30 điện trở 560ohm.</span></span></span></span></span></li>\r\n		<li style=\"text-align:justify\"><span style=\"color:#2980b9\"><span style=\"font-size:11pt\"><span style=\"font-family:Calibri,sans-serif\"><span style=\"font-size:13.0pt\"><span style=\"font-family:&quot;Times New Roman&quot;,serif\">1 biến trở 10k</span></span></span></span></span></li>\r\n		<li style=\"text-align:justify\"><span style=\"color:#2980b9\"><span style=\"font-size:11pt\"><span style=\"font-family:Calibri,sans-serif\"><span style=\"font-size:13.0pt\"><span style=\"font-family:&quot;Times New Roman&quot;,serif\">1 module relay</span></span></span></span></span></li>\r\n	</ul>\r\n	</li>\r\n</ol>\r\n\r\n<p style=\"margin-left:0cm; margin-right:0cm; text-align:justify\"><span style=\"font-size:11pt\"><span style=\"font-family:Calibri,sans-serif\"><strong><span style=\"font-size:18.0pt\"><span style=\"font-family:&quot;Times New Roman&quot;,serif\"><span style=\"color:darkorange\">IV. Th&ocirc;ng tin li&ecirc;n lạc</span></span></span></strong></span></span></p>\r\n\r\n<p style=\"margin-left:0cm; margin-right:0cm; text-align:justify\"><span style=\"color:#8e44ad\"><span style=\"font-size:11pt\"><span style=\"font-family:Calibri,sans-serif\"><span style=\"font-size:13.0pt\"><span style=\"font-family:&quot;Times New Roman&quot;,serif\">Mọi thắc mắc về cuộc thi xin c&aacute;c bạn vui l&ograve;ng li&ecirc;n hệ địa chỉ mail: arduinocombokydieu@gmail.com</span></span></span></span></span></p>\r\n\r\n<p style=\"margin-left:0cm; margin-right:0cm\">&nbsp;</p>\r\n','/media/BACKGROUND.png','2019-04-28 18:03:11.583902','2019-04-28 18:04:37.347985','2019-04-29 00:00:00.000000','2019-09-09 00:00:00.000000',11,0,1,'',5,3),(2,'Cùng Alice bảo vệ môi trường','Cùng Alice bảo vệ môi trường là cuộc thi được nhằm mục đích tạo ra sân chơi vui vẻ, lành mạnh cho các bạn trẻ, các em học sinh có niềm đam mê to lớn với lập trình.','<p style=\"margin-left:0in; margin-right:0in\"><span style=\"font-size:18px\"><span style=\"font-family:Times New Roman,Times,serif\"><span style=\"color:#2980b9\"><u><strong>Giới thiệu:</strong></u></span> Như c&aacute;c bạn đ&atilde; biết, ng&agrave;y 5 th&aacute;ng 6 hằng năm được chọn l&agrave;m&nbsp;ng&agrave;y m&ocirc;i tường thế giới. V&igrave; vậy để hướng ứng ng&agrave;y n&agrave;y, ch&uacute;ng t&ocirc;i tổ chức cuộc thi C&ugrave;ng Alice bảo vệ m&ocirc;i trường.&nbsp;</span></span></p>\r\n\r\n<p style=\"margin-left:0in; margin-right:0in\"><span style=\"font-size:18px\"><span style=\"font-family:Times New Roman,Times,serif\"><span style=\"color:#27ae60\"><u><strong>Đề t&agrave;i:</strong></u></span> H&atilde;y tạo một <strong>C&Acirc;U CHUYỆN BẰNG ALICE</strong>, nội dung&nbsp;c&oacute; li&ecirc;n quan đến bảo vệ m&ocirc;i trường.</span></span></p>\r\n\r\n<p style=\"margin-left:0in; margin-right:0in\"><span style=\"font-size:18px\"><span style=\"font-family:Times New Roman,Times,serif\"><span style=\"color:#16a085\"><u><strong>C&aacute;ch thức đăng k&iacute;:</strong></u></span> C&aacute;c bạn đăng k&iacute; theo mẫu dưới đ&acirc;y (Hoặc truy cập v&agrave;o&nbsp;<a href=\"https://docs.google.com/forms/d/e/1FAIpQLSczNOF_vVjj-lMgW_0gcKwh-xaF0L7FGP26MR3XnzAEuBSqaQ/viewform?usp=sf_link\">Link</a>)</span></span></p>\r\n\r\n<p style=\"margin-left:0in; margin-right:0in\"><span style=\"font-size:18px\"><span style=\"font-family:Times New Roman,Times,serif\"><iframe frameborder=\"0\" height=\"1439\" src=\"https://docs.google.com/forms/d/e/1FAIpQLSczNOF_vVjj-lMgW_0gcKwh-xaF0L7FGP26MR3XnzAEuBSqaQ/viewform?embedded=true\" style=\"width:100%; height:500px\" width=\"640\">Đang tải...</iframe></span></span></p>\r\n\r\n<p style=\"margin-left:0in; margin-right:0in\"><span style=\"font-size:18px\"><span style=\"font-family:Times New Roman,Times,serif\"><span style=\"color:#8e44ad\"><u><strong>C&aacute;ch chấm điểm:</strong></u></span> B&agrave;i dự thi c&oacute; số lượt th&iacute;ch nhiều nhất sẽ chiến thắng.</span></span></p>\r\n\r\n<p style=\"margin-left:0in; margin-right:0in\"><span style=\"font-size:18px\"><span style=\"font-family:Times New Roman,Times,serif\"><u><strong><span style=\"color:#e74c3c\">Giải thưởng:</span></strong></u><br />\r\n&nbsp; &nbsp; &nbsp;Giải nhất: Thẻ điện thoại Viettel 500.000<br />\r\n&nbsp; &nbsp; &nbsp;Giải nh&igrave;: Thẻ điện thoại Viettel 200.000<br />\r\n&nbsp; &nbsp; &nbsp;Giải ba: Thẻ điện thoại Viettel 100.000<br />\r\n&nbsp; &nbsp; &nbsp;3 giải khuyến kh&iacute;ch: Thẻ điện thoại Viettel 50.000<br />\r\n&nbsp; <span style=\"color:#e74c3c\"><u><em>C&aacute;ch thức trao giải:</em></u></span> Gửi Số seri, M&atilde; thẻ điện thoại qua Gmail</span></span></p>\r\n','/media/BackgroundAlice.jpg','2019-05-02 20:40:42.757787','2019-05-09 12:04:42.801131','2019-05-10 00:00:00.000000','2019-06-05 00:00:00.000000',13,0,0,'',6,2),(3,'Mùa hè cùng Alice','Mùa hẻ cùng Alice là cuộc thi được nhằm mục đích tạo ra sân chơi vui vẻ, lành mạnh cho các bạn trẻ, các em học sinh có niềm đam mê to lớn với lập trình.','<p><span style=\"font-size:18px\"><span style=\"font-family:Times New Roman,Times,serif\"><span style=\"color:#2980b9\"><u><strong>Giới thiệu:</strong></u></span> M&ugrave;a h&egrave; đến rồi, c&aacute;c em c&oacute; dự định g&igrave; chưa? Nếu chưa c&oacute; dự định g&igrave; cho m&ugrave;a h&egrave;, sao c&aacute;c em kh&ocirc;ng tham gia cuộc thi M&ugrave;a h&egrave; c&ugrave;ng Alice. Ở cuộc thi n&agrave;y c&aacute;c em c&oacute; thể thỏa sức s&aacute;ng tạo ra những tr&ograve; chơi, những c&acirc;u chuyện của ri&ecirc;ng m&igrave;nh v&agrave; chia sẻ những c&acirc;u chuyện, tr&ograve; chơi đến với mọi người&nbsp;mọi người.</span></span></p>\r\n\r\n<p><span style=\"font-size:18px\"><span style=\"font-family:Times New Roman,Times,serif\"><span style=\"color:#27ae60\"><u><strong>Đề t&agrave;i:</strong></u></span> Kh&ocirc;ng giới hạn nội dung</span></span></p>\r\n\r\n<p><span style=\"font-size:18px\"><span style=\"font-family:Times New Roman,Times,serif\"><span style=\"color:#16a085\"><u><strong>C&aacute;ch thức đăng k&iacute;:</strong></u></span> C&aacute;c em đăng k&iacute; theo mẫu dưới đ&acirc;y (Hoặc truy cập v&agrave;o&nbsp;<a href=\"https://docs.google.com/forms/d/e/1FAIpQLSfL_RBBRIJxgr95n7w4P0kNqa5ua_SxxLhRVmakrxDBZdjydg/viewform?usp=sf_link\">Link</a>)</span></span></p>\r\n\r\n<p><span style=\"font-family:Times New Roman,Times,serif\"><iframe style=\"width:100%;height:500px\" frameborder=\"0\" height=\"1641\" src=\"https://docs.google.com/forms/d/e/1FAIpQLSfL_RBBRIJxgr95n7w4P0kNqa5ua_SxxLhRVmakrxDBZdjydg/viewform?embedded=true\" width=\"640\">Đang tải...</iframe></span></p>\r\n\r\n<p><span style=\"font-size:18px\"><span style=\"font-family:Times New Roman,Times,serif\"><span style=\"color:#8e44ad\"><u><strong>C&aacute;ch chấm điểm:</strong></u></span>&nbsp;B&agrave;i dự thi c&oacute; số lượt th&iacute;ch nhiều nhất sẽ chiến thắng.</span></span></p>\r\n\r\n<p><span style=\"font-size:18px\"><span style=\"font-family:Times New Roman,Times,serif\"><u><strong><span style=\"color:#e74c3c\">Giải thưởng</span>:</strong></u><br />\r\n&nbsp; &nbsp; &nbsp;Giải nhất: Thẻ điện thoại Viettel 500.000<br />\r\n&nbsp; &nbsp; &nbsp;Giải nh&igrave;: Thẻ điện thoại Viettel 200.000<br />\r\n&nbsp; &nbsp; &nbsp;Giải ba: Thẻ điện thoại Viettel 100.000<br />\r\n&nbsp; &nbsp; &nbsp;3 giải khuyến kh&iacute;ch: Thẻ điện thoại Viettel 50.000<br />\r\n&nbsp;&nbsp;<span style=\"color:#e74c3c\"><u><em>C&aacute;ch thức trao giải:</em></u></span>&nbsp;Gửi Số seri, M&atilde; thẻ điện thoại qua Gmail</span></span></p>\r\n','/media/Alice.in_.Wonderland.full_.1451133-901x605.jpg','2019-05-02 21:01:01.975018','2019-05-09 11:59:01.432661','2019-06-15 00:00:00.000000','2019-08-31 00:00:00.000000',13,0,0,'',6,2),(4,'TYNKER - LẬP TRÌNH TÍ HON','TYNKER - LẬP TRÌNH TÍ HON là cuộc thi được khởi động nhằm mục đích tạo ra sân chơi vui vẻ, lành mạnh cho các bạn trẻ, các em học sinh có niềm đam mê to lớn với lập trình game.','<p style=\"text-align:justify\"><span style=\"color:#e74c3c\"><span style=\"font-size:20px\"><span style=\"font-family:Times New Roman,Times,serif\"><strong>I. Giới thiệu</strong></span></span></span></p>\r\n\r\n<p style=\"text-align:justify\"><span style=\"color:#d35400\"><span style=\"font-size:20px\"><span style=\"font-family:Times New Roman,Times,serif\"><strong>TYNKER - LẬP TR&Igrave;NH T&Iacute; HON </strong>l&agrave; cuộc thi được khởi động nhằm mục&nbsp;đ&iacute;ch tạo ra s&acirc;n chơi vui vẻ, l&agrave;nh mạnh cho c&aacute;c bạn trẻ, c&aacute;c em học sinh c&oacute; niềm đam m&ecirc; to lớn với lập&nbsp;tr&igrave;nh. Thay v&igrave; tiếp cận với c&aacute;c ng&ocirc;n ngữ lập tr&igrave;nh phức tạp, c&aacute;c em sử dụng Tynker,&nbsp;<strong>một ng&ocirc;n ngữ lập tr&igrave;nh trực quan, học m&agrave; chơi, chơi m&agrave; học</strong>.&nbsp;Tham gia cuộc thi n&agrave;y, c&aacute;c bạn sẽ được giao lưu v&agrave; học hỏi kinh nghiệm từ nhiều bạn đến từ khắp mọi nơi tr&ecirc;n đất nước, những bạn c&oacute; c&ugrave;ng sở th&iacute;ch v&agrave; niềm đam m&ecirc;.</span></span></span></p>\r\n\r\n<p style=\"text-align:justify\"><span style=\"color:#d35400\"><span style=\"font-size:20px\"><span style=\"font-family:Times New Roman,Times,serif\">VS-Pro &ndash; với sứ mệnh l&agrave; đơn vị ti&ecirc;n phong gi&uacute;p h&agrave;ng triệu trẻ em Việt Nam ph&aacute;t triển tư duy to&agrave;n diện, năng động s&aacute;ng tạo, chủ động hơn trong cuộc sống, bắt kịp xu hướng thế giới !! VS-Pro tin rằng sẽ c&oacute; thật nhiều cuộc thi&nbsp;như thế &ndash; Tr&agrave;n ngập tiếng cười, say m&ecirc; v&agrave; nhiệt huyết !!!</span></span></span></p>\r\n\r\n<p style=\"text-align:center\"><span style=\"color:#d35400\"><span style=\"font-size:20px\"><span style=\"font-family:Times New Roman,Times,serif\"><img alt=\"\" src=\"/media/2019/05/02/picture23.png\" style=\"height:307px; width:600px\" /></span></span></span></p>\r\n\r\n<p style=\"text-align:justify\"><span style=\"color:#e74c3c\"><span style=\"font-size:20px\"><span style=\"font-family:Times New Roman,Times,serif\"><strong>II. Thể lệ cuộc thi</strong></span></span></span></p>\r\n\r\n<p style=\"text-align:justify\"><span style=\"color:#16a085\"><span style=\"font-size:20px\"><span style=\"font-family:Times New Roman,Times,serif\"><strong>1. Mục đ&iacute;ch của cuộc thi</strong></span></span></span></p>\r\n\r\n<p style=\"text-align:justify\"><span style=\"font-family:Times New Roman,Times,serif\"><span style=\"font-size:20px\"><span style=\"color:#d35400\">Mang lại niềm y&ecirc;u th&iacute;ch l&agrave;nh mạnh đối với c&aacute;c hoạt động học tập v&agrave; giải tr&iacute; tr&ecirc;n một chiếc m&aacute;y t&iacute;nh. C&aacute;c em học được những nguy&ecirc;n l&yacute; cơ bản của việc thiết kế, học được c&aacute;ch thử nghiệm &yacute; tưởng mới,&nbsp;r&egrave;n luyện tư duy s&aacute;ng tạo với c&aacute;c sản phẩm tự tạo l&agrave; c&aacute;c đoạn phim ngắn hay tr&ograve; chơi vui nhộn tr&ecirc;n m&aacute;y t&iacute;nh. C&aacute;c em được c&aacute;ch hợp t&aacute;c với c&aacute;c bạn kh&aacute;c để thực hiện dự &aacute;n, học được c&aacute;ch t&igrave;m v&agrave; sửa lỗi khi kết quả kh&ocirc;ng được như &yacute;, tập được t&iacute;nh ki&ecirc;n tr&igrave; khi đối mặt với kh&oacute; khăn.</span></span></span></p>\r\n\r\n<p style=\"text-align:justify\"><span style=\"color:#16a085\"><span style=\"font-size:20px\"><span style=\"font-family:Times New Roman,Times,serif\"><strong>2. Đối tượng của cuộc thi</strong></span></span></span></p>\r\n\r\n<p style=\"text-align:justify\"><span style=\"color:#d35400\"><span style=\"font-size:20px\"><span style=\"font-family:Times New Roman,Times,serif\">C&aacute;c bạn học sinh Tiểu học c&oacute; đam m&ecirc; với lập tr&igrave;nh game, v&agrave; muốn tự tay tạo ra c&aacute;c game m&agrave; m&igrave;nh mong muốn v&agrave; y&ecirc;u th&iacute;ch. C&oacute; thể dự thi theo nh&oacute;m tối đa 02 bạn. C&oacute; thể c&oacute; c&aacute;c anh chị hoặc người đi trước hướng dẫn.</span></span></span></p>\r\n\r\n<p style=\"text-align:justify\"><span style=\"color:#d35400\"><span style=\"font-size:20px\"><span style=\"font-family:Times New Roman,Times,serif\"><strong>Khuyến kh&iacute;ch c&aacute;c anh, c&aacute;c chị đi trước c&oacute; kinh nghiệm về Tynker hỗ trợ cho em của m&igrave;nh ho&agrave;n thiện dự &aacute;n.</strong></span></span></span></p>\r\n\r\n<p style=\"text-align:justify\"><span style=\"color:#16a085\"><span style=\"font-size:20px\"><span style=\"font-family:Times New Roman,Times,serif\"><strong>3. Nội dung, ti&ecirc;u ch&iacute; đ&aacute;nh gi&aacute; v&agrave; h&igrave;nh thức dự thi</strong></span></span></span></p>\r\n\r\n<p style=\"text-align:justify\"><strong><span style=\"color:#d35400\"><span style=\"font-size:20px\"><span style=\"font-family:Times New Roman,Times,serif\">- Nội dung</span></span></span></strong></p>\r\n\r\n<p style=\"text-align:justify\"><em><strong><span style=\"color:#d35400\"><span style=\"font-size:20px\"><span style=\"font-family:Times New Roman,Times,serif\">Viết chương tr&igrave;nh m&ocirc; tả chiếc xe &ocirc; t&ocirc; chuyển động tr&ecirc;n m&agrave;n h&igrave;nh, từ tr&aacute;i sang phải. Nếu gặp cạnh phải th&igrave; xuất hiện lại từ b&ecirc;n tr&aacute;i v&agrave; tiếp tục chạy</span></span></span></strong></em></p>\r\n\r\n<p style=\"text-align:center\"><img alt=\"\" src=\"/media/2019/05/02/picture17.png\" style=\"height:338px; width:600px\" /></p>\r\n\r\n<p style=\"text-align:justify\"><span style=\"color:#d35400\"><span style=\"font-size:20px\"><span style=\"font-family:Times New Roman,Times,serif\"><strong>- Ghi ch&uacute;: </strong>Đ&acirc;y l&agrave; b&agrave;i to&aacute;n đơn giản tuy nhi&ecirc;n c&oacute; thể ph&aacute;t triển b&agrave;i to&aacute;n theo c&aacute;c mức độ kh&aacute;c nhau như sau:</span></span></span></p>\r\n\r\n<p style=\"text-align:justify\"><span style=\"color:#d35400\"><span style=\"font-size:20px\"><span style=\"font-family:Times New Roman,Times,serif\"><strong><em>+ Mức độ 1:</em></strong> Chỉ y&ecirc;u cầu chiếc &ocirc; t&ocirc; di chuyển (kh&ocirc;ng lăn b&aacute;nh)</span></span></span></p>\r\n\r\n<p style=\"text-align:justify\"><span style=\"color:#d35400\"><span style=\"font-size:20px\"><span style=\"font-family:Times New Roman,Times,serif\"><strong><em>+ Mức độ 2: </em></strong>Y&ecirc;u cầu chiếc &ocirc; t&ocirc; di chuyển c&oacute; lăn b&aacute;nh nhưng th&acirc;n xe đứng y&ecirc;n</span></span></span></p>\r\n\r\n<p style=\"text-align:justify\"><span style=\"color:#d35400\"><span style=\"font-size:20px\"><span style=\"font-family:Times New Roman,Times,serif\"><strong><em>+ Mức độ 3: </em></strong>Tr&ecirc;n đường đi, đường kh&ocirc;ng &ecirc;m v&igrave; vậy xe di chuyển cả b&aacute;nh v&agrave; th&acirc;n xe c&oacute; độ x&oacute;c</span></span></span></p>\r\n\r\n<p style=\"text-align:justify\"><strong><span style=\"color:#d35400\"><span style=\"font-size:20px\"><span style=\"font-family:Times New Roman,Times,serif\">- Ti&ecirc;u ch&iacute; đ&aacute;nh gi&aacute;&nbsp;</span></span></span></strong></p>\r\n\r\n<p style=\"text-align:justify\"><em><span style=\"color:#d35400\"><strong><span style=\"font-size:20px\"><span style=\"font-family:Times New Roman,Times,serif\">+ C&aacute;c th&agrave;nh vi&ecirc;n trong Ban Tổ Chức của Cộng đồng (50% điểm)</span></span></strong></span></em></p>\r\n\r\n<ul>\r\n	<li style=\"text-align:justify\"><span style=\"color:#d35400\"><span style=\"font-size:20px\"><span style=\"font-family:Times New Roman,Times,serif\">Vận dụng kiến thức lập tr&igrave;nh về ng&ocirc;n ngữ lập tr&igrave;nh Tynker</span></span></span></li>\r\n	<li style=\"text-align:justify\"><span style=\"color:#d35400\"><span style=\"font-size:20px\"><span style=\"font-family:Times New Roman,Times,serif\">Những &yacute; tưởng g&igrave; l&uacute;c đăng k&yacute; dự thi, v&agrave; bạn đ&atilde; l&agrave;m được bao nhi&ecirc;u phần trăm của dự &aacute;n.</span></span></span></li>\r\n	<li style=\"text-align:justify\"><span style=\"color:#d35400\"><span style=\"font-size:20px\"><span style=\"font-family:Times New Roman,Times,serif\">T&iacute;nh thực tiễn</span></span></span></li>\r\n	<li style=\"text-align:justify\"><span style=\"color:#d35400\"><span style=\"font-size:20px\"><span style=\"font-family:Times New Roman,Times,serif\">T&iacute;nh mới</span></span></span></li>\r\n</ul>\r\n\r\n<p style=\"text-align:justify\"><span style=\"color:#d35400\"><strong><em><span style=\"font-size:20px\"><span style=\"font-family:Times New Roman,Times,serif\">+ Đ&aacute;nh gi&aacute; từ Cộng đồng, c&ocirc;ng thức t&iacute;nh điểm (50% điểm)</span></span></em></strong></span></p>\r\n\r\n<ul>\r\n	<li style=\"text-align:justify\"><span style=\"color:#d35400\"><span style=\"font-size:20px\"><span style=\"font-family:Times New Roman,Times,serif\">Tổng số điểm like của b&agrave;i viết giới thiệu về dự &aacute;n v&agrave; c&aacute;ch l&agrave;m dự &aacute;n của c&aacute;c bạn / tổng số điểm like của to&agrave;n bộ b&agrave;i viết của to&agrave;n bộ c&aacute;c nh&oacute;m tham dự.</span></span></span></li>\r\n</ul>\r\n\r\n<p style=\"text-align:justify\"><strong><span style=\"color:#d35400\"><span style=\"font-size:20px\"><span style=\"font-family:Times New Roman,Times,serif\">- H&igrave;nh thức dự thi</span></span></span></strong></p>\r\n\r\n<p style=\"text-align:justify\"><span style=\"color:#d35400\"><span style=\"font-size:20px\"><span style=\"font-family:Times New Roman,Times,serif\">Cuộc thi được tổ chức th&agrave;nh&nbsp;<strong>01 v&ograve;ng</strong>&nbsp;v&agrave; theo thể thức như sau:</span></span></span></p>\r\n\r\n<ul>\r\n	<li style=\"text-align:justify\"><span style=\"color:#d35400\"><span style=\"font-size:20px\"><span style=\"font-family:Times New Roman,Times,serif\"><strong><em>Th&ocirc;ng tin - &yacute; tưởng</em></strong><em>:&nbsp;</em>c&aacute;c đội sẽ đăng k&yacute; &yacute; tưởng v&agrave;o form do BTC cung cấp</span></span></span></li>\r\n	<li style=\"text-align:justify\"><span style=\"color:#d35400\"><span style=\"font-size:20px\"><span style=\"font-family:Times New Roman,Times,serif\"><strong><em>V&ograve;ng chung khảo</em></strong><em>:</em>&nbsp;&nbsp;C&aacute;c đội sẽ thực hiện dự &aacute;n v&agrave; nộp lại dự &aacute;n cho BTC. Sau đ&oacute;, BTC sẽ c&ocirc;ng bố dự &aacute;n của c&aacute;c bạn tại trang chủ! Sau đ&oacute;, dựa v&agrave;o c&aacute;ch t&iacute;nh điểm n&ecirc;u tr&ecirc;n, ch&uacute;ng ta sẽ lựa ra 3 nh&oacute;m c&oacute; điểm số cao nhất từ đ&oacute; trao giải thưởng.</span></span></span></li>\r\n</ul>\r\n\r\n<p style=\"text-align:justify\"><span style=\"color:#16a085\"><span style=\"font-size:20px\"><span style=\"font-family:Times New Roman,Times,serif\"><strong>4. Đăng k&yacute; dự thi v&agrave; c&aacute;c mốc thời gian</strong></span></span></span></p>\r\n\r\n<p style=\"text-align:justify\"><span style=\"font-size:20px\"><span style=\"font-family:Times New Roman,Times,serif\"><span style=\"color:#d35400\">- Đăng k&yacute; dự thi tại&nbsp;</span><strong><a href=\"https://forms.gle/jhX527zVbZy4smcy9\"><span style=\"color:#2980b9\">Đ&Acirc;Y</span></a><span style=\"color:#2980b9\">&nbsp;</span></strong><span style=\"color:#d35400\">Form sẽ c&oacute; hiệu lực từ ng&agrave;y h&ocirc;m nay<strong>&nbsp;02/05/2019</strong>&nbsp;đến hết ng&agrave;y <strong>05/07/2019</strong>.&nbsp;<strong>C&aacute;c bạn nhớ lưu giữ lại địa chỉ để chỉnh sửa c&acirc;u trả lời</strong></span></span></span></p>\r\n\r\n<p style=\"text-align:justify\"><span style=\"color:#d35400\"><span style=\"font-size:20px\"><span style=\"font-family:Times New Roman,Times,serif\">- BTC&nbsp;sẽ gửi mail th&ocirc;ng b&aacute;o kết quả cho từng bạn v&agrave; c&ocirc;ng bố kết quả ch&iacute;nh thức tr&ecirc;n trang chủ trước ng&agrave;y&nbsp;<strong>09/09/2019</strong>.&nbsp;<strong>Kết th&uacute;c cuộc thi</strong></span></span></span></p>\r\n\r\n<p style=\"text-align:justify\"><span style=\"color:#d35400\"><span style=\"font-size:20px\"><span style=\"font-family:Times New Roman,Times,serif\"><strong>Lưu &yacute;</strong>: điểm của BGK chỉ chiếm 50%, 50% c&ograve;n lại ph&ugrave; thuộc v&agrave;o việc bạn chia sẻ b&agrave;i viết v&agrave; số lượng y&ecirc;u th&iacute;ch của mọi người.</span></span></span></p>\r\n\r\n<p style=\"text-align:justify\"><span style=\"color:#16a085\"><span style=\"font-size:20px\"><span style=\"font-family:Times New Roman,Times,serif\"><strong>5. Giải thưởng</strong></span></span></span></p>\r\n\r\n<ul>\r\n	<li style=\"text-align:justify\"><strong><span style=\"color:#f39c12\"><span style=\"font-size:20px\"><span style=\"font-family:Times New Roman,Times,serif\">01 giải nhất: trị gi&aacute;&nbsp;150.000 đồng</span></span></span></strong></li>\r\n	<li style=\"text-align:justify\"><strong><span style=\"color:#8e44ad\"><span style=\"font-size:20px\"><span style=\"font-family:Times New Roman,Times,serif\">01 giải nh&igrave;: trị gi&aacute; 100.000 đồng</span></span></span></strong></li>\r\n	<li style=\"text-align:justify\"><span style=\"color:#27ae60\"><strong><span style=\"font-size:20px\"><span style=\"font-family:Times New Roman,Times,serif\">01 giải ba: trị gi&aacute; 50.000 đồng</span></span></strong></span></li>\r\n</ul>\r\n\r\n<p style=\"text-align:justify\"><span style=\"color:#d35400\"><span style=\"font-size:20px\"><span style=\"font-family:Times New Roman,Times,serif\"><strong><em>Tiền thưởng sẽ được chuyển qua t&agrave;i khoản ng&acirc;n h&agrave;ng sau khi c&oacute; kết quả cho c&aacute;c nh&oacute;m.</em></strong></span></span></span></p>\r\n\r\n<p style=\"text-align:justify\"><span style=\"color:#e74c3c\"><span style=\"font-size:20px\"><span style=\"font-family:Times New Roman,Times,serif\"><strong>6. Bản quyền</strong></span></span></span></p>\r\n\r\n<p style=\"text-align:justify\"><span style=\"color:#d35400\"><span style=\"font-size:20px\"><span style=\"font-family:Times New Roman,Times,serif\">Bản quyền của c&aacute;c dự &aacute;n ho&agrave;n thiện sẽ thuộc về c&aacute;c th&iacute; sinh. Th&iacute; sinh phải tu&acirc;n theo c&aacute;c luật bản quyền v&agrave; kh&ocirc;ng vi phạm bản quyền của bất kỳ b&ecirc;n thứ ba n&agrave;o kh&aacute;c. Ch&uacute;ng t&ocirc;i kh&ocirc;ng chịu tr&aacute;ch nhiệm với bất kỳ h&igrave;nh thức vi phạm n&agrave;o của th&iacute; sinh.</span></span></span></p>\r\n','/media/Picture23.png','2019-05-02 22:02:54.489402','2019-05-06 18:03:34.795198','2019-05-07 00:00:00.000000','2019-05-12 00:00:00.000000',11,0,0,'',7,1),(5,'SIÊU LẬP TRÌNH NHÍ SCRATCH','SIÊU LẬP TRÌNH NHÍ SCRATCH là cuộc thi được khởi động nhằm mục đích tạo ra sân chơi vui vẻ, lành mạnh cho các bạn trẻ, các em học sinh có niềm đam mê to lớn với lập trình game.','<p style=\"text-align:justify\"><span style=\"color:#e74c3c\"><span style=\"font-size:20px\"><span style=\"font-family:Times New Roman,Times,serif\"><strong>I. Giới thiệu</strong></span></span></span></p>\r\n\r\n<p style=\"text-align:justify\"><span style=\"color:#d35400\"><span style=\"font-size:20px\"><span style=\"font-family:Times New Roman,Times,serif\"><strong>SI&Ecirc;U LẬP TR&Igrave;NH NH&Iacute; SCRATCH&nbsp;</strong>l&agrave; cuộc thi được khởi động nhằm mục&nbsp;đ&iacute;ch tạo ra s&acirc;n chơi vui vẻ, l&agrave;nh mạnh cho c&aacute;c bạn trẻ, c&aacute;c em học sinh c&oacute; niềm đam m&ecirc; to lớn với lập&nbsp;tr&igrave;nh. Thay v&igrave; tiếp cận với c&aacute;c ng&ocirc;n ngữ lập tr&igrave;nh phức tạp, c&aacute;c em sử dụng Scratch,&nbsp;<strong>một ng&ocirc;n ngữ lập tr&igrave;nh trực quan, học m&agrave; chơi, chơi m&agrave; học</strong>.&nbsp;Tham gia cuộc thi n&agrave;y, c&aacute;c bạn sẽ được giao lưu v&agrave; học hỏi kinh nghiệm từ nhiều bạn đến từ khắp mọi nơi tr&ecirc;n đất nước, những bạn c&oacute; c&ugrave;ng sở th&iacute;ch v&agrave; niềm đam m&ecirc;.</span></span></span></p>\r\n\r\n<p style=\"text-align:justify\"><span style=\"color:#d35400\"><span style=\"font-size:20px\"><span style=\"font-family:Times New Roman,Times,serif\">VS-Pro &ndash; với sứ mệnh l&agrave; đơn vị ti&ecirc;n phong gi&uacute;p h&agrave;ng triệu trẻ em Việt Nam ph&aacute;t triển tư duy to&agrave;n diện, năng động s&aacute;ng tạo, chủ động hơn trong cuộc sống, bắt kịp xu hướng thế giới !! VS-Pro tin rằng sẽ c&oacute; thật nhiều cuộc thi&nbsp;như thế &ndash; Tr&agrave;n ngập tiếng cười, say m&ecirc; v&agrave; nhiệt huyết !!!</span></span></span></p>\r\n\r\n<p style=\"text-align:center\"><span style=\"color:#d35400\"><span style=\"font-size:20px\"><span style=\"font-family:Times New Roman,Times,serif\"><img alt=\"\" src=\"/media/2019/05/02/picture50.png\" style=\"height:315px; width:600px\" /></span></span></span></p>\r\n\r\n<p style=\"text-align:justify\"><span style=\"color:#e74c3c\"><span style=\"font-size:20px\"><span style=\"font-family:Times New Roman,Times,serif\"><strong>II. Thể lệ cuộc thi</strong></span></span></span></p>\r\n\r\n<p style=\"text-align:justify\"><span style=\"color:#16a085\"><span style=\"font-size:20px\"><span style=\"font-family:Times New Roman,Times,serif\"><strong>1. Mục đ&iacute;ch của cuộc thi</strong></span></span></span></p>\r\n\r\n<p style=\"text-align:justify\"><span style=\"color:#d35400\"><span style=\"font-size:20px\"><span style=\"font-family:Times New Roman,Times,serif\">Mang lại niềm y&ecirc;u th&iacute;ch l&agrave;nh mạnh đối với c&aacute;c hoạt động học tập v&agrave; giải tr&iacute; tr&ecirc;n một chiếc m&aacute;y t&iacute;nh. C&aacute;c em học được những nguy&ecirc;n l&yacute; cơ bản của việc thiết kế, học được c&aacute;ch thử nghiệm &yacute; tưởng mới,&nbsp;r&egrave;n luyện tư duy s&aacute;ng tạo với c&aacute;c sản phẩm tự tạo l&agrave; c&aacute;c đoạn phim ngắn hay tr&ograve; chơi vui nhộn tr&ecirc;n m&aacute;y t&iacute;nh. C&aacute;c em được c&aacute;ch hợp t&aacute;c với c&aacute;c bạn kh&aacute;c để thực hiện dự &aacute;n, học được c&aacute;ch t&igrave;m v&agrave; sửa lỗi khi kết quả kh&ocirc;ng được như &yacute;, tập được t&iacute;nh ki&ecirc;n tr&igrave; khi đối mặt với kh&oacute; khăn.</span></span></span></p>\r\n\r\n<p style=\"text-align:justify\"><span style=\"color:#16a085\"><span style=\"font-size:20px\"><span style=\"font-family:Times New Roman,Times,serif\"><strong>2. Đối tượng của cuộc thi</strong></span></span></span></p>\r\n\r\n<p style=\"text-align:justify\"><span style=\"color:#d35400\"><span style=\"font-size:20px\"><span style=\"font-family:Times New Roman,Times,serif\">C&aacute;c bạn học sinh Tiểu học c&oacute; đam m&ecirc; với lập tr&igrave;nh game, v&agrave; muốn tự tay tạo ra c&aacute;c game m&agrave; m&igrave;nh mong muốn v&agrave; y&ecirc;u th&iacute;ch. C&oacute; thể dự thi theo nh&oacute;m tối đa 02 bạn. C&oacute; thể c&oacute; c&aacute;c anh chị hoặc người đi trước hướng dẫn.</span></span></span></p>\r\n\r\n<p style=\"text-align:justify\"><span style=\"color:#d35400\"><span style=\"font-size:20px\"><span style=\"font-family:Times New Roman,Times,serif\"><strong>Khuyến kh&iacute;ch c&aacute;c anh, c&aacute;c chị đi trước c&oacute; kinh nghiệm về Scratch hỗ trợ cho em của m&igrave;nh ho&agrave;n thiện dự &aacute;n.</strong></span></span></span></p>\r\n\r\n<p style=\"text-align:justify\"><span style=\"color:#16a085\"><span style=\"font-size:20px\"><span style=\"font-family:Times New Roman,Times,serif\"><strong>3. Nội dung, ti&ecirc;u ch&iacute; đ&aacute;nh gi&aacute; v&agrave; h&igrave;nh thức dự thi</strong></span></span></span></p>\r\n\r\n<p style=\"text-align:justify\"><span style=\"color:#d35400\"><span style=\"font-size:20px\"><span style=\"font-family:Times New Roman,Times,serif\"><strong>- Nội dung</strong></span></span></span></p>\r\n\r\n<p style=\"text-align:justify\"><em><span style=\"color:#d35400\"><span style=\"font-size:20px\"><span style=\"font-family:Times New Roman,Times,serif\"><strong>Viết chương tr&igrave;nh Scratch m&ocirc; tả đ&aacute;nh b&oacute;ng kiểu tr&ograve; chơi Bi-a như sau:</strong></span></span></span></em></p>\r\n\r\n<p style=\"text-align:center\"><img alt=\"\" src=\"/media/2019/05/02/capture.PNG\" style=\"height:355px; width:484px\" /></p>\r\n\r\n<p style=\"text-align:justify\"><span style=\"color:#d35400\"><span style=\"font-size:20px\"><span style=\"font-family:Times New Roman,Times,serif\">M&agrave;n h&igrave;nh ban đầu của chương tr&igrave;nh như h&igrave;nh b&ecirc;n. Nh&acirc;n vật ch&iacute;nh của chương tr&igrave;nh l&agrave; quả b&oacute;ng. Tr&ecirc;n m&agrave;n h&igrave;nh thể hiện 1 h&igrave;nh chữ nhật m&agrave;u đỏ</span></span></span></p>\r\n\r\n<p style=\"text-align:justify\"><span style=\"color:#d35400\"><span style=\"font-size:20px\"><span style=\"font-family:Times New Roman,Times,serif\">Khi nh&aacute;y chuột quả b&oacute;ng bắt đầu chuyển động với vận tốc trung b&igrave;nh. Khi gặp cạnh h&igrave;nh chữ nhật b&oacute;ng sẽ bật lại theo hướng đ&uacute;ng nguy&ecirc;n tắc của tr&ograve; chơi bi-a.</span></span></span></p>\r\n\r\n<p style=\"text-align:center\"><img alt=\"\" src=\"/media/2019/05/02/capture1.PNG\" style=\"height:363px; width:508px\" /></p>\r\n\r\n<p style=\"text-align:justify\"><span style=\"color:#d35400\"><span style=\"font-size:20px\"><span style=\"font-family:Times New Roman,Times,serif\">Bất cứ l&uacute;c n&agrave;o c&aacute;c em nh&aacute;y chuột sẽ l&agrave;m đổi hướng b&oacute;ng: b&oacute;ng sẽ chuyển động về hướng con trỏ chuột. Khi gặp cạnh sẽ c&oacute; 1 tiếng k&ecirc;u nhỏ ph&aacute;t ra.&nbsp;</span></span></span></p>\r\n\r\n<p style=\"text-align:justify\"><span style=\"color:#d35400\"><span style=\"font-size:20px\"><span style=\"font-family:Times New Roman,Times,serif\">C&aacute;c em h&atilde;y viết chương tr&igrave;nh m&ocirc; tả y&ecirc;u cầu tr&ecirc;n.&nbsp;</span></span></span></p>\r\n\r\n<p style=\"text-align:justify\"><span style=\"color:#d35400\"><span style=\"font-size:20px\"><span style=\"font-family:Times New Roman,Times,serif\">Ch&uacute; &yacute;: Khung h&igrave;nh chữ nhật đỏ c&oacute; thể l&agrave; h&igrave;nh ảnh nền s&acirc;n khấu, c&oacute; thể l&agrave; 1 nh&acirc;n vật Scratch, c&oacute; thể l&agrave; h&igrave;nh vẽ do ch&iacute;nh quả b&oacute;ng vẽ ra khi chạy chương tr&igrave;nh.</span></span></span></p>\r\n\r\n<p style=\"text-align:justify\"><span style=\"color:#d35400\"><span style=\"font-size:20px\"><span style=\"font-family:Times New Roman,Times,serif\"><strong>- Ti&ecirc;u ch&iacute; đ&aacute;nh gi&aacute;&nbsp;</strong></span></span></span></p>\r\n\r\n<p style=\"text-align:justify\"><span style=\"color:#d35400\"><span style=\"font-size:20px\"><span style=\"font-family:Times New Roman,Times,serif\"><em><strong>+ C&aacute;c th&agrave;nh vi&ecirc;n trong Ban Tổ Chức của Cộng đồng (50% điểm)</strong></em></span></span></span></p>\r\n\r\n<ul>\r\n	<li style=\"text-align: justify;\"><span style=\"color:#d35400\"><span style=\"font-size:20px\"><span style=\"font-family:Times New Roman,Times,serif\">Vận dụng kiến thức lập tr&igrave;nh về ng&ocirc;n ngữ lập tr&igrave;nh Tynker</span></span></span></li>\r\n	<li style=\"text-align: justify;\"><span style=\"color:#d35400\"><span style=\"font-size:20px\"><span style=\"font-family:Times New Roman,Times,serif\">Những &yacute; tưởng g&igrave; l&uacute;c đăng k&yacute; dự thi, v&agrave; bạn đ&atilde; l&agrave;m được bao nhi&ecirc;u phần trăm của dự &aacute;n.</span></span></span></li>\r\n	<li style=\"text-align: justify;\"><span style=\"color:#d35400\"><span style=\"font-size:20px\"><span style=\"font-family:Times New Roman,Times,serif\">T&iacute;nh thực tiễn</span></span></span></li>\r\n	<li style=\"text-align: justify;\"><span style=\"color:#d35400\"><span style=\"font-size:20px\"><span style=\"font-family:Times New Roman,Times,serif\">T&iacute;nh mới</span></span></span></li>\r\n</ul>\r\n\r\n<p style=\"text-align:justify\"><span style=\"color:#d35400\"><span style=\"font-size:20px\"><span style=\"font-family:Times New Roman,Times,serif\"><strong><em>+ Đ&aacute;nh gi&aacute; từ Cộng đồng, c&ocirc;ng thức t&iacute;nh điểm (50% điểm)</em></strong></span></span></span></p>\r\n\r\n<ul>\r\n	<li style=\"text-align: justify;\"><span style=\"color:#d35400\"><span style=\"font-size:20px\"><span style=\"font-family:Times New Roman,Times,serif\">Tổng số điểm like của b&agrave;i viết giới thiệu về dự &aacute;n v&agrave; c&aacute;ch l&agrave;m dự &aacute;n của c&aacute;c bạn / tổng số điểm like của to&agrave;n bộ b&agrave;i viết của to&agrave;n bộ c&aacute;c nh&oacute;m tham dự.</span></span></span></li>\r\n</ul>\r\n\r\n<p style=\"text-align:justify\"><span style=\"color:#d35400\"><span style=\"font-size:20px\"><span style=\"font-family:Times New Roman,Times,serif\"><strong>- H&igrave;nh thức dự thi</strong></span></span></span></p>\r\n\r\n<p style=\"text-align:justify\"><span style=\"color:#d35400\"><span style=\"font-size:20px\"><span style=\"font-family:Times New Roman,Times,serif\">Cuộc thi được tổ chức th&agrave;nh&nbsp;<strong>01 v&ograve;ng</strong>&nbsp;v&agrave; theo thể thức như sau:</span></span></span></p>\r\n\r\n<ul>\r\n	<li style=\"text-align: justify;\"><span style=\"color:#d35400\"><span style=\"font-size:20px\"><span style=\"font-family:Times New Roman,Times,serif\"><strong><em>Th&ocirc;ng tin - &yacute; tưởng</em></strong><em>:&nbsp;</em>c&aacute;c đội sẽ đăng k&yacute; &yacute; tưởng v&agrave;o form do BTC cung cấp</span></span></span></li>\r\n	<li style=\"text-align: justify;\"><span style=\"color:#d35400\"><span style=\"font-size:20px\"><span style=\"font-family:Times New Roman,Times,serif\"><strong><em>V&ograve;ng chung khảo</em></strong><em>:</em>&nbsp;&nbsp;C&aacute;c đội sẽ thực hiện dự &aacute;n v&agrave; nộp lại dự &aacute;n cho BTC. Sau đ&oacute;, BTC sẽ c&ocirc;ng bố dự &aacute;n của c&aacute;c bạn tại trang chủ! Sau đ&oacute;, dựa v&agrave;o c&aacute;ch t&iacute;nh điểm n&ecirc;u tr&ecirc;n, ch&uacute;ng ta sẽ lựa ra 3 nh&oacute;m c&oacute; điểm số cao nhất từ đ&oacute; trao giải thưởng.</span></span></span></li>\r\n</ul>\r\n\r\n<p style=\"text-align:justify\"><span style=\"color:#16a085\"><span style=\"font-size:20px\"><span style=\"font-family:Times New Roman,Times,serif\"><strong>4. Đăng k&yacute; dự thi v&agrave; c&aacute;c mốc thời gian</strong></span></span></span></p>\r\n\r\n<p style=\"text-align:justify\"><span style=\"font-size:20px\"><span style=\"font-family:Times New Roman,Times,serif\"><span style=\"color:#d35400\">- Đăng k&yacute; dự thi tại&nbsp;</span><strong><a href=\"https://forms.gle/jhX527zVbZy4smcy9\"><span style=\"color:#2980b9\">Đ&Acirc;Y</span></a><span style=\"color:#d35400\">&nbsp;</span></strong><span style=\"color:#d35400\">Form sẽ c&oacute; hiệu lực từ ng&agrave;y h&ocirc;m nay<strong>&nbsp;02/05/2019</strong>&nbsp;đến hết ng&agrave;y 0<strong>5/07/2019</strong>.&nbsp;<strong>C&aacute;c bạn nhớ lưu giữ lại địa chỉ để chỉnh sửa c&acirc;u trả lời</strong></span></span></span></p>\r\n\r\n<p style=\"text-align:justify\"><span style=\"color:#d35400\"><span style=\"font-size:20px\"><span style=\"font-family:Times New Roman,Times,serif\">- BTC&nbsp;sẽ gửi mail th&ocirc;ng b&aacute;o kết quả cho từng bạn v&agrave; c&ocirc;ng bố kết quả ch&iacute;nh thức tr&ecirc;n trang chủ trước ng&agrave;y&nbsp;<strong>09/09/2019</strong>.&nbsp;<strong>Kết th&uacute;c cuộc thi</strong></span></span></span></p>\r\n\r\n<p style=\"text-align:justify\"><span style=\"color:#d35400\"><span style=\"font-size:20px\"><span style=\"font-family:Times New Roman,Times,serif\"><strong>Lưu &yacute;</strong>: điểm của BGK chỉ chiếm 50%, 50% c&ograve;n lại ph&ugrave; thuộc v&agrave;o việc bạn chia sẻ b&agrave;i viết v&agrave; số lượng y&ecirc;u th&iacute;ch của mọi người.</span></span></span></p>\r\n\r\n<p style=\"text-align:justify\"><span style=\"color:#16a085\"><span style=\"font-size:20px\"><span style=\"font-family:Times New Roman,Times,serif\"><strong>5. Giải thưởng</strong></span></span></span></p>\r\n\r\n<ul>\r\n	<li style=\"text-align: justify;\"><span style=\"color:#e74c3c\"><span style=\"font-size:20px\"><span style=\"font-family:Times New Roman,Times,serif\"><strong>01 giải nhất: trị gi&aacute;&nbsp;150.000 đồng</strong></span></span></span></li>\r\n	<li style=\"text-align: justify;\"><span style=\"color:#2980b9\"><span style=\"font-size:20px\"><span style=\"font-family:Times New Roman,Times,serif\"><strong>01 giải nh&igrave;: trị gi&aacute; 100.000 đồng</strong></span></span></span></li>\r\n	<li style=\"text-align: justify;\"><span style=\"color:#f39c12\"><span style=\"font-size:20px\"><span style=\"font-family:Times New Roman,Times,serif\"><strong>01 giải ba: trị gi&aacute; 50.000 đồng</strong></span></span></span></li>\r\n</ul>\r\n\r\n<p style=\"text-align:justify\"><span style=\"color:#d35400\"><span style=\"font-size:20px\"><span style=\"font-family:Times New Roman,Times,serif\"><strong><em>Tiền thưởng sẽ được chuyển qua t&agrave;i khoản ng&acirc;n h&agrave;ng sau khi c&oacute; kết quả cho c&aacute;c nh&oacute;m.</em></strong></span></span></span></p>\r\n\r\n<p style=\"text-align:justify\"><span style=\"color:#d35400\"><span style=\"font-size:20px\"><span style=\"font-family:Times New Roman,Times,serif\"><strong>6. Bản quyền</strong></span></span></span></p>\r\n\r\n<p style=\"text-align:justify\"><span style=\"color:#d35400\"><span style=\"font-size:20px\"><span style=\"font-family:Times New Roman,Times,serif\">Bản quyền của c&aacute;c dự &aacute;n ho&agrave;n thiện sẽ thuộc về c&aacute;c th&iacute; sinh. Th&iacute; sinh phải tu&acirc;n theo c&aacute;c luật bản quyền v&agrave; kh&ocirc;ng vi phạm bản quyền của bất kỳ b&ecirc;n thứ ba n&agrave;o kh&aacute;c. Ch&uacute;ng t&ocirc;i kh&ocirc;ng chịu tr&aacute;ch nhiệm với bất kỳ h&igrave;nh thức vi phạm n&agrave;o của th&iacute; sinh.</span></span></span></p>\r\n\r\n<p style=\"text-align:justify\">&nbsp;</p>\r\n','/media/Picture50.png','2019-05-02 23:55:30.641328','2019-05-02 23:55:30.641335','2019-05-03 00:00:00.000000','2019-07-05 00:00:00.000000',4,0,0,'',7,5),(6,'Vietnam Maker Contest with Intel Galileo ','Cuộc thi Sáng tạo với Intel Edison lần 2 dành cho sinh viên sẽ được chính thức khởi động. ','<p style=\"margin-left:0cm; margin-right:0cm; text-align:justify\"><span style=\"color:#16a085\"><span style=\"font-size:11pt\"><span style=\"font-family:Calibri,sans-serif\"><strong><span style=\"font-size:12.0pt\"><span style=\"font-family:&quot;Times New Roman&quot;,serif\">Điều 1. Mục đ&iacute;ch của cuộc thi</span></span></strong></span></span></span></p>\r\n\r\n<p style=\"margin-left:0cm; margin-right:0cm; text-align:justify\"><span style=\"color:#8e44ad\"><em><span style=\"font-size:11pt\"><span style=\"font-family:Calibri,sans-serif\"><span style=\"font-size:12.0pt\"><span style=\"font-family:&quot;Times New Roman&quot;,serif\">Cuộc thi Nh&agrave; s&aacute;ng tạo Việt Nam với Intel Edison (Vietnam Maker Contest with Intel Edison - VMIG) là cu&ocirc;̣c thi s&aacute;ng tạo đ&acirc;̀u ti&ecirc;n tại Vi&ecirc;̣t Nam với quy m&ocirc; to&agrave;n quốc theo xu hướng sáng tạo Maker chung của th&ecirc;́ giới. Cuộc thi sử dụng bo mạch Intel&reg; Edison - bo mạch vi điều khiển đầu ti&ecirc;n được Intel nghi&ecirc;n cứu v&agrave; ph&aacute;t triển d&agrave;nh ri&ecirc;ng cho ng&agrave;nh gi&aacute;o dục - nhằm hỗ trợ c&aacute;c nh&agrave; gi&aacute;o dục, học sinh v&agrave; những người đam m&ecirc; s&aacute;ng tạo biến c&aacute;c &yacute; tưởng th&agrave;nh sản phẩm một c&aacute;ch dễ d&agrave;ng.</span></span></span></span></em></span></p>\r\n\r\n<p style=\"margin-left:0cm; margin-right:0cm; text-align:justify\"><span style=\"color:#8e44ad\"><em><span style=\"font-size:11pt\"><span style=\"font-family:Calibri,sans-serif\"><span style=\"font-size:12.0pt\"><span style=\"font-family:&quot;Times New Roman&quot;,serif\">Mục đ&iacute;ch của Cuộc thi nhằm khuyến kh&iacute;ch tinh thần s&aacute;ng tạo, nghi&ecirc;n cứu khoa học của sinh vi&ecirc;n, đẩy mạnh việc thực h&agrave;nh, ứng dụng trong giảng dạy, gi&uacute;p x&acirc;y dựng nguồn nh&acirc;n lực kỹ thuật ch&acirc;́t lượng cao đ&aacute;p ứng nhu cầu ph&aacute;t triển c&aacute;c ng&agrave;nh c&ocirc;ng nghiệp c&ocirc;ng nghệ cao của Việt Nam.</span></span></span></span></em></span></p>\r\n\r\n<p style=\"margin-left:0cm; margin-right:0cm; text-align:justify\"><span style=\"color:#16a085\"><span style=\"font-size:11pt\"><span style=\"font-family:Calibri,sans-serif\"><strong><span style=\"font-size:12.0pt\"><span style=\"font-family:&quot;Times New Roman&quot;,serif\">Điều 2. Đối tượng dự thi</span></span></strong></span></span></span></p>\r\n\r\n<p style=\"margin-left:0cm; margin-right:0cm; text-align:justify\"><em><span style=\"color:#8e44ad\"><span style=\"font-size:11pt\"><span style=\"font-family:Calibri,sans-serif\"><span style=\"font-size:12.0pt\"><span style=\"font-family:&quot;Times New Roman&quot;,serif\">Tất cả sinh vi&ecirc;n c&oacute; quốc tịch Việt Nam đang học tập tại c&aacute;c trường đại học, học viện tại Việt Nam.</span></span></span></span></span></em></p>\r\n\r\n<p style=\"margin-left:0cm; margin-right:0cm; text-align:justify\"><em><span style=\"color:#8e44ad\"><span style=\"font-size:11pt\"><span style=\"font-family:Calibri,sans-serif\"><span style=\"font-size:12.0pt\"><span style=\"font-family:&quot;Times New Roman&quot;,serif\">C&aacute;c bạn sinh vi&ecirc;n học c&ugrave;ng trường, học viện c&oacute; thể tham dự theo đội, mỗi đội c&oacute; tối đa 03 sinh vi&ecirc;n (từ 01 đến 03 sinh vi&ecirc;n) v&agrave; 01 giảng vi&ecirc;n hỗ trợ.</span></span></span></span></span></em></p>\r\n\r\n<p style=\"margin-left:0cm; margin-right:0cm; text-align:justify\"><span style=\"color:#16a085\"><span style=\"font-size:11pt\"><span style=\"font-family:Calibri,sans-serif\"><strong><span style=\"font-size:12.0pt\"><span style=\"font-family:&quot;Times New Roman&quot;,serif\">Điều 3. Nội dung v&agrave; h&igrave;nh thức thi</span></span></strong></span></span></span></p>\r\n\r\n<p style=\"margin-left:0cm; margin-right:0cm; text-align:justify\"><em><span style=\"color:#8e44ad\"><span style=\"font-size:11pt\"><span style=\"font-family:Calibri,sans-serif\"><span style=\"font-size:12.0pt\"><span style=\"font-family:&quot;Times New Roman&quot;,serif\">Nội dung v&agrave; ti&ecirc;u ch&iacute; đ&aacute;nh gi&aacute; sản phẩm dự thi</span></span></span></span></span></em></p>\r\n\r\n<p style=\"margin-left:0cm; margin-right:0cm; text-align:justify\"><em><span style=\"color:#8e44ad\"><span style=\"font-size:11pt\"><span style=\"font-family:Calibri,sans-serif\"><span style=\"font-size:12.0pt\"><span style=\"font-family:&quot;Times New Roman&quot;,serif\">Dựa tr&ecirc;n nền tảng bo mạch Edison được Intel cung cấp, th&iacute; sinh chọn đề t&agrave;i một c&aacute;ch độc lập để ph&aacute;t triển tạo ra sản phẩm ứng dụng. Sản phẩm tham gia Cuộc thi c&oacute; thể li&ecirc;n quan đến c&aacute;c chủ đề sau: giao th&ocirc;ng, y tế, m&ocirc;i trường.</span></span></span></span></span></em></p>\r\n\r\n<p style=\"margin-left:0cm; margin-right:0cm; text-align:justify\"><strong><span style=\"color:#27ae60\"><span style=\"font-size:11pt\"><span style=\"font-family:Calibri,sans-serif\"><span style=\"font-size:12.0pt\"><span style=\"font-family:&quot;Times New Roman&quot;,serif\">Ti&ecirc;u ch&iacute; chung để đ&aacute;nh gi&aacute; sản phẩm dự thi:</span></span></span></span></span></strong></p>\r\n\r\n<p style=\"margin-left:0cm; margin-right:0cm; text-align:justify\"><em><span style=\"color:#8e44ad\"><span style=\"font-size:11pt\"><span style=\"font-family:Calibri,sans-serif\"><span style=\"font-size:12.0pt\"><span style=\"font-family:&quot;Times New Roman&quot;,serif\">Sử dụng c&aacute;c nguồn lực hiệu quả. (bạn c&oacute; d&ugrave;ng hết khả năng của Edison hay kh&ocirc;ng?)</span></span></span></span></span></em></p>\r\n\r\n<p style=\"margin-left:0cm; margin-right:0cm; text-align:justify\"><em><span style=\"color:#8e44ad\"><span style=\"font-size:11pt\"><span style=\"font-family:Calibri,sans-serif\"><span style=\"font-size:12.0pt\"><span style=\"font-family:&quot;Times New Roman&quot;,serif\">T&iacute;nh nguy&ecirc;n bản của dự &aacute;n thiết kế.</span></span></span></span></span></em></p>\r\n\r\n<p style=\"margin-left:0cm; margin-right:0cm; text-align:justify\"><em><span style=\"color:#8e44ad\"><span style=\"font-size:11pt\"><span style=\"font-family:Calibri,sans-serif\"><span style=\"font-size:12.0pt\"><span style=\"font-family:&quot;Times New Roman&quot;,serif\">Quy m&ocirc; v&agrave; t&iacute;nh phức tạp của sản phẩm.</span></span></span></span></span></em></p>\r\n\r\n<p style=\"margin-left:0cm; margin-right:0cm; text-align:justify\"><em><span style=\"color:#8e44ad\"><span style=\"font-size:11pt\"><span style=\"font-family:Calibri,sans-serif\"><span style=\"font-size:12.0pt\"><span style=\"font-family:&quot;Times New Roman&quot;,serif\">Kế hoạch v&agrave; kết quả thử nghiệm sản phẩm.</span></span></span></span></span></em></p>\r\n\r\n<p style=\"margin-left:0cm; margin-right:0cm; text-align:justify\"><em><span style=\"color:#8e44ad\"><span style=\"font-size:11pt\"><span style=\"font-family:Calibri,sans-serif\"><span style=\"font-size:12.0pt\"><span style=\"font-family:&quot;Times New Roman&quot;,serif\">Chất lượng v&agrave; tr&igrave;nh b&agrave;y của b&aacute;o c&aacute;o.</span></span></span></span></span></em></p>\r\n\r\n<p style=\"margin-left:0cm; margin-right:0cm; text-align:justify\"><em><span style=\"color:#8e44ad\"><span style=\"font-size:11pt\"><span style=\"font-family:Calibri,sans-serif\"><span style=\"font-size:12.0pt\"><span style=\"font-family:&quot;Times New Roman&quot;,serif\">Phong c&aacute;ch tr&igrave;nh b&agrave;y b&aacute;o c&aacute;o với Ban Gi&aacute;m khảo.</span></span></span></span></span></em></p>\r\n\r\n<p style=\"margin-left:0cm; margin-right:0cm; text-align:justify\"><strong><span style=\"color:#16a085\"><span style=\"font-size:11pt\"><span style=\"font-family:Calibri,sans-serif\"><span style=\"font-size:12.0pt\"><span style=\"font-family:&quot;Times New Roman&quot;,serif\">H&igrave;nh thức</span></span></span></span></span></strong></p>\r\n\r\n<p style=\"margin-left:0cm; margin-right:0cm; text-align:justify\"><em><span style=\"color:#8e44ad\"><span style=\"font-size:11pt\"><span style=\"font-family:Calibri,sans-serif\"><span style=\"font-size:12.0pt\"><span style=\"font-family:&quot;Times New Roman&quot;,serif\">Cuộc thi được tổ chức th&agrave;nh 03 v&ograve;ng:</span></span></span></span></span></em></p>\r\n\r\n<p style=\"margin-left:0cm; margin-right:0cm; text-align:justify\"><em><span style=\"color:#8e44ad\"><span style=\"font-size:11pt\"><span style=\"font-family:Calibri,sans-serif\"><span style=\"font-size:12.0pt\"><span style=\"font-family:&quot;Times New Roman&quot;,serif\">V&ograve;ng thi &yacute; tưởng: Th&iacute; sinh đăng k&yacute; tham dự chuẩn bị &yacute; tưởng v&agrave; nộp cho Ban Tổ chức Cuộc thi. Ban Gi&aacute;m khảo chấm, chọn tối đa 40 &yacute; tưởng xuất sắc nhất v&agrave;o v&ograve;ng sơ khảo.</span></span></span></span></span></em></p>\r\n\r\n<p style=\"margin-left:0cm; margin-right:0cm; text-align:justify\"><em><span style=\"color:#8e44ad\"><span style=\"font-size:11pt\"><span style=\"font-family:Calibri,sans-serif\"><span style=\"font-size:12.0pt\"><span style=\"font-family:&quot;Times New Roman&quot;,serif\">V&ograve;ng sơ khảo: Ban Gi&aacute;m khảo sẽ chấm c&aacute;c sản phẩm dự thi gửi về Ban Tổ chức để chọn tối đa 15 sản phẩm xuất sắc nhất tham gia v&ograve;ng chung khảo.</span></span></span></span></span></em></p>\r\n\r\n<p style=\"margin-left:0cm; margin-right:0cm; text-align:justify\"><em><span style=\"color:#8e44ad\"><span style=\"font-size:11pt\"><span style=\"font-family:Calibri,sans-serif\"><span style=\"font-size:12.0pt\"><span style=\"font-family:&quot;Times New Roman&quot;,serif\">V&ograve;ng chung khảo: C&aacute;c sản phẩm tham gia v&ograve;ng chung khảo được triển l&atilde;m, chấm trực tiếp v&agrave; chọn tối đa 10 sản phẩm xuất sắc nhất nhận giải thưởng của Cuộc thi. </span></span></span></span></span></em></p>\r\n\r\n<p style=\"margin-left:0cm; margin-right:0cm; text-align:justify\"><span style=\"color:#16a085\"><span style=\"font-size:11pt\"><span style=\"font-family:Calibri,sans-serif\"><strong><span style=\"font-size:12.0pt\"><span style=\"font-family:&quot;Times New Roman&quot;,serif\">Điều 4. Đăng k&yacute; dự thi</span></span></strong></span></span></span></p>\r\n\r\n<p style=\"margin-left:0cm; margin-right:0cm; text-align:justify\"><span style=\"color:#8e44ad\"><em><span style=\"font-size:11pt\"><span style=\"font-family:Calibri,sans-serif\"><span style=\"font-size:12.0pt\"><span style=\"font-family:&quot;Times New Roman&quot;,serif\">M&igrave;nh t&oacute;m lược chỉ ghi phần d&agrave;nh cho sinh vi&ecirc;n th&ocirc;i nh&eacute;.</span></span></span></span></em></span></p>\r\n\r\n<p style=\"margin-left:0cm; margin-right:0cm; text-align:justify\"><span style=\"color:#8e44ad\"><em><span style=\"font-size:11pt\"><span style=\"font-family:Calibri,sans-serif\"><span style=\"font-size:12.0pt\"><span style=\"font-family:&quot;Times New Roman&quot;,serif\">Đăng k&yacute; &yacute; tưởng dự thi (xem quy tr&igrave;nh) v&agrave; nộp (bản in v&agrave; file) tại Văn ph&ograve;ng Đo&agrave;n &ndash; Hội Sinh vi&ecirc;n của trường, học viện đang theo học trước ng&agrave;y 10/07/2019.</span></span></span></span></em></span></p>\r\n\r\n<p style=\"margin-left:0cm; margin-right:0cm; text-align:justify\"><span style=\"color:#8e44ad\"><em><span style=\"font-size:11pt\"><span style=\"font-family:Calibri,sans-serif\"><span style=\"font-size:12.0pt\"><span style=\"font-family:&quot;Times New Roman&quot;,serif\">Dự &aacute;n m&agrave; bạn đăng k&yacute; sẽ được duyệt, nếu &yacute; tưởng dự thi được v&agrave;o v&ograve;ng sơ khảo, th&iacute; sinh nộp cho Ban Tổ chức (bản in v&agrave; file) phiếu đăng k&yacute; dự thi, bản thuyết minh dự &aacute;n (theo mẫu) c&ugrave;ng h&igrave;nh ảnh, video clip giới thiệu về dự &aacute;n v&agrave; 02 ảnh m&agrave;u 4x6 (chụp năm 2019 c&oacute; ghi r&otilde; th&ocirc;ng tin ở mặt sau) trước ng&agrave;y 15/11/2019.</span></span></span></span></em></span></p>\r\n\r\n<p style=\"margin-left:0cm; margin-right:0cm; text-align:justify\"><span style=\"color:#16a085\"><span style=\"font-size:11pt\"><span style=\"font-family:Calibri,sans-serif\"><strong><span style=\"font-size:12.0pt\"><span style=\"font-family:&quot;Times New Roman&quot;,serif\">Điều 5. Thời gian, địa điểm tổ chức thi</span></span></strong></span></span></span></p>\r\n\r\n<p style=\"margin-left:0cm; margin-right:0cm; text-align:justify\"><em><span style=\"color:#8e44ad\"><span style=\"font-size:11pt\"><span style=\"font-family:Calibri,sans-serif\"><span style=\"font-size:12.0pt\"><span style=\"font-family:&quot;Times New Roman&quot;,serif\">Đăng k&yacute; dự thi v&agrave; nộp thuyết minh &yacute; tưởng s&aacute;ng tạo trước ng&agrave;y 10/07/2019</span></span></span></span></span></em></p>\r\n\r\n<p style=\"margin-left:0cm; margin-right:0cm; text-align:justify\"><em><span style=\"color:#8e44ad\"><span style=\"font-size:11pt\"><span style=\"font-family:Calibri,sans-serif\"><span style=\"font-size:12.0pt\"><span style=\"font-family:&quot;Times New Roman&quot;,serif\">Nhận bo mạch Intel Edison Gen 2 v&agrave; 2 triệu đồng để triển khai dự &aacute;n xong trước ng&agrave;y 30/07/2019 v&agrave; bổ sung hồ sơ dự thi c&ugrave;ng b&aacute;o c&aacute;o về dự &aacute;n trước ng&agrave;y 15/11/2019.</span></span></span></span></span></em></p>\r\n\r\n<p style=\"margin-left:0cm; margin-right:0cm; text-align:justify\"><em><span style=\"color:#8e44ad\"><span style=\"font-size:11pt\"><span style=\"font-family:Calibri,sans-serif\"><span style=\"font-size:12.0pt\"><span style=\"font-family:&quot;Times New Roman&quot;,serif\">Chấm sơ khảo tại c&aacute;c địa điểm: H&agrave; Nội, TP. Hồ Ch&iacute; Minh, Đ&agrave; Nẵng dự kiến cuối th&aacute;ng 11/2019.</span></span></span></span></span></em></p>\r\n\r\n<p style=\"margin-left:0cm; margin-right:0cm; text-align:justify\"><em><span style=\"color:#8e44ad\"><span style=\"font-size:11pt\"><span style=\"font-family:Calibri,sans-serif\"><span style=\"font-size:12.0pt\"><span style=\"font-family:&quot;Times New Roman&quot;,serif\">Chấm chung khảo v&agrave; trao giải dự kiến tại Thủ đ&ocirc; H&agrave; Nội trong 02 ng&agrave;y 8-9/01/2019.</span></span></span></span></span></em></p>\r\n\r\n<p style=\"margin-left:0cm; margin-right:0cm; text-align:justify\"><strong><span style=\"color:#27ae60\"><span style=\"font-family:Times New Roman,serif\"><span style=\"font-size:16px\">Điều 6: Chi tiết li&ecirc;n hệ qua địa chỉ email: </span></span></span></strong><span style=\"color:#e74c3c\"><span style=\"font-family:Times New Roman,serif\"><span style=\"font-size:16px\"><em>arduinocombokydieu@gmail.com</em></span></span></span></p>\r\n','/media/2176_882450-1457658848-0-ko-mau-arduino2016-logotransparent.png','2019-05-09 11:20:15.562656','2019-05-09 11:28:14.253527','2019-05-09 00:00:00.000000','2019-11-22 00:00:00.000000',2,0,1,'',5,3);
/*!40000 ALTER TABLE `competition` ENABLE KEYS */;
UNLOCK TABLES;

--
-- Table structure for table `competitionsubmittion`
--

DROP TABLE IF EXISTS `competitionsubmittion`;
/*!40101 SET @saved_cs_client     = @@character_set_client */;
 SET character_set_client = utf8mb4 ;
CREATE TABLE `competitionsubmittion` (
  `CompetitionSubmittionID` int(11) NOT NULL AUTO_INCREMENT,
  `CreateDate` datetime(6) DEFAULT NULL,
  `EditDate` datetime(6) DEFAULT NULL,
  `Link` varchar(250) COLLATE utf8_unicode_ci DEFAULT NULL,
  `Description` varchar(250) COLLATE utf8_unicode_ci DEFAULT NULL,
  `Content` longtext COLLATE utf8_unicode_ci,
  `IsEnable` int(11) DEFAULT NULL,
  `Note` varchar(250) COLLATE utf8_unicode_ci DEFAULT NULL,
  `AccountID` int(11) DEFAULT NULL,
  `CompetitionID` int(11) DEFAULT NULL,
  PRIMARY KEY (`CompetitionSubmittionID`),
  KEY `competitionsubmittion_AccountID_a9126945_fk_account_AccountID` (`AccountID`),
  KEY `competitionsubmittio_CompetitionID_2413dca1_fk_competiti` (`CompetitionID`),
  CONSTRAINT `competitionsubmittio_CompetitionID_2413dca1_fk_competiti` FOREIGN KEY (`CompetitionID`) REFERENCES `competition` (`CompetitionID`),
  CONSTRAINT `competitionsubmittion_AccountID_a9126945_fk_account_AccountID` FOREIGN KEY (`AccountID`) REFERENCES `account` (`AccountID`)
) ENGINE=InnoDB AUTO_INCREMENT=12 DEFAULT CHARSET=utf8 COLLATE=utf8_unicode_ci;
/*!40101 SET character_set_client = @saved_cs_client */;

--
-- Dumping data for table `competitionsubmittion`
--

LOCK TABLES `competitionsubmittion` WRITE;
/*!40000 ALTER TABLE `competitionsubmittion` DISABLE KEYS */;
INSERT INTO `competitionsubmittion` VALUES (1,'2019-05-06 16:23:33.319858','2019-05-06 16:29:12.973541','https://www.tynker.com/ide/?p=5ca09263cebfbd55486b7344','Thi Nhanh Đáp Lẹ','<p>Sản phẩm của em c&oacute; &yacute; tưởng từ cuộc đua thi t&agrave;i tr&ecirc;n trang Y8</p>\r\n\r\n<p>&nbsp; &nbsp; Sản phẩm gồm c&oacute; 2 nh&acirc;n vật đua với nhau, điều khiển:</p>\r\n\r\n<p>&nbsp; &nbsp; &nbsp; - Người Chơi Thứ nhất : W,S,A,D</p>\r\n\r\n<p>&nbsp; &nbsp; &nbsp;- Người Chơi Thứ hai : C&aacute;c ph&iacute;m mũi t&ecirc;n</p>\r\n\r\n<p>&nbsp; &nbsp; &nbsp; &nbsp; Mục ti&ecirc;u l&agrave; đi đến l&agrave; vạch đ&iacute;ch cuối đường đua.</p>\r\n\r\n<p>&nbsp;</p>\r\n',1,'',33,4),(3,'2019-05-06 17:05:48.513974','2019-05-06 17:05:48.513984','http://vspro.ttth.hcmue.edu.vn/competition/4/detail','Siêu Xe Tốc Độ','<ul>\n	<li>Vận dụng kiến thức lập tr&igrave;nh về ng&ocirc;n ngữ lập tr&igrave;nh Tynker</li>\n	<li>Những &yacute; tưởng g&igrave; l&uacute;c đăng k&yacute; dự thi, v&agrave; bạn đ&atilde; l&agrave;m được bao nhi&ecirc;u phần trăm của dự &aacute;n.</li>\n	<li>T&iacute;nh thực tiễn</li>\n	<li>T&iacute;nh mới</li>\n</ul>\n',1,'',4,4),(4,'2019-05-06 17:47:43.660546','2019-05-06 17:47:43.660552','https://muaherucro.cuocthi.vn','Alice3D Mùa hè rực rỡ','<p>Chứa project Alice3D m&ugrave;a h&egrave; rực rỡ</p>\n',1,'',3,3),(5,'2019-05-08 23:28:11.557883','2019-05-08 23:28:11.557889','','LĂN BÁNH BẠN ƠI','<p style=\"text-align:justify\"><span style=\"font-size:20px\"><span style=\"font-family:Times New Roman,Times,serif\"><strong>Chương tr&igrave;nh m&ocirc; tả chiếc xe &ocirc; t&ocirc; chuyển động tr&ecirc;n m&agrave;n h&igrave;nh, từ tr&aacute;i sang phải. Nếu gặp cạnh phải th&igrave; xuất hiện lại từ b&ecirc;n tr&aacute;i v&agrave; tiếp tục chạy</strong></span></span></p>\n',1,'',37,4),(6,'2019-05-09 02:18:15.187123','2019-05-09 02:18:15.187128','','BI DA SIÊU SAO','<p>TRẦN THI&Ecirc;N HẢI_0123456789_BI DA SI&Ecirc;U SAO</p>\n',1,'',37,5),(7,'2019-05-09 02:23:29.903170','2019-05-09 02:23:29.903175','','XE HƠI','<p>NGUYỄN TH&Uacute;Y NG&Acirc;N</p>\n\n<p>NỘP B&Agrave;I</p>\n\n<p>&nbsp;</p>\n\n<p><iframe frameborder=\"0\" src=\"//www.tynker.com/ide/embedded?p=5a5cc4991c36d1453a8b46cb&amp;controls=false&amp;autostart=false\" style=\"width:100%; height:768px\"></iframe></p>\n',1,'',38,4),(8,'2019-05-09 11:08:11.908955','2019-05-09 11:08:11.908960','https://scratch.mit.edu/projects/264359301/','BI-DA','<p>Nguyễn Th&uacute;y Ng&acirc;n</p>\n\n<p>Dự &aacute;n:&nbsp;<a href=\"https://scratch.mit.edu/projects/264359301/\">https://scratch.mit.edu/projects/264359301/</a></p>\n',1,'',38,5),(9,'2019-05-09 11:24:31.207145','2019-05-09 11:24:31.207152','https://www.tynker.com/community/projects/play/race-car/5489b731b1388d302f8b45a1','XE HƠI MÀU SẮC','<p>ĐO&Agrave;N L&Ecirc; MINH NHƯ</p>\n\n<p>NỘP B&Agrave;I:&nbsp;<a href=\"https://www.tynker.com/community/projects/play/race-car/5489b731b1388d302f8b45a1\">https://www.tynker.com/community/projects/play/race-car/5489b731b1388d302f8b45a1</a></p>\n',1,'',42,4),(11,'2019-05-09 11:32:38.193757','2019-05-09 11:32:38.193767','https://tdhshop.com.vn/bai-1-dieu-khien-bat-tat-led','BLINK LED','<p>ĐO&Agrave;N L&Ecirc; MINH NHƯ</p>\n\n<p>NỘP B&Agrave;I:&nbsp;<a href=\"https://tdhshop.com.vn/bai-1-dieu-khien-bat-tat-led\">https://tdhshop.com.vn/bai-1-dieu-khien-bat-tat-led</a></p>\n',1,'',42,6);
/*!40000 ALTER TABLE `competitionsubmittion` ENABLE KEYS */;
UNLOCK TABLES;

--
-- Table structure for table `competitionsubmittionlike`
--

DROP TABLE IF EXISTS `competitionsubmittionlike`;
/*!40101 SET @saved_cs_client     = @@character_set_client */;
 SET character_set_client = utf8mb4 ;
CREATE TABLE `competitionsubmittionlike` (
  `CompetitionSubmittionLikeID` int(11) NOT NULL AUTO_INCREMENT,
  `Status` int(11) NOT NULL,
  `IsEnable` int(11) NOT NULL,
  `Note` varchar(250) COLLATE utf8_unicode_ci NOT NULL,
  `AccountID` int(11) DEFAULT NULL,
  `CompetitionSubmittionID` int(11) DEFAULT NULL,
  PRIMARY KEY (`CompetitionSubmittionLikeID`),
  KEY `competitionsubmittio_AccountID_bca01df2_fk_account_A` (`AccountID`),
  KEY `competitionsubmittio_CompetitionSubmittio_835096df_fk_competiti` (`CompetitionSubmittionID`),
  CONSTRAINT `competitionsubmittio_AccountID_bca01df2_fk_account_A` FOREIGN KEY (`AccountID`) REFERENCES `account` (`AccountID`),
  CONSTRAINT `competitionsubmittio_CompetitionSubmittio_835096df_fk_competiti` FOREIGN KEY (`CompetitionSubmittionID`) REFERENCES `competitionsubmittion` (`CompetitionSubmittionID`)
) ENGINE=InnoDB AUTO_INCREMENT=3 DEFAULT CHARSET=utf8 COLLATE=utf8_unicode_ci;
/*!40101 SET character_set_client = @saved_cs_client */;

--
-- Dumping data for table `competitionsubmittionlike`
--

LOCK TABLES `competitionsubmittionlike` WRITE;
/*!40000 ALTER TABLE `competitionsubmittionlike` DISABLE KEYS */;
INSERT INTO `competitionsubmittionlike` VALUES (1,1,1,'',4,1);
/*!40000 ALTER TABLE `competitionsubmittionlike` ENABLE KEYS */;
UNLOCK TABLES;

--
-- Table structure for table `competitionsubmittionreply`
--

DROP TABLE IF EXISTS `competitionsubmittionreply`;
/*!40101 SET @saved_cs_client     = @@character_set_client */;
 SET character_set_client = utf8mb4 ;
CREATE TABLE `competitionsubmittionreply` (
  `CompetitionSubmittionReplyID` int(11) NOT NULL AUTO_INCREMENT,
  `Content` longtext COLLATE utf8_unicode_ci NOT NULL,
  `CreateDate` datetime(6) NOT NULL,
  `EditDate` datetime(6) NOT NULL,
  `IsEnable` int(11) NOT NULL,
  `Note` varchar(250) COLLATE utf8_unicode_ci NOT NULL,
  `AccountID` int(11) DEFAULT NULL,
  `CompetitionSubmittionID` int(11) DEFAULT NULL,
  PRIMARY KEY (`CompetitionSubmittionReplyID`),
  KEY `competitionsubmittio_AccountID_b083deca_fk_account_A` (`AccountID`),
  KEY `competitionsubmittio_CompetitionSubmittio_610bd074_fk_competiti` (`CompetitionSubmittionID`),
  CONSTRAINT `competitionsubmittio_AccountID_b083deca_fk_account_A` FOREIGN KEY (`AccountID`) REFERENCES `account` (`AccountID`),
  CONSTRAINT `competitionsubmittio_CompetitionSubmittio_610bd074_fk_competiti` FOREIGN KEY (`CompetitionSubmittionID`) REFERENCES `competitionsubmittion` (`CompetitionSubmittionID`)
) ENGINE=InnoDB DEFAULT CHARSET=utf8 COLLATE=utf8_unicode_ci;
/*!40101 SET character_set_client = @saved_cs_client */;

--
-- Dumping data for table `competitionsubmittionreply`
--

LOCK TABLES `competitionsubmittionreply` WRITE;
/*!40000 ALTER TABLE `competitionsubmittionreply` DISABLE KEYS */;
/*!40000 ALTER TABLE `competitionsubmittionreply` ENABLE KEYS */;
UNLOCK TABLES;

--
-- Table structure for table `contact`
--

DROP TABLE IF EXISTS `contact`;
/*!40101 SET @saved_cs_client     = @@character_set_client */;
 SET character_set_client = utf8mb4 ;
CREATE TABLE `contact` (
  `ContactID` int(11) NOT NULL AUTO_INCREMENT,
  `Content` longtext COLLATE utf8_unicode_ci,
  `CreateDate` datetime(6) DEFAULT NULL,
  `Note` varchar(250) COLLATE utf8_unicode_ci DEFAULT NULL,
  `AccountID` int(11) DEFAULT NULL,
  PRIMARY KEY (`ContactID`),
  KEY `contact_AccountID_73d84207_fk_account_AccountID` (`AccountID`),
  CONSTRAINT `contact_AccountID_73d84207_fk_account_AccountID` FOREIGN KEY (`AccountID`) REFERENCES `account` (`AccountID`)
) ENGINE=InnoDB DEFAULT CHARSET=utf8 COLLATE=utf8_unicode_ci;
/*!40101 SET character_set_client = @saved_cs_client */;

--
-- Dumping data for table `contact`
--

LOCK TABLES `contact` WRITE;
/*!40000 ALTER TABLE `contact` DISABLE KEYS */;
/*!40000 ALTER TABLE `contact` ENABLE KEYS */;
UNLOCK TABLES;

--
-- Table structure for table `django_admin_log`
--

DROP TABLE IF EXISTS `django_admin_log`;
/*!40101 SET @saved_cs_client     = @@character_set_client */;
 SET character_set_client = utf8mb4 ;
CREATE TABLE `django_admin_log` (
  `id` int(11) NOT NULL AUTO_INCREMENT,
  `action_time` datetime(6) NOT NULL,
  `object_id` longtext COLLATE utf8_unicode_ci,
  `object_repr` varchar(200) COLLATE utf8_unicode_ci NOT NULL,
  `action_flag` smallint(5) unsigned NOT NULL,
  `change_message` longtext COLLATE utf8_unicode_ci NOT NULL,
  `content_type_id` int(11) DEFAULT NULL,
  `user_id` int(11) NOT NULL,
  PRIMARY KEY (`id`),
  KEY `django_admin_log_content_type_id_c4bce8eb_fk_django_co` (`content_type_id`),
  KEY `django_admin_log_user_id_c564eba6_fk_auth_user_id` (`user_id`),
  CONSTRAINT `django_admin_log_content_type_id_c4bce8eb_fk_django_co` FOREIGN KEY (`content_type_id`) REFERENCES `django_content_type` (`id`),
  CONSTRAINT `django_admin_log_user_id_c564eba6_fk_auth_user_id` FOREIGN KEY (`user_id`) REFERENCES `auth_user` (`id`)
) ENGINE=InnoDB DEFAULT CHARSET=utf8 COLLATE=utf8_unicode_ci;
/*!40101 SET character_set_client = @saved_cs_client */;

--
-- Dumping data for table `django_admin_log`
--

LOCK TABLES `django_admin_log` WRITE;
/*!40000 ALTER TABLE `django_admin_log` DISABLE KEYS */;
/*!40000 ALTER TABLE `django_admin_log` ENABLE KEYS */;
UNLOCK TABLES;

--
-- Table structure for table `django_content_type`
--

DROP TABLE IF EXISTS `django_content_type`;
/*!40101 SET @saved_cs_client     = @@character_set_client */;
 SET character_set_client = utf8mb4 ;
CREATE TABLE `django_content_type` (
  `id` int(11) NOT NULL AUTO_INCREMENT,
  `app_label` varchar(100) COLLATE utf8_unicode_ci NOT NULL,
  `model` varchar(100) COLLATE utf8_unicode_ci NOT NULL,
  PRIMARY KEY (`id`),
  UNIQUE KEY `django_content_type_app_label_model_76bd3d3b_uniq` (`app_label`,`model`)
) ENGINE=InnoDB AUTO_INCREMENT=52 DEFAULT CHARSET=utf8 COLLATE=utf8_unicode_ci;
/*!40101 SET character_set_client = @saved_cs_client */;

--
-- Dumping data for table `django_content_type`
--

LOCK TABLES `django_content_type` WRITE;
/*!40000 ALTER TABLE `django_content_type` DISABLE KEYS */;
INSERT INTO `django_content_type` VALUES (1,'admin','logentry'),(3,'auth','group'),(2,'auth','permission'),(4,'auth','user'),(5,'contenttypes','contenttype'),(7,'homepage','account'),(8,'homepage','accounttype'),(9,'homepage','activity'),(10,'homepage','activityreply'),(11,'homepage','activitysubmittion'),(12,'homepage','activitysubmittionreply'),(13,'homepage','activitytype'),(14,'homepage','chapter'),(15,'homepage','chat'),(16,'homepage','chatroom'),(17,'homepage','competition'),(18,'homepage','competitionsubmittion'),(19,'homepage','competitionsubmittionlike'),(20,'homepage','competitionsubmittionreply'),(21,'homepage','contact'),(22,'homepage','enrollment'),(23,'homepage','enviromentcate'),(24,'homepage','fastchat'),(25,'homepage','footer'),(26,'homepage','forum'),(27,'homepage','forumlike'),(28,'homepage','forumreply'),(29,'homepage','game'),(30,'homepage','gamerate'),(31,'homepage','gametype'),(32,'homepage','header'),(33,'homepage','home'),(34,'homepage','introduction'),(35,'homepage','item'),(36,'homepage','lesson'),(37,'homepage','lessonreply'),(38,'homepage','news'),(39,'homepage','newsreply'),(40,'homepage','online'),(41,'homepage','projectshare'),(42,'homepage','projectsharelike'),(43,'homepage','projectsharereply'),(44,'homepage','sliderunbar'),(45,'homepage','subject'),(46,'homepage','subjectlike'),(47,'homepage','subjectpart'),(48,'homepage','subjectteacher'),(49,'homepage','tracking'),(50,'homepage','userdetail'),(51,'homepage','userrank'),(6,'sessions','session');
/*!40000 ALTER TABLE `django_content_type` ENABLE KEYS */;
UNLOCK TABLES;

--
-- Table structure for table `django_migrations`
--

DROP TABLE IF EXISTS `django_migrations`;
/*!40101 SET @saved_cs_client     = @@character_set_client */;
 SET character_set_client = utf8mb4 ;
CREATE TABLE `django_migrations` (
  `id` int(11) NOT NULL AUTO_INCREMENT,
  `app` varchar(255) COLLATE utf8_unicode_ci NOT NULL,
  `name` varchar(255) COLLATE utf8_unicode_ci NOT NULL,
  `applied` datetime(6) NOT NULL,
  PRIMARY KEY (`id`)
) ENGINE=InnoDB AUTO_INCREMENT=19 DEFAULT CHARSET=utf8 COLLATE=utf8_unicode_ci;
/*!40101 SET character_set_client = @saved_cs_client */;

--
-- Dumping data for table `django_migrations`
--

LOCK TABLES `django_migrations` WRITE;
/*!40000 ALTER TABLE `django_migrations` DISABLE KEYS */;
INSERT INTO `django_migrations` VALUES (1,'contenttypes','0001_initial','2019-04-26 12:41:39.163613'),(2,'auth','0001_initial','2019-04-26 12:41:40.422349'),(3,'admin','0001_initial','2019-04-26 12:41:44.418082'),(4,'admin','0002_logentry_remove_auto_add','2019-04-26 12:41:45.477810'),(5,'admin','0003_logentry_add_action_flag_choices','2019-04-26 12:41:45.550198'),(6,'contenttypes','0002_remove_content_type_name','2019-04-26 12:41:46.338505'),(7,'auth','0002_alter_permission_name_max_length','2019-04-26 12:41:46.775493'),(8,'auth','0003_alter_user_email_max_length','2019-04-26 12:41:47.242635'),(9,'auth','0004_alter_user_username_opts','2019-04-26 12:41:47.289778'),(10,'auth','0005_alter_user_last_login_null','2019-04-26 12:41:47.694631'),(11,'auth','0006_require_contenttypes_0002','2019-04-26 12:41:47.725725'),(12,'auth','0007_alter_validators_add_error_messages','2019-04-26 12:41:47.766407'),(13,'auth','0008_alter_user_username_max_length','2019-04-26 12:41:48.270227'),(14,'auth','0009_alter_user_last_name_max_length','2019-04-26 12:41:48.946044'),(15,'auth','0010_alter_group_name_max_length','2019-04-26 12:41:49.423259'),(16,'auth','0011_update_proxy_permissions','2019-04-26 12:41:49.473064'),(17,'homepage','0001_initial','2019-04-26 12:42:01.944356'),(18,'sessions','0001_initial','2019-04-26 12:42:39.707463');
/*!40000 ALTER TABLE `django_migrations` ENABLE KEYS */;
UNLOCK TABLES;

--
-- Table structure for table `django_session`
--

DROP TABLE IF EXISTS `django_session`;
/*!40101 SET @saved_cs_client     = @@character_set_client */;
 SET character_set_client = utf8mb4 ;
CREATE TABLE `django_session` (
  `session_key` varchar(40) COLLATE utf8_unicode_ci NOT NULL,
  `session_data` longtext COLLATE utf8_unicode_ci NOT NULL,
  `expire_date` datetime(6) NOT NULL,
  PRIMARY KEY (`session_key`),
  KEY `django_session_expire_date_a5c62663` (`expire_date`)
) ENGINE=InnoDB DEFAULT CHARSET=utf8 COLLATE=utf8_unicode_ci;
/*!40101 SET character_set_client = @saved_cs_client */;

--
-- Dumping data for table `django_session`
--

LOCK TABLES `django_session` WRITE;
/*!40000 ALTER TABLE `django_session` DISABLE KEYS */;
INSERT INTO `django_session` VALUES ('08hg4jxvzlfcrykevpaab04on69379hn','MjdiODRkOTI2NGNjZTEwY2EzZmEyYmU0MWIwZmZmZTAxMGE2ZmY0OTp7InVzZXJuYW1lIjoidHJpZG0ifQ==','2019-04-28 03:17:22.714356'),('08md0dxf1cl7r52u03kqkeh4du0f4wxn','MmY3MDhhMDA2NDdmMjM5M2JjMzhhOGRmMTIzYmQxYWRiNzM1OWU4Yjp7InVzZXJuYW1lIjoidHJpcGgiLCJsb29rIjoiMSJ9','2019-04-29 06:00:03.328246'),('1o1s74d6adu0e7c0aosov4vd527s8v2z','MzFkYjQ5Yjc3MDdhZDkyYmFkODQ2MjdhMjI3NTc1YzhjNGRhNjViNDp7InVzZXJuYW1lIjoieWRuIn0=','2019-05-07 06:10:29.565965'),('46y6pxm59feah82lad8opd0myey1rmi7','MzFkYjQ5Yjc3MDdhZDkyYmFkODQ2MjdhMjI3NTc1YzhjNGRhNjViNDp7InVzZXJuYW1lIjoieWRuIn0=','2019-05-03 09:38:24.323638'),('491ak7l2e1sgtgfcxy7mtvst4wyw9waj','MjE3YTJjZWM5ZjZhZmUyNmY4M2U4YjA0M2NiNDBhZmFlNzcyY2RhMzp7InVzZXJuYW1lIjoibG9uZ252cCIsImxvb2siOiIxIn0=','2019-05-07 05:36:43.758024'),('4jd185anwhyb2hajzx0wq7571m6vjxex','ZDQ2ZTY2ZjVlOGZlZTQ2MjZjYWZiZjBlNDFjOGFiYjA0MThhMjJhMDp7fQ==','2019-05-01 11:57:15.479347'),('4mxssdk8ag8cll52m58e6xc3emngqm57','MDFiMjA5MTkwODdmZWJmNzMyYzQxMmRmYTQ2NDZlNjVlNTRkN2I1YTp7InVzZXJuYW1lIjoidHJpcGgifQ==','2019-05-07 14:53:10.351754'),('4mzmlgnr700iupnrpp6n53wqpelelhss','MmY3MDhhMDA2NDdmMjM5M2JjMzhhOGRmMTIzYmQxYWRiNzM1OWU4Yjp7InVzZXJuYW1lIjoidHJpcGgiLCJsb29rIjoiMSJ9','2019-04-28 11:30:32.252031'),('4xb797oac6qglhekdzeq7i9w4x6v5ewp','NTA5MWM1ZGQ5OTk5NzMzOTM2MGJhNWQxYzY3OTI1NTY5MjBmMDZiODp7InVzZXJuYW1lIjoidHJ1bmducSJ9','2019-05-07 05:59:41.840559'),('4yizsed83phs1iyyf3jfjejned09ec78','MzFkYjQ5Yjc3MDdhZDkyYmFkODQ2MjdhMjI3NTc1YzhjNGRhNjViNDp7InVzZXJuYW1lIjoieWRuIn0=','2019-05-02 11:01:19.531778'),('67wi5yzvdc02ge025aco6vlr1zvfqunx','YjIzNmY3OGRmZjk4NDQ0OGMwMjdiMjJiMmUxY2FmZjIyNmExY2I5NDp7InVzZXJuYW1lIjoibG9uZ252cCJ9','2019-05-05 05:02:02.286428'),('6a59iy7eytflfzxp2guq1lwdjxcg9u8i','N2I3NmY3ZTZjNWFjYmE2ZGJmYmEyN2Q2NTU1YTlmZjI2ZTNkYzU4Mjp7InVzZXJuYW1lIjoibmd1eWVubWwifQ==','2019-05-05 04:30:58.979094'),('6kh7nwjmur6s6pcphfcflx14ye3o3toj','MjdiODRkOTI2NGNjZTEwY2EzZmEyYmU0MWIwZmZmZTAxMGE2ZmY0OTp7InVzZXJuYW1lIjoidHJpZG0ifQ==','2019-04-27 15:16:15.591898'),('6qcai8ygxqa13le3wvpwg5ndcfj062m6','ZmY5N2Q3MWNhMjM0ZjFlYWYwNDMxZGQyODc0MmUxMGE4MDQzNjZiMjp7InVzZXJuYW1lIjoibmhpbGwifQ==','2019-05-09 23:36:13.467919'),('7vrsf2k2kczfy4gjxnods94jpv518iwf','ZDQ2ZTY2ZjVlOGZlZTQ2MjZjYWZiZjBlNDFjOGFiYjA0MThhMjJhMDp7fQ==','2019-05-09 21:31:11.744581'),('88exy7xbrd4c0itsqrlquigksgmoazzf','MWUzZmQzNjQyOGYyZjNhNjZkODRjMWE2MWFjNmIyNWM0ZGU5MDA4Yjp7InVzZXJuYW1lIjoiR2FtaW5nU2lyb2tpMTk2In0=','2019-05-05 13:30:59.051030'),('95mvtpmgqs6pq5sy29zcvdsm45ckwfi7','MDhhY2YyMjFiNzVkYmM4OTM3YWZjODI4NDkzMjRmYzM2MjM4YTc3MDp7InVzZXJuYW1lIjoia2hvYXRwbSJ9','2019-05-03 08:31:19.596362'),('9e7txfb4a7lx16ssbl0m2dvb2vcupk0l','NTA5MWM1ZGQ5OTk5NzMzOTM2MGJhNWQxYzY3OTI1NTY5MjBmMDZiODp7InVzZXJuYW1lIjoidHJ1bmducSJ9','2019-05-03 22:42:55.021982'),('9kw6f3nlk9y6qcevb85v6tn63swgequt','MzFkYjQ5Yjc3MDdhZDkyYmFkODQ2MjdhMjI3NTc1YzhjNGRhNjViNDp7InVzZXJuYW1lIjoieWRuIn0=','2019-04-27 18:46:51.893812'),('9mm9gvc3a1y12yg9t5olz4hr3sne1z5y','ZTA1ZDU3ZTdkM2RjNGUwN2IzYTZiNzY1ZTRjZWJiZDA2MmYwNTU0Mjp7InVzZXJuYW1lIjoidGVzdCJ9','2019-05-06 22:22:51.858088'),('9rz9rjinqbsfa8wpqcn6j3j5klyltlwe','YjIzNmY3OGRmZjk4NDQ0OGMwMjdiMjJiMmUxY2FmZjIyNmExY2I5NDp7InVzZXJuYW1lIjoibG9uZ252cCJ9','2019-04-29 04:15:31.247627'),('aa52w6bq4n2qwxak10jzvr9k8orb6ekf','YjIzNmY3OGRmZjk4NDQ0OGMwMjdiMjJiMmUxY2FmZjIyNmExY2I5NDp7InVzZXJuYW1lIjoibG9uZ252cCJ9','2019-05-05 04:55:22.104568'),('abe7v9utszcw50vl7addnx5gmut2or4o','MjdiODRkOTI2NGNjZTEwY2EzZmEyYmU0MWIwZmZmZTAxMGE2ZmY0OTp7InVzZXJuYW1lIjoidHJpZG0ifQ==','2019-04-29 06:16:37.002189'),('acjbwr3ptoi9outhk323jqnjbgzo6zsa','ZDQ2ZTY2ZjVlOGZlZTQ2MjZjYWZiZjBlNDFjOGFiYjA0MThhMjJhMDp7fQ==','2019-04-30 10:50:37.365563'),('bu2fhelsz22vhz8tlkyq8r6by4ehhy8d','ZDQ2ZTY2ZjVlOGZlZTQ2MjZjYWZiZjBlNDFjOGFiYjA0MThhMjJhMDp7fQ==','2019-04-30 20:11:37.406662'),('c2ai91tjfybm4l3ch6rxkw8oel6bdoel','ZDQ2ZTY2ZjVlOGZlZTQ2MjZjYWZiZjBlNDFjOGFiYjA0MThhMjJhMDp7fQ==','2019-04-27 16:48:59.580788'),('c6y2tksyf1up6dj7tmfj89xl5oc10frt','MDk0NWRjNmUyNjk5ODU1NjdmYmQwYWU4NzMxMWUyYmU5YzA4YTcyOTp7InVzZXJuYW1lIjoidHJpZG0iLCJsb29rIjoiMSJ9','2019-05-04 04:26:40.709751'),('ce6kiw5i9zevk0crfsneoo7ehoq70ryx','MDhhY2YyMjFiNzVkYmM4OTM3YWZjODI4NDkzMjRmYzM2MjM4YTc3MDp7InVzZXJuYW1lIjoia2hvYXRwbSJ9','2019-04-28 09:08:31.476768'),('ddvgt9lljc3xzqv5u08ln0udmvsxjfy1','MzFkYjQ5Yjc3MDdhZDkyYmFkODQ2MjdhMjI3NTc1YzhjNGRhNjViNDp7InVzZXJuYW1lIjoieWRuIn0=','2019-04-28 03:20:36.383377'),('e2fd9h0dqb5cl7oy7xt2pk4rrpre1jy1','YjIzNmY3OGRmZjk4NDQ0OGMwMjdiMjJiMmUxY2FmZjIyNmExY2I5NDp7InVzZXJuYW1lIjoibG9uZ252cCJ9','2019-05-04 02:56:09.344157'),('fq44tordah3e3ppgj1u7y5msbe87syxn','YTRiOWI2MTk3OGRkZDVlNDA5OTUwNDllOGY3NzcyYTJkOThjZGNkODp7InRlbmNvZGUiOiJsb25nbnZwIDkwNzM1MSJ9','2019-05-09 10:22:46.971980'),('g5zo4xgs0m3zx2xbz1tjeurde3cze0a7','MzFkYjQ5Yjc3MDdhZDkyYmFkODQ2MjdhMjI3NTc1YzhjNGRhNjViNDp7InVzZXJuYW1lIjoieWRuIn0=','2019-05-04 22:06:56.791198'),('ggnjjjusyla1ohucyj1yxluv4ozhvjo6','ZDQ2ZTY2ZjVlOGZlZTQ2MjZjYWZiZjBlNDFjOGFiYjA0MThhMjJhMDp7fQ==','2019-05-08 02:24:13.428593'),('gvsjorn17g9cb5z7gdvhggiyu27cdcym','ZjVjZTlkNTAxMTNkNjU4M2Y4MDQ5NDAzOTZhNzljMDdjZjAyMzk1MTp7InVzZXJuYW1lIjoiSG9hbmdUaGFvMTQyOSJ9','2019-05-05 05:59:44.878145'),('i79pcck9amcmrb8xzrme40z33mob8z49','NTA5MWM1ZGQ5OTk5NzMzOTM2MGJhNWQxYzY3OTI1NTY5MjBmMDZiODp7InVzZXJuYW1lIjoidHJ1bmducSJ9','2019-05-07 04:32:57.019644'),('ihnxie06f1y1geearyesxk0pchede1qp','ZGZiM2JjNGRmYmM0ZmNiMGFlYjBkYzMyMGVkZGI4ZmZjZjhmYmRjYjp7InVzZXJuYW1lIjoidHJ1bmducSIsImxvb2siOiIxIn0=','2019-05-09 20:09:46.928748'),('j6z5rrilzu93xehdqoxa0x3w8y8n4aqm','ZDQ2ZTY2ZjVlOGZlZTQ2MjZjYWZiZjBlNDFjOGFiYjA0MThhMjJhMDp7fQ==','2019-05-02 12:35:21.134448'),('jx2mviydbfyx1xgg404fizjnr483nsvn','MzFkYjQ5Yjc3MDdhZDkyYmFkODQ2MjdhMjI3NTc1YzhjNGRhNjViNDp7InVzZXJuYW1lIjoieWRuIn0=','2019-05-04 21:08:04.623707'),('jy1ktliztt53r7q3ieiu78ct2nl4b9ct','ZTU0MDc3YzI3ZDJhODI2YjU4YTBhNjAwN2U3OWY1ZWZkMWZjMTM0MTp7InVzZXJuYW1lIjoiTmd1eWVuVHJ1bmc0MzQ3In0=','2019-04-28 09:03:42.286152'),('jy3mcn9qrxb8usf7f08d5ukj4t5vptuh','MzFkYjQ5Yjc3MDdhZDkyYmFkODQ2MjdhMjI3NTc1YzhjNGRhNjViNDp7InVzZXJuYW1lIjoieWRuIn0=','2019-05-05 01:54:36.637823'),('l8fkjllmqnqmsylg3zraishyjzu7jh0g','ODIxOThjOWIyMDNjYzQ5ODdhMGFlNGFlMWIwNzk0Mzg1NDJiNzVmYjp7InVzZXJuYW1lIjoiYSJ9','2019-05-05 01:27:50.122778'),('laehhw0oi4okbexhby5061q4aji83izl','MDFiMjA5MTkwODdmZWJmNzMyYzQxMmRmYTQ2NDZlNjVlNTRkN2I1YTp7InVzZXJuYW1lIjoidHJpcGgifQ==','2019-04-27 12:51:21.743201'),('lh1cqppftdsgtzdh2lvi3skl52qz7a8f','MjdiODRkOTI2NGNjZTEwY2EzZmEyYmU0MWIwZmZmZTAxMGE2ZmY0OTp7InVzZXJuYW1lIjoidHJpZG0ifQ==','2019-05-09 23:09:05.885957'),('mo9ki9iuh77lv60iyjqgpvs3zdmh9kjg','NTA5MWM1ZGQ5OTk5NzMzOTM2MGJhNWQxYzY3OTI1NTY5MjBmMDZiODp7InVzZXJuYW1lIjoidHJ1bmducSJ9','2019-04-28 10:23:08.723399'),('n2piboysd19bolveaz8hrilwdpy4t3tq','MmY3MDhhMDA2NDdmMjM5M2JjMzhhOGRmMTIzYmQxYWRiNzM1OWU4Yjp7InVzZXJuYW1lIjoidHJpcGgiLCJsb29rIjoiMSJ9','2019-05-03 02:06:25.170935'),('nf5srnwjwrepbgv125d6l0v9jvu09vid','MmY3MDhhMDA2NDdmMjM5M2JjMzhhOGRmMTIzYmQxYWRiNzM1OWU4Yjp7InVzZXJuYW1lIjoidHJpcGgiLCJsb29rIjoiMSJ9','2019-04-29 18:05:15.155922'),('ohqrsy6oe3cwi0yljyya9ss6ta3yb2gb','MzFkYjQ5Yjc3MDdhZDkyYmFkODQ2MjdhMjI3NTc1YzhjNGRhNjViNDp7InVzZXJuYW1lIjoieWRuIn0=','2019-05-08 01:54:33.216522'),('oldxegt9om0i5osnef89n71q6j6i6rp3','MjliMDgwNWMyMThmOTEwNWU2ODI3NTVjMTA0NDA1ZjhlYWUxZjFjNTp7InVzZXJuYW1lIjoiTmVtb05lbW83Njg5In0=','2019-04-28 10:38:38.093411'),('olv9p86r1cx8p29z7coqaasf2mswcytw','MDFiMjA5MTkwODdmZWJmNzMyYzQxMmRmYTQ2NDZlNjVlNTRkN2I1YTp7InVzZXJuYW1lIjoidHJpcGgifQ==','2019-04-30 13:02:24.618507'),('opkft7f4hon0w648pcq51vegqlsic4i5','NTA5MWM1ZGQ5OTk5NzMzOTM2MGJhNWQxYzY3OTI1NTY5MjBmMDZiODp7InVzZXJuYW1lIjoidHJ1bmducSJ9','2019-04-30 13:04:37.523467'),('ot3uh3kg5eg0axd7lji0ohuf0vwzwowe','MDlhNjM1NTQ3MjA3MzliZDhmNjgwMzFhNjkyOGQwZDQ2YTU0NDQ3Nzp7InVzZXJuYW1lIjoibmdhbm50In0=','2019-05-09 14:19:43.318503'),('p4i8nt8dze5vsyz9zgun9pqq7u0wd7hl','MmY3MDhhMDA2NDdmMjM5M2JjMzhhOGRmMTIzYmQxYWRiNzM1OWU4Yjp7InVzZXJuYW1lIjoidHJpcGgiLCJsb29rIjoiMSJ9','2019-04-29 04:46:31.115359'),('pk5ian2ireme1s3w72kzwyjqs18rcvct','MDhhY2YyMjFiNzVkYmM4OTM3YWZjODI4NDkzMjRmYzM2MjM4YTc3MDp7InVzZXJuYW1lIjoia2hvYXRwbSJ9','2019-04-29 21:35:04.003158'),('puvymb2yppfbq8wdcn1n274tghxpud9g','MDhhY2YyMjFiNzVkYmM4OTM3YWZjODI4NDkzMjRmYzM2MjM4YTc3MDp7InVzZXJuYW1lIjoia2hvYXRwbSJ9','2019-05-09 23:55:03.888446'),('pxlb1z2umno3fu6kqi74uunoo3b5fpr5','ZGZiM2JjNGRmYmM0ZmNiMGFlYjBkYzMyMGVkZGI4ZmZjZjhmYmRjYjp7InVzZXJuYW1lIjoidHJ1bmducSIsImxvb2siOiIxIn0=','2019-05-04 11:47:25.272292'),('qmigcnujvcuixklbdweln0tizhwvcqjk','MzFkYjQ5Yjc3MDdhZDkyYmFkODQ2MjdhMjI3NTc1YzhjNGRhNjViNDp7InVzZXJuYW1lIjoieWRuIn0=','2019-04-29 05:59:52.147641'),('r0lrldhfwjokzgo3kk3f0kphj78mcr2e','MmY3MDhhMDA2NDdmMjM5M2JjMzhhOGRmMTIzYmQxYWRiNzM1OWU4Yjp7InVzZXJuYW1lIjoidHJpcGgiLCJsb29rIjoiMSJ9','2019-05-04 11:35:52.836543'),('svo5h1bfqg0dp7h1oabxkikpwr5qo90u','MzA4NmE3Y2VmN2U1Y2I2ZWIyNzRhZDMwODFkOGQ2MDA5OGI1NjZmMzp7InVzZXJuYW1lIjoiTVFWUGh1b25nNjc5NSJ9','2019-05-05 23:27:26.614636'),('sxtr60ilhuomk0r569mltvst65lc0fz6','ZDQ2ZTY2ZjVlOGZlZTQ2MjZjYWZiZjBlNDFjOGFiYjA0MThhMjJhMDp7fQ==','2019-05-01 09:17:00.179385'),('tel6e99vcib8bllax5vm48eib9hf6x4m','MmY3MDhhMDA2NDdmMjM5M2JjMzhhOGRmMTIzYmQxYWRiNzM1OWU4Yjp7InVzZXJuYW1lIjoidHJpcGgiLCJsb29rIjoiMSJ9','2019-05-03 15:21:59.500943'),('tfvyehaslvxgu0u7s8cv1m7hd0cms8z9','MDk0NWRjNmUyNjk5ODU1NjdmYmQwYWU4NzMxMWUyYmU5YzA4YTcyOTp7InVzZXJuYW1lIjoidHJpZG0iLCJsb29rIjoiMSJ9','2019-05-09 01:54:39.556430'),('trcno7t0sa2ldxm57w2ujfe0et2hw241','MmY3MDhhMDA2NDdmMjM5M2JjMzhhOGRmMTIzYmQxYWRiNzM1OWU4Yjp7InVzZXJuYW1lIjoidHJpcGgiLCJsb29rIjoiMSJ9','2019-05-02 11:28:30.466059'),('txwzcavfy7y042as6bnhzg67mekzbo68','MDFiMjA5MTkwODdmZWJmNzMyYzQxMmRmYTQ2NDZlNjVlNTRkN2I1YTp7InVzZXJuYW1lIjoidHJpcGgifQ==','2019-05-01 12:30:39.367074'),('u3wf175a0sn3zdj2ebu5hts1etge5d8y','MDk0NWRjNmUyNjk5ODU1NjdmYmQwYWU4NzMxMWUyYmU5YzA4YTcyOTp7InVzZXJuYW1lIjoidHJpZG0iLCJsb29rIjoiMSJ9','2019-04-28 05:27:49.613520'),('u9sr0bmlwx834n2dteyk3fevstfpyued','MDk0NWRjNmUyNjk5ODU1NjdmYmQwYWU4NzMxMWUyYmU5YzA4YTcyOTp7InVzZXJuYW1lIjoidHJpZG0iLCJsb29rIjoiMSJ9','2019-05-04 06:50:59.931667'),('umyvl3vr56zot4xmpov7t3cybb4yqayb','MDFiMjA5MTkwODdmZWJmNzMyYzQxMmRmYTQ2NDZlNjVlNTRkN2I1YTp7InVzZXJuYW1lIjoidHJpcGgifQ==','2019-05-07 23:55:36.209275'),('uveyx0j75cg4wia3mrbhdgkq3pcz9lt5','ZmM2ZDAwY2UwODM3MGJjYWM2MjIwZGE5MGYzOWNkMjY4NWUzNjM2ZDp7InVzZXJuYW1lIjoia2hvYXRwbSIsImxvb2siOiIxIn0=','2019-05-04 09:21:19.461653'),('ve8yi27cy639fkusir81jwipefhok4or','MDFiMjA5MTkwODdmZWJmNzMyYzQxMmRmYTQ2NDZlNjVlNTRkN2I1YTp7InVzZXJuYW1lIjoidHJpcGgifQ==','2019-05-07 04:01:52.013668'),('vecjvym8w5plh3stroygfm1h98v86zmd','NTA5MWM1ZGQ5OTk5NzMzOTM2MGJhNWQxYzY3OTI1NTY5MjBmMDZiODp7InVzZXJuYW1lIjoidHJ1bmducSJ9','2019-05-07 04:26:42.785869'),('vfddxbbzajfeurrp73e0i9wfezr1xlg9','NTA5MWM1ZGQ5OTk5NzMzOTM2MGJhNWQxYzY3OTI1NTY5MjBmMDZiODp7InVzZXJuYW1lIjoidHJ1bmducSJ9','2019-05-04 23:23:04.078234'),('vngz912d344pn236toiof59rmvj8h2qg','NTA5MWM1ZGQ5OTk5NzMzOTM2MGJhNWQxYzY3OTI1NTY5MjBmMDZiODp7InVzZXJuYW1lIjoidHJ1bmducSJ9','2019-05-05 01:29:32.055061'),('vsjyfx20okql00n4aaifqha13bsogc3g','MDhhY2YyMjFiNzVkYmM4OTM3YWZjODI4NDkzMjRmYzM2MjM4YTc3MDp7InVzZXJuYW1lIjoia2hvYXRwbSJ9','2019-05-07 22:03:57.404856'),('vugik9t4ao6jp6cu9kfjwfk2rrhe0nc4','ZGZiM2JjNGRmYmM0ZmNiMGFlYjBkYzMyMGVkZGI4ZmZjZjhmYmRjYjp7InVzZXJuYW1lIjoidHJ1bmducSIsImxvb2siOiIxIn0=','2019-05-09 01:50:42.010378'),('wce5hfgsxpaegubulacxqhmpg8ctswuz','MDQ2OGJiMzViYzRjZWNmOWVkMDc5ZjZmMjk5NzVjZmVjNTM3MGM4OTp7InVzZXJuYW1lIjoiUGhvbmdNYWMyMzE2In0=','2019-05-04 22:22:32.039704'),('wvgy5e4dz8askwqsewotf4uuzerfh3kp','ZmM2ZDAwY2UwODM3MGJjYWM2MjIwZGE5MGYzOWNkMjY4NWUzNjM2ZDp7InVzZXJuYW1lIjoia2hvYXRwbSIsImxvb2siOiIxIn0=','2019-04-29 04:18:27.597851'),('x0t0frx942ws5rd33llor1gmttwyeuky','ZDQ2ZTY2ZjVlOGZlZTQ2MjZjYWZiZjBlNDFjOGFiYjA0MThhMjJhMDp7fQ==','2019-05-02 21:48:28.927188'),('xahxwrmh9cqm252no1xx8tf5d10gygka','ZDQ2ZTY2ZjVlOGZlZTQ2MjZjYWZiZjBlNDFjOGFiYjA0MThhMjJhMDp7fQ==','2019-04-27 05:21:41.015384'),('xehuac1r7exe3k9kfgvpsvbj9jzl6s8y','MzFkYjQ5Yjc3MDdhZDkyYmFkODQ2MjdhMjI3NTc1YzhjNGRhNjViNDp7InVzZXJuYW1lIjoieWRuIn0=','2019-05-04 04:16:13.398266'),('xofoiwavaxovdtt9tuwf1knx6ak0qc3f','ZDQ2ZTY2ZjVlOGZlZTQ2MjZjYWZiZjBlNDFjOGFiYjA0MThhMjJhMDp7fQ==','2019-05-09 03:43:22.614711'),('y2a855ow0pwbtlhinuh2zupqxglw9xlk','YjIzNmY3OGRmZjk4NDQ0OGMwMjdiMjJiMmUxY2FmZjIyNmExY2I5NDp7InVzZXJuYW1lIjoibG9uZ252cCJ9','2019-05-08 00:25:38.348160'),('y2kg2gxd0i0uxjfigyxelagpdini4jqf','ZDQ2ZTY2ZjVlOGZlZTQ2MjZjYWZiZjBlNDFjOGFiYjA0MThhMjJhMDp7fQ==','2019-05-01 08:34:22.954587'),('y6835mkc9g4id65auviatsjyp6ak6f20','YjIzNmY3OGRmZjk4NDQ0OGMwMjdiMjJiMmUxY2FmZjIyNmExY2I5NDp7InVzZXJuYW1lIjoibG9uZ252cCJ9','2019-04-28 05:13:28.964726'),('ye622n59w3xt87e3yc26ut61dal5qq8v','MDk0NWRjNmUyNjk5ODU1NjdmYmQwYWU4NzMxMWUyYmU5YzA4YTcyOTp7InVzZXJuYW1lIjoidHJpZG0iLCJsb29rIjoiMSJ9','2019-04-29 11:32:10.817584'),('yo0keferrfcf9bf5fe0rhn9lumu88fdd','MzFkYjQ5Yjc3MDdhZDkyYmFkODQ2MjdhMjI3NTc1YzhjNGRhNjViNDp7InVzZXJuYW1lIjoieWRuIn0=','2019-04-28 09:30:36.971957'),('yv8mf670xjumnkaygaa3824hd0vxslha','MDk0NWRjNmUyNjk5ODU1NjdmYmQwYWU4NzMxMWUyYmU5YzA4YTcyOTp7InVzZXJuYW1lIjoidHJpZG0iLCJsb29rIjoiMSJ9','2019-05-03 11:35:45.834987'),('yy7u846x9cdmwh7zhsaiejya2evq0x6h','NTA5MWM1ZGQ5OTk5NzMzOTM2MGJhNWQxYzY3OTI1NTY5MjBmMDZiODp7InVzZXJuYW1lIjoidHJ1bmducSJ9','2019-04-29 11:10:37.968204'),('z0bbi9zr3vywx275pgrl1pgqq5wapkfi','ZWZhNTk2YThiMWM0NTA5MWQzZjMzOGMyZThlNDU2ZDUxMzdiYThkMDp7InVzZXJuYW1lIjoiTmd1eWVuUXVvYzg3MjQifQ==','2019-05-07 06:17:52.381157'),('zicnvq1gnfqf2b5kvbq068v8q37wwreq','MDFiMjA5MTkwODdmZWJmNzMyYzQxMmRmYTQ2NDZlNjVlNTRkN2I1YTp7InVzZXJuYW1lIjoidHJpcGgifQ==','2019-05-08 00:18:51.897594');
/*!40000 ALTER TABLE `django_session` ENABLE KEYS */;
UNLOCK TABLES;

--
-- Table structure for table `enrollment`
--

DROP TABLE IF EXISTS `enrollment`;
/*!40101 SET @saved_cs_client     = @@character_set_client */;
 SET character_set_client = utf8mb4 ;
CREATE TABLE `enrollment` (
  `EnrollmentID` int(11) NOT NULL AUTO_INCREMENT,
  `CreateDate` datetime(6) DEFAULT NULL,
  `EditDate` datetime(6) DEFAULT NULL,
  `IsEnable` int(11) DEFAULT NULL,
  `Note` varchar(250) COLLATE utf8_unicode_ci DEFAULT NULL,
  `AccountID` int(11) DEFAULT NULL,
  `SubjectID` int(11) DEFAULT NULL,
  PRIMARY KEY (`EnrollmentID`),
  KEY `enrollment_AccountID_3bff07d0_fk_account_AccountID` (`AccountID`),
  KEY `enrollment_SubjectID_271cbd1d_fk_subject_SubjectID` (`SubjectID`),
  CONSTRAINT `enrollment_AccountID_3bff07d0_fk_account_AccountID` FOREIGN KEY (`AccountID`) REFERENCES `account` (`AccountID`),
  CONSTRAINT `enrollment_SubjectID_271cbd1d_fk_subject_SubjectID` FOREIGN KEY (`SubjectID`) REFERENCES `subject` (`SubjectID`)
) ENGINE=InnoDB AUTO_INCREMENT=45 DEFAULT CHARSET=utf8 COLLATE=utf8_unicode_ci;
/*!40101 SET character_set_client = @saved_cs_client */;

--
-- Dumping data for table `enrollment`
--

LOCK TABLES `enrollment` WRITE;
/*!40000 ALTER TABLE `enrollment` DISABLE KEYS */;
INSERT INTO `enrollment` VALUES (1,'2019-04-27 17:27:23.435951','2019-04-27 17:27:23.435958',1,NULL,5,3),(2,'2019-04-27 22:40:06.305963','2019-04-27 22:40:06.305970',1,NULL,7,1),(3,'2019-04-27 23:50:27.553434','2019-04-27 23:50:27.553439',1,NULL,7,3),(4,'2019-04-28 14:14:47.880053','2019-04-28 14:14:47.880059',1,NULL,6,2),(5,'2019-04-28 23:20:54.883990','2019-04-28 23:20:54.883995',1,NULL,5,4),(6,'2019-04-29 12:02:57.925247','2019-04-29 12:02:57.925254',1,NULL,4,1),(7,'2019-05-03 19:21:37.939614','2019-05-03 19:21:37.939621',1,NULL,4,2),(8,'2019-05-04 10:22:48.105430','2019-05-04 10:22:48.105437',1,NULL,22,2),(9,'2019-05-04 10:23:59.902852','2019-05-04 10:23:59.902858',1,NULL,3,1),(10,'2019-05-04 11:31:24.013634','2019-05-04 11:31:24.013637',1,NULL,3,2),(11,'2019-05-04 13:55:32.109462','2019-05-04 13:55:32.109469',1,NULL,3,3),(12,'2019-05-04 16:36:28.357739','2019-05-04 16:36:28.357744',1,NULL,27,3),(13,'2019-05-04 18:00:27.147030','2019-05-04 18:00:27.147035',1,NULL,29,1),(14,'2019-05-05 01:56:33.122412','2019-05-05 01:56:33.122418',1,NULL,30,3),(15,'2019-05-05 11:28:00.892352','2019-05-05 11:28:00.892357',1,NULL,31,3),(16,'2019-05-06 10:24:54.974234','2019-05-06 10:24:54.974239',1,NULL,32,1),(17,'2019-05-06 17:21:27.421847','2019-05-06 17:21:27.421853',1,NULL,34,1),(18,'2019-05-06 17:35:16.449695','2019-05-06 17:35:16.449701',1,NULL,34,3),(19,'2019-05-06 18:09:44.047640','2019-05-06 18:09:44.047645',1,NULL,2,3),(20,'2019-05-07 01:43:02.663229','2019-05-07 01:43:02.663236',1,NULL,7,4),(21,'2019-05-07 11:04:31.182417','2019-05-07 11:04:31.182422',1,NULL,6,6),(22,'2019-05-08 15:32:58.361098','2019-05-08 15:32:58.361120',1,NULL,42,1),(23,'2019-05-08 15:33:12.700513','2019-05-08 15:33:12.700518',1,NULL,42,2),(24,'2019-05-08 15:33:30.031468','2019-05-08 15:33:30.031474',1,NULL,42,3),(25,'2019-05-08 15:34:17.270699','2019-05-08 15:34:17.270706',1,NULL,43,1),(26,'2019-05-08 15:34:31.320007','2019-05-08 15:34:31.320014',1,NULL,43,2),(27,'2019-05-08 15:34:45.609984','2019-05-08 15:34:45.609990',1,NULL,43,3),(28,'2019-05-08 15:35:21.163448','2019-05-08 15:35:21.163454',1,NULL,44,1),(29,'2019-05-08 15:35:35.268802','2019-05-08 15:35:35.268808',1,NULL,44,2),(30,'2019-05-08 15:35:49.533898','2019-05-08 15:35:49.533905',1,NULL,44,3),(31,'2019-05-08 15:36:49.662087','2019-05-08 15:36:49.662094',1,NULL,35,1),(32,'2019-05-08 15:37:06.412381','2019-05-08 15:37:06.412388',1,NULL,35,2),(33,'2019-05-08 15:37:20.421007','2019-05-08 15:37:20.421012',1,NULL,35,3),(34,'2019-05-08 15:37:54.824654','2019-05-08 15:37:54.824660',1,NULL,36,1),(35,'2019-05-08 15:38:09.713577','2019-05-08 15:38:09.713583',1,NULL,36,2),(36,'2019-05-08 15:38:22.834061','2019-05-08 15:38:22.834066',1,NULL,36,3),(37,'2019-05-08 15:39:01.370743','2019-05-08 15:39:01.370749',1,NULL,37,1),(38,'2019-05-08 15:39:16.579637','2019-05-08 15:39:16.579644',1,NULL,37,2),(39,'2019-05-08 15:39:30.608305','2019-05-08 15:39:30.608310',1,NULL,37,3),(40,'2019-05-08 22:18:02.612940','2019-05-08 22:18:02.612946',1,NULL,3,6),(41,'2019-05-09 02:24:29.345464','2019-05-09 02:24:29.345471',1,NULL,38,1),(42,'2019-05-09 02:26:35.927758','2019-05-09 02:26:35.927765',1,NULL,38,2),(43,'2019-05-09 02:29:35.605143','2019-05-09 02:29:35.605149',1,NULL,38,3),(44,'2019-05-09 11:01:22.407788','2019-05-09 11:01:22.407793',1,NULL,38,5);
/*!40000 ALTER TABLE `enrollment` ENABLE KEYS */;
UNLOCK TABLES;

--
-- Table structure for table `enviromentcate`
--

DROP TABLE IF EXISTS `enviromentcate`;
/*!40101 SET @saved_cs_client     = @@character_set_client */;
 SET character_set_client = utf8mb4 ;
CREATE TABLE `enviromentcate` (
  `EnviromentCateID` int(11) NOT NULL AUTO_INCREMENT,
  `EnviromentCateName` varchar(250) COLLATE utf8_unicode_ci DEFAULT NULL,
  `CreateDate` datetime(6) DEFAULT NULL,
  `EditDate` datetime(6) DEFAULT NULL,
  `IsEnable` int(11) DEFAULT NULL,
  `Note` varchar(250) COLLATE utf8_unicode_ci DEFAULT NULL,
  PRIMARY KEY (`EnviromentCateID`)
) ENGINE=InnoDB AUTO_INCREMENT=6 DEFAULT CHARSET=utf8 COLLATE=utf8_unicode_ci;
/*!40101 SET character_set_client = @saved_cs_client */;

--
-- Dumping data for table `enviromentcate`
--

LOCK TABLES `enviromentcate` WRITE;
/*!40000 ALTER TABLE `enviromentcate` DISABLE KEYS */;
INSERT INTO `enviromentcate` VALUES (1,'Tynker','2019-04-26 00:00:00.000000','2019-04-26 00:00:00.000000',1,NULL),(2,'Alice 3D','2019-04-26 00:00:00.000000','2019-04-26 00:00:00.000000',1,NULL),(3,'Arduino','2019-04-26 00:00:00.000000','2019-04-26 00:00:00.000000',1,NULL),(4,'Stencyl','2019-04-26 00:00:00.000000','2019-04-26 00:00:00.000000',1,NULL),(5,'Scratch','2019-04-26 00:00:00.000000','2019-04-26 00:00:00.000000',1,NULL);
/*!40000 ALTER TABLE `enviromentcate` ENABLE KEYS */;
UNLOCK TABLES;

--
-- Table structure for table `fastchat`
--

DROP TABLE IF EXISTS `fastchat`;
/*!40101 SET @saved_cs_client     = @@character_set_client */;
 SET character_set_client = utf8mb4 ;
CREATE TABLE `fastchat` (
  `FastChatID` int(11) NOT NULL AUTO_INCREMENT,
  `Content` longtext COLLATE utf8_unicode_ci,
  `CreateDate` datetime(6) DEFAULT NULL,
  `IsEnable` int(11) DEFAULT NULL,
  `Note` varchar(250) COLLATE utf8_unicode_ci DEFAULT NULL,
  `AccountID` int(11) DEFAULT NULL,
  PRIMARY KEY (`FastChatID`),
  KEY `fastchat_AccountID_6fc30b37_fk_account_AccountID` (`AccountID`),
  CONSTRAINT `fastchat_AccountID_6fc30b37_fk_account_AccountID` FOREIGN KEY (`AccountID`) REFERENCES `account` (`AccountID`)
) ENGINE=InnoDB AUTO_INCREMENT=2 DEFAULT CHARSET=utf8 COLLATE=utf8_unicode_ci;
/*!40101 SET character_set_client = @saved_cs_client */;

--
-- Dumping data for table `fastchat`
--

LOCK TABLES `fastchat` WRITE;
/*!40000 ALTER TABLE `fastchat` DISABLE KEYS */;
INSERT INTO `fastchat` VALUES (1,'Alo','2019-05-09 10:56:54.695282',1,'',4);
/*!40000 ALTER TABLE `fastchat` ENABLE KEYS */;
UNLOCK TABLES;

--
-- Table structure for table `footer`
--

DROP TABLE IF EXISTS `footer`;
/*!40101 SET @saved_cs_client     = @@character_set_client */;
 SET character_set_client = utf8mb4 ;
CREATE TABLE `footer` (
  `FooterID` int(11) NOT NULL AUTO_INCREMENT,
  `FooterName` varchar(250) COLLATE utf8_unicode_ci DEFAULT NULL,
  `Content` longtext COLLATE utf8_unicode_ci,
  `Link` varchar(250) COLLATE utf8_unicode_ci DEFAULT NULL,
  `CreateDate` datetime(6) DEFAULT NULL,
  `EditDate` datetime(6) DEFAULT NULL,
  `IsEnable` int(11) DEFAULT NULL,
  `Image` varchar(250) COLLATE utf8_unicode_ci DEFAULT NULL,
  `Note` varchar(250) COLLATE utf8_unicode_ci DEFAULT NULL,
  PRIMARY KEY (`FooterID`)
) ENGINE=InnoDB DEFAULT CHARSET=utf8 COLLATE=utf8_unicode_ci;
/*!40101 SET character_set_client = @saved_cs_client */;

--
-- Dumping data for table `footer`
--

LOCK TABLES `footer` WRITE;
/*!40000 ALTER TABLE `footer` DISABLE KEYS */;
/*!40000 ALTER TABLE `footer` ENABLE KEYS */;
UNLOCK TABLES;

--
-- Table structure for table `forum`
--

DROP TABLE IF EXISTS `forum`;
/*!40101 SET @saved_cs_client     = @@character_set_client */;
 SET character_set_client = utf8mb4 ;
CREATE TABLE `forum` (
  `ForumTopicID` int(11) NOT NULL AUTO_INCREMENT,
  `ForumTopicName` varchar(250) COLLATE utf8_unicode_ci DEFAULT NULL,
  `Description` varchar(250) COLLATE utf8_unicode_ci DEFAULT NULL,
  `Content` longtext COLLATE utf8_unicode_ci,
  `Avatar` varchar(250) COLLATE utf8_unicode_ci DEFAULT NULL,
  `CreateDate` datetime(6) DEFAULT NULL,
  `EditDate` datetime(6) DEFAULT NULL,
  `ViewCount` int(11) DEFAULT NULL,
  `LikeCount` int(11) DEFAULT NULL,
  `IsEnable` int(11) DEFAULT NULL,
  `Note` varchar(250) COLLATE utf8_unicode_ci DEFAULT NULL,
  `AccountID` int(11) DEFAULT NULL,
  `EnviromentCateID` int(11) DEFAULT NULL,
  `SubjectID` int(11) DEFAULT NULL,
  PRIMARY KEY (`ForumTopicID`),
  KEY `forum_AccountID_510afe9e_fk_account_AccountID` (`AccountID`),
  KEY `forum_EnviromentCateID_6db38afc_fk_enviromen` (`EnviromentCateID`),
  KEY `forum_SubjectID_ff804b5c_fk_subject_SubjectID` (`SubjectID`),
  CONSTRAINT `forum_AccountID_510afe9e_fk_account_AccountID` FOREIGN KEY (`AccountID`) REFERENCES `account` (`AccountID`),
  CONSTRAINT `forum_EnviromentCateID_6db38afc_fk_enviromen` FOREIGN KEY (`EnviromentCateID`) REFERENCES `enviromentcate` (`EnviromentCateID`),
  CONSTRAINT `forum_SubjectID_ff804b5c_fk_subject_SubjectID` FOREIGN KEY (`SubjectID`) REFERENCES `subject` (`SubjectID`)
) ENGINE=InnoDB AUTO_INCREMENT=12 DEFAULT CHARSET=utf8 COLLATE=utf8_unicode_ci;
/*!40101 SET character_set_client = @saved_cs_client */;

--
-- Dumping data for table `forum`
--

LOCK TABLES `forum` WRITE;
/*!40000 ALTER TABLE `forum` DISABLE KEYS */;
INSERT INTO `forum` VALUES (1,'[Hướng Dẫn] Tạo Vòng Trái Tim Chớp Tắt Liên Tục Bằng Led Đơn Giản',NULL,'<p style=\"margin-left:0cm; margin-right:0cm; text-align:justify\"><span style=\"color:#8e44ad\"><span style=\"font-size:20px\"><em><span style=\"font-family:Calibri,sans-serif\"><span style=\"font-family:&quot;Times New Roman&quot;,serif\">Ch&agrave;o c&aacute;c anh chị v&agrave; c&aacute;c bạn, Em đang tham gia kh&oacute;a học về arduino cơ bản của website v&agrave; hiện đ&atilde; học đến b&agrave;i V&iacute; dụ đơn giản với Led. Tuy đ&atilde; cố gắng nhưng em mới chỉ c&oacute; thể l&agrave;m được những v&iacute; dụ đơn giản. B&acirc;y giờ em muốn l&agrave;m một c&aacute;i g&igrave; đ&oacute; hay ho hơn dữa tr&ecirc;n những c&aacute;i đ&atilde; học, Anh Chị n&agrave;o c&oacute; thể gi&uacute;p em tạo ra một tr&aacute;i tim v&ograve;ng bằng Led s&aacute;ng tắt li&ecirc;n tục được kh&ocirc;ng ạ ? Em ch&acirc;n th&agrave;nh cảm ơn anh chị.</span></span></em></span></span></p>\r\n\r\n<p style=\"margin-left:0cm; margin-right:0cm; text-align:center\"><img src=\"/media/2019/04/28/image_CJ9E4nx.png\" style=\"height:397px; width:530px\" /></p>\r\n','/media/dss.png','2019-04-28 17:32:10.568920','2019-04-28 17:32:10.568926',6,0,1,'',5,3,3),(2,'[Hỏi – Đáp] Nối Mạch Trong Động Cơ V1 ',NULL,'<p style=\"margin-left:0cm; margin-right:0cm; text-align:justify\"><strong><span style=\"color:#16a085\"><span style=\"font-size:20px\"><span style=\"font-family:Calibri,sans-serif\"><span style=\"font-family:&quot;Times New Roman&quot;,serif\">Ch&agrave;o anh chị v&agrave; c&aacute;c bạn, đang học l&agrave;m xe tự h&agrave;nh đơn giản , hiện tại em đ&atilde; học đến b&agrave;i cảm biến si&ecirc;u &acirc;m&hellip;em thấy nhiều anh chị d&ugrave;ng mỏ h&agrave;ng để kết nối mạch của động cơ với d&acirc;y dẫn. Nhưng bản th&acirc;n em lại kh&ocirc;ng c&oacute; mỏ h&agrave;ng v&agrave; cũng kh&ocirc;ng phải d&acirc;n chuy&ecirc;n về cơ kh&iacute; n&ecirc;n việc sử dụng mỏ h&agrave;ng đối với em l&agrave; rất nguy hiểm. V&igrave; thế, cho em hỏi l&agrave; ch&uacute;ng ta c&oacute; phương ph&aacute;p n&agrave;o kh&aacute;c để kết nối c&aacute;c linh kiện v&oacute;i nhau m&agrave; kh&ocirc;ng cần mỏ h&agrave;ng kh&ocirc;ng ạ ? </span></span></span></span></strong></p>\r\n\r\n<p style=\"margin-left:0cm; margin-right:0cm; text-align:center\"><strong><span style=\"color:#16a085\"><span style=\"font-size:20px\"><span style=\"font-family:Calibri,sans-serif\"><span style=\"font-family:&quot;Times New Roman&quot;,serif\"><img alt=\"\" src=\"/media/2019/04/28/47a1263d3ae09567ab11fb1c99da3594.jpg\" style=\"height:500px; width:500px\" /></span></span></span></span></strong></p>\r\n\r\n<p style=\"margin-left:0cm; margin-right:0cm; text-align:justify\"><strong><span style=\"color:#16a085\"><span style=\"font-size:20px\"><span style=\"font-family:Calibri,sans-serif\"><span style=\"font-family:&quot;Times New Roman&quot;,serif\">Em xin ch&acirc;n th&agrave;nh cảm ơn!</span></span></span></span></strong></p>\r\n','/media/47a1263d3ae09567ab11fb1c99da3594.jpg','2019-04-28 17:35:19.771813','2019-04-28 17:35:19.771828',7,0,1,'',5,3,3),(3,'[ HỎI ĐÁP] Làm hệ thống tưới tiêu tự động ','Cần hướng dẫn Hệ thống tưới tiêu tự động  ','<p style=\"text-align:justify\"><span style=\"font-size:20px\"><strong><span style=\"color:#8e44ad\">Trong cuộc sống bận rộn hiện nay, nhiều bạn vẫn c&oacute; th&uacute; vui l&agrave; trồng những c&acirc;y cảnh, vườn rau trong kh&ocirc;ng gian trống của nh&agrave; m&igrave;nh như s&acirc;n thượng, ban c&ocirc;ng. Tuy nhi&ecirc;n, trong những l&uacute;c bạn bận đi c&ocirc;ng t&aacute;c nhiều ng&agrave;y th&igrave; những c&acirc;y cảnh v&agrave; vườn hoa ở nh&agrave; sẽ kh&ocirc;ng ai tưới nước.&nbsp;</span></strong></span></p>\r\n\r\n<p style=\"text-align:center\"><span style=\"font-size:20px\"><strong><span style=\"color:#8e44ad\"><img alt=\"\" src=\"/media/2019/04/28/he-thong-bom-nuoc-tu-dong-h4.jpg\" style=\"height:438px; width:594px\" /></span></strong></span></p>\r\n\r\n<p style=\"text-align:justify\"><span style=\"font-size:20px\"><strong><span style=\"color:#8e44ad\">V&igrave; vậy, h&ocirc;m nay m&igrave;nh tạo chủ đề n&agrave;y hy vọng c&oacute; cao nh&acirc;n gi&uacute;p đỡ... Hướng dẫn m&igrave;nh l&agrave;m hệ thống tưới ti&ecirc;u đơn giản bằng c&aacute;ch ứng dụng Mạch Arduino, &iacute;t tốn k&eacute;m x&iacute;u.</span></strong></span></p>\r\n\r\n<p style=\"text-align:justify\"><span style=\"font-size:20px\"><strong><span style=\"color:#8e44ad\">M&igrave;nh hy vọng nhận được nhiều phản hồi từ c&aacute;c bạn,&nbsp;</span></strong></span></p>\r\n\r\n<p style=\"text-align:justify\"><span style=\"font-size:20px\"><strong><span style=\"color:#8e44ad\">Tr&acirc;n trọng cảm ơn</span></strong></span></p>\r\n','/media/he-thong-bom-nuoc-tu-dong-h4.jpg','2019-04-28 18:14:55.160802','2019-04-28 18:14:55.160808',3,0,1,'',5,3,NULL),(4,'Tại sao khi chạy chương trình thời gian bằng 0 ngay lập tức',NULL,'<p><span style=\"font-size:18px\"><span style=\"font-family:Times New Roman,Times,serif\">T&ocirc;i đ&atilde; tạo một thủ tục t&ecirc;n <strong>tinhthoigian</strong></span></span></p>\r\n\r\n<p><span style=\"font-size:18px\"><span style=\"font-family:Times New Roman,Times,serif\"><img alt=\"\" src=\"/media/2019/05/02/code1.JPG\" style=\"height:185px; width:460px\" /></span></span></p>\r\n\r\n<p><span style=\"font-size:18px\"><span style=\"font-family:Times New Roman,Times,serif\">T&ocirc;i đ&atilde; sử dụng sự kiện <strong>SceneActivation</strong></span></span></p>\r\n\r\n<p><span style=\"font-size:18px\"><span style=\"font-family:Times New Roman,Times,serif\"><img alt=\"\" src=\"/media/2019/05/02/code2.JPG\" style=\"height:124px; width:346px\" /></span></span></p>\r\n\r\n<p><span style=\"font-size:18px\"><span style=\"font-family:Times New Roman,Times,serif\">Đ&acirc;y l&agrave; kết quả khi t&ocirc;i chạy chương tr&igrave;nh:</span></span></p>\r\n\r\n<p><span style=\"font-size:18px\"><span style=\"font-family:Times New Roman,Times,serif\"><img alt=\"\" src=\"/media/2019/05/02/chayct.JPG\" style=\"height:430px; width:655px\" /></span></span></p>\r\n\r\n<p><span style=\"font-size:18px\"><span style=\"font-family:Times New Roman,Times,serif\">Mọi người gi&uacute;p t&ocirc;i giải quyết lỗi n&agrave;y với, cảm ơn mọi người!</span></span></p>\r\n','/media/BackgroundAlice_hy70zfD.jpg','2019-05-02 21:24:16.553900','2019-05-02 21:24:16.553904',12,0,1,'',6,2,2),(6,'[Hỏi - Đáp] Ý tưởng tạo dự án \"Đố bạn, con vật gì đây?\"','1','<p style=\"text-align:center\"><img alt=\"\" src=\"/media/2019/05/07/capture4.png\" style=\"width:100%\" /></p>\r\n\r\n<p style=\"text-align:justify\"><span style=\"color:#2980b9\"><span style=\"font-size:20px\"><span style=\"font-family:Times New Roman,Times,serif\"><strong>Ch&agrave;o anh chị v&agrave; c&aacute;c bạn, dựa tr&ecirc;n &yacute; tưởng b&agrave;i &quot;Đi t&igrave;m ẩn số&quot;, em muốn thực hiện một dự &aacute;n tương tự. Cụ thể l&agrave; dự &aacute;n mang t&ecirc;n &quot;Đố bạn, con vật g&igrave; đ&acirc;y?&quot;. Vậy để thực hiện dự &aacute;n tr&ecirc;n, mọi người c&oacute; thể gợi &yacute; cho em &yacute; tưởng v&agrave; c&aacute;ch thực hiện như thế n&agrave;o được kh&ocirc;ng?</strong></span></span></span></p>\r\n\r\n<p style=\"text-align:justify\"><span style=\"color:#2980b9\"><span style=\"font-size:20px\"><span style=\"font-family:Times New Roman,Times,serif\"><strong>Em cảm ơn mọi người rất nhiều!</strong></span></span></span></p>\r\n','/media/Capture4.png','2019-05-07 12:15:05.213386','2019-05-07 16:08:31.976664',5,0,1,'',7,1,NULL),(7,'(P1) CÁCH GIẢI THÍCH THUẬT TOÁN CHO TRẺ EM','None','<p style=\"text-align:center\"><img alt=\"\" src=\"/media/2019/05/07/algorithm-blog.png\" style=\"width:100%\" /></p>\r\n\r\n<p style=\"text-align:center\"><strong><span style=\"color:#e74c3c\"><span style=\"font-size:28px\"><span style=\"font-family:Times New Roman,Times,serif\">C&Aacute;CH GIẢI TH&Iacute;CH THUẬT TO&Aacute;N CHO TRẺ EM</span></span></span></strong></p>\r\n\r\n<p style=\"text-align:justify\"><span style=\"color:#d35400\"><span style=\"font-family:Times New Roman,Times,serif\"><span style=\"font-size:20px\">Từ thuật to&aacute;n thuật ngữ c&oacute; thể kh&ocirc;ng li&ecirc;n quan đến trẻ em, nhưng sự thật l&agrave; c&aacute;c thuật to&aacute;n ở xung quanh ch&uacute;ng, chi phối mọi thứ từ c&ocirc;ng nghệ m&agrave; ch&uacute;ng sử dụng cho đến c&aacute;c quyết định trần tục m&agrave; ch&uacute;ng đưa ra mỗi ng&agrave;y. C&aacute;c thuật to&aacute;n rất hấp dẫn v&agrave;, mặc d&ugrave; một số kh&aacute; phức tạp, bản th&acirc;n kh&aacute;i niệm n&agrave;y thực sự kh&aacute; đơn giản.</span></span></span></p>\r\n\r\n<p style=\"text-align:justify\"><span style=\"color:#d35400\"><span style=\"font-family:Times New Roman,Times,serif\"><span style=\"font-size:20px\"><strong>Thuật to&aacute;n l&agrave; g&igrave;?</strong><br />\r\nThuật to&aacute;n l&agrave; một tập lệnh hoặc c&ocirc;ng thức từng bước chi tiết để giải quyết vấn đề hoặc ho&agrave;n th&agrave;nh một nhiệm vụ. Trong điện to&aacute;n, c&aacute;c lập tr&igrave;nh vi&ecirc;n viết c&aacute;c thuật to&aacute;n hướng dẫn m&aacute;y t&iacute;nh c&aacute;ch thực hiện một t&aacute;c vụ.</span></span></span></p>\r\n\r\n<p style=\"text-align:justify\"><span style=\"color:#d35400\"><span style=\"font-family:Times New Roman,Times,serif\"><span style=\"font-size:20px\">Khi bạn nghĩ về một thuật to&aacute;n theo c&aacute;ch chung nhất (kh&ocirc;ng chỉ li&ecirc;n quan đến điện to&aacute;n), c&aacute;c thuật to&aacute;n c&oacute; ở khắp mọi nơi. Một c&ocirc;ng thức để l&agrave;m thức ăn l&agrave; một thuật to&aacute;n, phương ph&aacute;p bạn sử dụng để giải c&aacute;c b&agrave;i to&aacute;n cộng hoặc chia d&agrave;i l&agrave; một thuật to&aacute;n v&agrave; qu&aacute; tr&igrave;nh gấp &aacute;o hoặc một chiếc quần l&agrave; một thuật to&aacute;n. Ngay cả th&oacute;i quen buổi s&aacute;ng của bạn c&oacute; thể được coi l&agrave; một thuật to&aacute;n! Tr&ecirc;n thực tế, ở đ&acirc;y, những g&igrave; m&agrave; buổi s&aacute;ng con bạn c&oacute; thể tr&ocirc;ng giống như được viết ra như một thuật to&aacute;n:</span></span></span></p>\r\n\r\n<p style=\"text-align:center\"><img alt=\"\" src=\"/media/2019/05/07/2016-03-18.png\" style=\"width:100%\" /></p>\r\n\r\n<p style=\"text-align:justify\"><span style=\"color:#d35400\"><span style=\"font-size:20px\"><span style=\"font-family:Times New Roman,Times,serif\"><strong>Trẻ em c&oacute; thể viết c&aacute;c thuật to&aacute;n ri&ecirc;ng của họ!</strong><br />\r\nKhuyến kh&iacute;ch con bạn viết ra thuật to&aacute;n buổi s&aacute;ng của ch&uacute;ng, hoặc thuật to&aacute;n cho một nhiệm vụ thậm ch&iacute; đơn giản hơn, như đ&aacute;nh răng hoặc ăn ngũ cốc. Kh&ocirc;ng biết điều đ&oacute;, họ sẽ kh&aacute;m ph&aacute; c&aacute;c kh&aacute;i niệm t&iacute;nh to&aacute;n quan trọng như lặp đi lặp lại (chải răng tr&aacute;i năm lần), giải tr&igrave;nh tự (cho ngũ cốc v&agrave;o b&aacute;t v&agrave; sau đ&oacute; cho v&agrave;o sữa), v&agrave; logic c&oacute; điều kiện (nếu b&aacute;t rỗng, h&atilde;y ngừng ăn).</span></span></span></p>\r\n\r\n<p style=\"text-align:justify\"><span style=\"color:#d35400\"><span style=\"font-size:20px\"><span style=\"font-family:Times New Roman,Times,serif\">Th&aacute;ch thức con bạn c&agrave;ng cụ thể với c&aacute;c hướng dẫn c&agrave;ng tốt. M&aacute;y vi t&iacute;nh donith hiểu &yacute; định của bạn, v&igrave; vậy nếu bạn don quy định rằng bạn cần lấy b&aacute;t ra trước, cuối c&ugrave;ng bạn sẽ đổ sữa xuống s&agrave;n!</span></span></span></p>\r\n\r\n<p style=\"text-align:justify\"><span style=\"color:#d35400\"><span style=\"font-size:20px\"><span style=\"font-family:Times New Roman,Times,serif\">Trong lớp to&aacute;n, trẻ học về c&aacute;c số nguy&ecirc;n tố v&agrave; c&aacute;ch x&aacute;c định xem một số c&oacute; phải l&agrave; số nguy&ecirc;n tố hay kh&ocirc;ng. Nhưng với số lượng lớn, điều n&agrave;y rất kh&oacute; khăn! Đối với số 493, bạn phải thử hơn 15 ph&eacute;p t&iacute;nh để biết rằng 493 kh&ocirc;ng phải l&agrave; số nguy&ecirc;n tố (17 * 29 = 493). Trẻ em c&oacute; thể viết một thuật to&aacute;n trong Tynker để x&aacute;c định xem một số c&oacute; phải l&agrave; số nguy&ecirc;n tố hay kh&ocirc;ng.</span></span></span></p>\r\n\r\n<p><iframe frameborder=\"0\" src=\"//www.tynker.com/ide/embedded?p=56ec69caaf923118098b456c&amp;controls=false&amp;autostart=false\" style=\"width:100%; height:768px\"></iframe></p>\r\n\r\n<p style=\"text-align:center\"><span style=\"font-size:20px\"><span style=\"font-family:Times New Roman,Times,serif\"><strong><a href=\"https://www.tynker.com/ide/?p=56ec69caaf923118098b456c#close-modal\">Nh&igrave;n c&aacute;ch hoạt động của thuật to&aacute;n</a></strong></span></span></p>\r\n\r\n<p style=\"text-align:justify\"><span style=\"color:#d35400\"><span style=\"font-size:20px\"><span style=\"font-family:Times New Roman,Times,serif\"><strong>Lợi &iacute;ch của tư duy thuật to&aacute;n</strong><br />\r\nTư duy thuật to&aacute;n, hoặc khả năng x&aacute;c định c&aacute;c bước r&otilde; r&agrave;ng để giải quyết vấn đề, l&agrave; rất quan trọng trong c&aacute;c m&ocirc;n học như to&aacute;n học v&agrave; khoa học. Trẻ em sử dụng c&aacute;c thuật to&aacute;n m&agrave; kh&ocirc;ng nhận ra n&oacute; mọi l&uacute;c, đặc biệt l&agrave; trong to&aacute;n học. Để giải quyết vấn đề ph&acirc;n chia d&agrave;i, trẻ em &aacute;p dụng một thuật to&aacute;n m&agrave; ch&uacute;ng đ&atilde; học để lặp lại th&ocirc;ng qua c&aacute;c chữ số của số m&agrave; ch&uacute;ng chia. Đối với mỗi chữ số của cổ tức (số được chia), đứa trẻ phải chia, nh&acirc;n v&agrave; trừ. Tư duy thuật to&aacute;n cho ph&eacute;p trẻ em ph&aacute; vỡ c&aacute;c vấn đề v&agrave; kh&aacute;i niệm h&oacute;a c&aacute;c giải ph&aacute;p theo c&aacute;c bước ri&ecirc;ng biệt trong một quy tr&igrave;nh.</span></span></span></p>\r\n\r\n<p style=\"text-align:justify\"><span style=\"color:#d35400\"><span style=\"font-size:20px\"><span style=\"font-family:Times New Roman,Times,serif\">Trẻ em c&oacute; thể củng cố c&aacute;c kỹ năng tư duy thuật to&aacute;n bằng c&aacute;ch ho&agrave;n th&agrave;nh c&aacute;c hoạt động m&atilde; h&oacute;a tr&ecirc;n trang Giờ M&atilde; của ch&uacute;ng t&ocirc;i. Để ho&agrave;n th&agrave;nh c&aacute;c c&acirc;u đố, trẻ em thiết kế c&aacute;c thuật to&aacute;n đơn giản dựa tr&ecirc;n tr&igrave;nh tự, lặp lại v&agrave; logic c&oacute; điều kiện để giải quyết c&aacute;c vấn đề th&uacute; vị. Như với tất cả c&aacute;c kỹ năng, trẻ em c&oacute; thể cải thiện tư duy thuật to&aacute;n th&ocirc;ng qua thực h&agrave;nh h&agrave;ng ng&agrave;y v&agrave; bằng c&aacute;ch ho&agrave;n th&agrave;nh c&aacute;c dự &aacute;n s&aacute;ng tạo để &aacute;p dụng c&aacute;c kỹ năng của m&igrave;nh. Để t&igrave;m hiểu th&ecirc;m về thuật to&aacute;n v&agrave; giải quyết vấn đề, h&atilde;y thử đăng k&yacute; c&aacute;c kh&oacute;a học của ch&uacute;ng t&ocirc;i!</span></span></span></p>\r\n','/media/algorithm-blog.png','2019-05-07 12:35:32.972288','2019-05-07 16:07:37.469930',6,0,1,'',7,1,1),(8,'(P2) CÁCH GIẢI THÍCH THUẬT TOÁN CHO TRẺ EM',NULL,'<p style=\"text-align:center\"><img alt=\"\" src=\"/media/2019/05/07/2016-03-28-2.png\" style=\"width:100%\" /></p>\r\n\r\n<p style=\"text-align:justify\"><span style=\"color:#d35400\"><span style=\"font-size:20px\"><span style=\"font-family:Times New Roman,Times,serif\"><strong>Hiểu c&aacute;c thuật to&aacute;n cơ bản mang lại sức mạnh cho cuộc sống số của bạn</strong><br />\r\nC&aacute;c thuật to&aacute;n cung cấp một loạt c&aacute;c hướng dẫn m&agrave; m&aacute;y t&iacute;nh tu&acirc;n theo để đi đến c&acirc;u trả lời v&agrave; ch&uacute;ng l&agrave;m nền tảng cho tất cả c&ocirc;ng nghệ của ch&uacute;ng t&ocirc;i. Vấn đề m&agrave; thuật to&aacute;n đang giải quyết c&oacute; thể l&agrave; sắp xếp danh s&aacute;ch, n&eacute;n tệp hoặc x&aacute;c định trang Internet n&agrave;o ph&ugrave; hợp nhất với bạn khi bạn t&igrave;m kiếm thứ g&igrave; đ&oacute;. C&aacute;c thuật to&aacute;n x&aacute;c định c&aacute;ch t&iacute;n hiệu giao th&ocirc;ng được l&ecirc;n lịch, c&aacute;ch dịch vụ bưu ch&iacute;nh c&oacute; thể ph&acirc;n phối thư của bạn một c&aacute;ch hiệu quả nhất v&agrave; hơn thế nữa.</span></span></span></p>\r\n\r\n<p style=\"text-align:justify\"><span style=\"color:#d35400\"><span style=\"font-size:20px\"><span style=\"font-family:Times New Roman,Times,serif\">Trong thời đại kỹ thuật số, trẻ em n&ecirc;n l&agrave;m nhiều hơn l&agrave; chỉ sử dụng c&ocirc;ng nghệ. Họ cần kh&aacute;m ph&aacute; c&aacute;c thuật to&aacute;n cung cấp năng lượng cho điện thoại, c&aacute;c trang truyền th&ocirc;ng x&atilde; hội v&agrave; thế giới của họ để họ c&oacute; thể th&agrave;nh thạo m&atilde; h&oacute;a, ng&ocirc;n ngữ c&ocirc;ng nghệ v&agrave; đ&oacute;ng vai tr&ograve; t&iacute;ch cực trong việc tạo ra c&ocirc;ng nghệ.</span></span></span></p>\r\n\r\n<p style=\"text-align:justify\"><span style=\"color:#d35400\"><span style=\"font-size:20px\"><span style=\"font-family:Times New Roman,Times,serif\"><strong>Thuật to&aacute;n t&igrave;m kiếm v&agrave; đề xuất</strong><br />\r\nKhi bạn nhập t&igrave;m kiếm v&agrave;o Google, n&oacute; sử dụng thuật to&aacute;n rất tinh vi để x&aacute;c định trang n&agrave;o tr&ecirc;n internet c&oacute; li&ecirc;n quan đến t&igrave;m kiếm của bạn v&agrave; xếp hạng ch&uacute;ng dựa tr&ecirc;n mức độ ph&ugrave; hợp v&agrave; uy t&iacute;n của ch&uacute;ng. Về cốt l&otilde;i, thuật to&aacute;n PageRank t&iacute;nh đến số lượng trang web kh&aacute;c li&ecirc;n kết đến một trang web nhất định cũng như thứ hạng của c&aacute;c trang web li&ecirc;n kết để x&aacute;c định thứ hạng của trang đ&oacute;. V&agrave; n&oacute; trả về kết quả của bạn trong chưa đầy một gi&acirc;y!</span></span></span></p>\r\n\r\n<p style=\"text-align:justify\"><span style=\"color:#d35400\"><span style=\"font-size:20px\"><span style=\"font-family:Times New Roman,Times,serif\">Thuật to&aacute;n đề xuất c&aacute;c kết nối tr&ecirc;n phương tiện truyền th&ocirc;ng x&atilde; hội (như khuyến nghị của những người m&agrave; bạn c&oacute; thể biết tr&ecirc;n Facebook hoặc Linkedin) hoạt động bằng c&aacute;ch t&iacute;nh to&aacute;n mức độ t&aacute;ch biệt của bạn với những người d&ugrave;ng kh&aacute;c. Nếu bạn l&agrave; bạn của Amy v&agrave; Amy l&agrave; bạn của Ben, Facebook cho rằng bạn cũng c&oacute; thể biết Ben v&agrave; giới thiệu anh ta như một kết nối tiềm năng. Nhưng nếu Amy l&agrave; bạn với Ben v&agrave; Ben l&agrave; bạn với Charlene v&agrave; Charlene l&agrave; bạn với Daryl v&agrave; Daryl l&agrave; bạn với Erin, Facebook kh&ocirc;ng c&oacute; khả năng giới thiệu Erin như một kết nối. Tr&ecirc;n thực tế, c&aacute;c nh&agrave; khoa học đ&atilde; đưa ra giả thuyết rằng, bởi v&igrave; tất cả ch&uacute;ng ta kết nối to&agrave;n cầu như thế n&agrave;o, chỉ c&oacute; s&aacute;u độ c&aacute;ch biệt giữa bất kỳ hai người n&agrave;o tr&ecirc;n tr&aacute;i đất!</span></span></span></p>\r\n\r\n<p style=\"text-align:justify\"><span style=\"color:#d35400\"><span style=\"font-size:20px\"><span style=\"font-family:Times New Roman,Times,serif\">V&agrave; khi bạn sử dụng Amazon hoặc Netflix, họ khuy&ecirc;n bạn n&ecirc;n mua hoặc c&aacute;c chương tr&igrave;nh kh&aacute;c m&agrave; bạn c&oacute; thể quan t&acirc;m dựa tr&ecirc;n thuật to&aacute;n lọc cộng t&aacute;c cố gắng dự đo&aacute;n những g&igrave; người d&ugrave;ng sẽ th&iacute;ch dựa tr&ecirc;n lựa chọn của những người d&ugrave;ng kh&aacute;c c&oacute; hồ sơ tương tự.</span></span></span></p>\r\n\r\n<p style=\"text-align:justify\"><span style=\"color:#d35400\"><span style=\"font-size:20px\"><span style=\"font-family:Times New Roman,Times,serif\"><strong>Thuật to&aacute;n sắp xếp</strong><br />\r\nBạn c&oacute; thể kh&ocirc;ng nghĩ về n&oacute; khi bạn sắp xếp mọi thứ trong cuộc sống thực, nhưng bạn đang theo một thuật to&aacute;n! M&aacute;y t&iacute;nh cần sắp xếp danh s&aacute;ch với h&agrave;ng triệu gi&aacute; trị cực kỳ nhanh ch&oacute;ng, v&igrave; vậy thuật to&aacute;n sắp xếp rất quan trọng.</span></span></span></p>\r\n\r\n<p style=\"text-align:justify\"><span style=\"color:#d35400\"><span style=\"font-size:20px\"><span style=\"font-family:Times New Roman,Times,serif\">Bạn c&oacute; thể m&ocirc; tả l&agrave;m thế n&agrave;o bạn c&oacute; thể sắp xếp mười cuốn s&aacute;ch theo thứ tự bảng chữ c&aacute;i? Nếu bạn phải n&oacute;i với ai đ&oacute; đ&atilde; kh&ocirc;ng hiểu về qu&aacute; tr&igrave;nh sắp xếp c&aacute;ch sắp xếp c&aacute;c cuốn s&aacute;ch, bạn sẽ viết những bước n&agrave;o?</span></span></span></p>\r\n\r\n<p style=\"text-align:justify\"><span style=\"color:#d35400\"><span style=\"font-size:20px\"><span style=\"font-family:Times New Roman,Times,serif\">Bạn c&oacute; thể bắt đầu với một cuốn s&aacute;ch, sau đ&oacute; th&ecirc;m một cuốn s&aacute;ch tại một thời điểm, đặt n&oacute; v&agrave;o vị tr&iacute; th&iacute;ch hợp trong đội h&igrave;nh của bạn. Nhưng h&atilde;y tưởng tượng sẽ mất bao nhi&ecirc;u giờ hoặc nhiều năm nếu bạn phải l&agrave;m điều n&agrave;y với h&agrave;ng trăm, h&agrave;ng ng&agrave;n hoặc thậm ch&iacute; h&agrave;ng triệu cuốn s&aacute;ch! Thuật to&aacute;n n&agrave;y được gọi l&agrave; Sắp xếp ch&egrave;n v&agrave; n&oacute; hoạt động tốt cho c&aacute;c danh s&aacute;ch nhỏ, nhưng mất nhiều thời gian cho c&aacute;c danh s&aacute;ch d&agrave;i hơn.</span></span></span></p>\r\n\r\n<p style=\"text-align:justify\"><span style=\"color:#d35400\"><span style=\"font-size:20px\"><span style=\"font-family:Times New Roman,Times,serif\">Một c&aacute;ch kh&aacute;c bạn c&oacute; thể sắp xếp mười cuốn s&aacute;ch l&agrave; sắp xếp ch&uacute;ng theo thứ tự ngẫu nhi&ecirc;n, sau đ&oacute; đi xuống danh s&aacute;ch so s&aacute;nh c&aacute;c cuốn s&aacute;ch nằm cạnh nhau. Đầu ti&ecirc;n bạn sẽ so s&aacute;nh cuốn s&aacute;ch thứ nhất v&agrave; thứ hai. Nếu ch&uacute;ng sai thứ tự, bạn trao đổi ch&uacute;ng. Sau đ&oacute;, bạn so s&aacute;nh c&aacute;c cuốn s&aacute;ch thứ hai v&agrave; thứ ba, v&agrave; một lần nữa quyết định c&oacute; n&ecirc;n trao đổi ch&uacute;ng. Bất cứ khi n&agrave;o bạn đến cuối danh s&aacute;ch, bạn lại quay trở lại danh s&aacute;ch, mỗi lần chỉ so s&aacute;nh những cuốn s&aacute;ch nằm ngay cạnh nhau. Đ&acirc;y được gọi l&agrave; Thuật to&aacute;n Sắp xếp Bong b&oacute;ng v&agrave; một lần nữa hợp l&yacute; cho c&aacute;c danh s&aacute;ch nhỏ, nhưng rất kh&ocirc;ng hiệu quả đối với c&aacute;c danh s&aacute;ch d&agrave;i hơn.</span></span></span></p>\r\n\r\n<p style=\"text-align:justify\"><span style=\"color:#d35400\"><span style=\"font-size:20px\"><span style=\"font-family:Times New Roman,Times,serif\">Dự &aacute;n n&agrave;y cho thấy một c&aacute;ch để thực hiện sắp xếp Bong b&oacute;ng, với c&aacute;c mục trong danh s&aacute;ch được ho&aacute;n đổi để tự sắp xếp:</span></span></span></p>\r\n\r\n<p><iframe frameborder=\"0\" src=\"//www.tynker.com/ide/embedded?p=5cd11b3370b002393e237c79&amp;controls=false&amp;autostart=false\" style=\"width:100%; height:768px\"></iframe></p>\r\n\r\n<p style=\"text-align:center\"><strong><span style=\"font-family:Times New Roman,Times,serif\"><span style=\"font-size:20px\"><a href=\"https://www.tynker.com/ide/?p=5cd11b3370b002393e237c79\"><span style=\"color:#d35400\">Xem chi tiết thuật to&aacute;n</span></a></span></span></strong></p>\r\n\r\n<p style=\"text-align:justify\"><span style=\"color:#d35400\"><span style=\"font-family:Times New Roman,Times,serif\"><span style=\"font-size:20px\"><strong>C&aacute;c thuật to&aacute;n trong cuộc sống của bạn</strong><br />\r\nC&aacute;c thuật to&aacute;n hiệu quả để t&igrave;m kiếm v&agrave; sắp xếp l&agrave; rất quan trọng để x&acirc;y dựng phần mềm chạy nhanh. Những thuật to&aacute;n cơ bản n&agrave;y v&agrave; c&aacute;c thuật to&aacute;n cơ bản kh&aacute;c l&agrave;m nền tảng cho hầu hết c&ocirc;ng nghệ của bạn, từ video YouTube bạn ph&aacute;t trực tiếp đến điện thoại, đến nhận diện khu&ocirc;n mặt tr&ecirc;n m&aacute;y ảnh của bạn.</span></span></span></p>\r\n\r\n<p style=\"text-align:justify\"><span style=\"color:#d35400\"><span style=\"font-family:Times New Roman,Times,serif\"><span style=\"font-size:20px\">L&agrave;m thế n&agrave;o để YouTube ph&aacute;t trực tiếp v&agrave;o điện thoại của bạn nhanh v&agrave; liền mạch như vậy? L&agrave;m thế n&agrave;o để m&aacute;y ảnh của bạn t&igrave;m kiếm khu&ocirc;n mặt, tất cả tr&ocirc;ng rất kh&aacute;c nhau t&ugrave;y thuộc v&agrave;o người, &aacute;nh s&aacute;ng v&agrave; khoảng c&aacute;ch?</span></span></span></p>\r\n\r\n<p style=\"text-align:justify\"><span style=\"color:#d35400\"><span style=\"font-family:Times New Roman,Times,serif\"><span style=\"font-size:20px\">C&oacute; vẻ như m&aacute;y t&iacute;nh của bạn đang đưa ra những quyết định th&ocirc;ng minh m&agrave; ch&uacute;ng ta thường nghĩ l&agrave; con người duy nhất, như tạo ra c&aacute;c kết nối v&agrave; phỏng đo&aacute;n c&oacute; gi&aacute;o dục. Nhưng mỗi trong số n&agrave;y được cung cấp bởi một thuật to&aacute;n rất phức tạp để x&aacute;c định c&aacute;ch ho&agrave;n th&agrave;nh tốt nhất nhiệm vụ bằng c&aacute;ch sử dụng x&aacute;c suất v&agrave; logic.</span></span></span></p>\r\n\r\n<p style=\"text-align:justify\"><span style=\"color:#d35400\"><span style=\"font-family:Times New Roman,Times,serif\"><span style=\"font-size:20px\">Nếu con bạn c&oacute; thể hiểu v&agrave; viết c&aacute;c thuật to&aacute;n, điều n&agrave;y mở ra cả một thế giới khả năng. N&oacute; cho ph&eacute;p họ kh&ocirc;ng chỉ sử dụng c&aacute;c thuật to&aacute;n n&agrave;y hiệu quả hơn m&agrave; c&ograve;n bắt đầu viết c&aacute;c chương tr&igrave;nh v&agrave; thuật to&aacute;n của ri&ecirc;ng họ v&agrave; giải quyết c&aacute;c vấn đề c&oacute; &yacute; nghĩa với m&atilde;.</span></span></span></p>\r\n','/media/2016-03-28-2.png','2019-05-07 12:49:46.674987','2019-05-07 12:49:46.674993',5,0,1,'',7,1,1),(9,'KỸ NĂNG 4C CHO THẾ KỶ 21: TƯ DUY PHẢN BIỆN',NULL,'<p style=\"text-align:center\"><img alt=\"\" src=\"/media/2019/05/07/4c__critical-thinking_blog.png\" style=\"width:100%\" /></p>\r\n\r\n<p style=\"text-align:center\"><span style=\"color:#e74c3c\"><span style=\"font-size:28px\"><span style=\"font-family:Times New Roman,Times,serif\"><strong>KỸ NĂNG 4C CHO THẾ KỶ 21: TƯ DUY PHẢN BIỆN</strong></span></span></span></p>\r\n\r\n<p style=\"text-align:justify\"><span style=\"color:#d35400\"><span style=\"font-size:20px\"><span style=\"font-family:Times New Roman,Times,serif\">M&ugrave;a lễ n&agrave;y, h&atilde;y cho những người trẻ tuổi trong cuộc sống của bạn cơ hội ph&aacute;t triển c&aacute;c kỹ năng quan trọng của thế kỷ 21 như tư duy ph&ecirc; ph&aacute;n v&agrave; giải quyết vấn đề! Trong phần thứ hai của loạt 4 C Cấm của ch&uacute;ng t&ocirc;i (đ&atilde; bỏ lỡ b&agrave;i viết về sự s&aacute;ng tạo của ch&uacute;ng t&ocirc;i?), Bạn sẽ học c&aacute;ch Tynker gi&uacute;p trẻ ph&aacute;t triển c&aacute;c kỹ năng tư duy ph&ecirc; ph&aacute;n khi ch&uacute;ng giải quyết c&aacute;c th&aacute;ch thức bằng c&aacute;ch sử dụng m&atilde; h&oacute;a v&agrave; ng&ocirc;n ngữ lập tr&igrave;nh trong thế giới thực.</span></span></span></p>\r\n\r\n<p style=\"text-align:justify\"><span style=\"color:#d35400\"><span style=\"font-size:20px\"><span style=\"font-family:Times New Roman,Times,serif\"><strong>Hiểu mối quan hệ nguy&ecirc;n nh&acirc;n v&agrave; kết quả, v&agrave; đưa ra lựa chọn chiến lược dựa tr&ecirc;n kiến ​​thức n&agrave;y.</strong> Khi một đứa trẻ thao t&uacute;ng m&atilde; dựa tr&ecirc;n khối trong Tynker, ch&uacute;ng phải chọn c&aacute;c khối m&atilde; sẽ cho ch&uacute;ng kết quả m&agrave; ch&uacute;ng muốn. Tương tự như vậy, khi một lập tr&igrave;nh vi&ecirc;n n&acirc;ng cao đang viết m&atilde; trong Tr&igrave;nh chỉnh sửa m&atilde; Tynker, họ biết rằng c&aacute;c lỗi trong c&uacute; ph&aacute;p m&atilde; dẫn đến c&aacute;c vấn đề trong dự &aacute;n m&agrave; họ tạo ra.</span></span></span></p>\r\n\r\n<p style=\"text-align:justify\"><span style=\"color:#d35400\"><span style=\"font-size:20px\"><span style=\"font-family:Times New Roman,Times,serif\">Trẻ em hiểu rằng, kh&ocirc;ng giống như giao tiếp bằng hầu hết c&aacute;c ng&ocirc;n ngữ n&oacute;i, nếu xảy ra lỗi khi viết bằng ng&ocirc;n ngữ lập tr&igrave;nh, người nhận tin nhắn, m&aacute;y t&iacute;nh kh&ocirc;ng thể y&ecirc;u cầu l&agrave;m r&otilde; hoặc hiểu &yacute; nghĩa của ch&uacute;ng t&ocirc;i dựa tr&ecirc;n ngữ cảnh. C&oacute; một mức độ cụ thể cao hơn, ch&iacute;nh x&aacute;c, bắt buộc. Điều n&agrave;y tương tự như thực hiện đ&uacute;ng thứ tự c&aacute;c ph&eacute;p to&aacute;n khi ho&agrave;n th&agrave;nh một b&agrave;i to&aacute;n: Nếu một học sinh kh&ocirc;ng giải b&agrave;i to&aacute;n bằng c&aacute;ch sử dụng đ&uacute;ng thứ tự c&aacute;c h&agrave;m, c&acirc;u trả lời sẽ kh&ocirc;ng ch&iacute;nh x&aacute;c.</span></span></span></p>\r\n\r\n<p style=\"text-align:justify\"><span style=\"color:#d35400\"><span style=\"font-size:20px\"><span style=\"font-family:Times New Roman,Times,serif\"><strong>Thực h&agrave;nh s&aacute;ng tạo bằng c&aacute;ch thực hiện c&aacute;c dự &aacute;n ban đầu.</strong> C&aacute;c hoạt động của Tynker c&oacute; c&aacute;c hướng dẫn m&agrave; trẻ em theo d&otilde;i để ho&agrave;n th&agrave;nh c&aacute;c nhiệm vụ của dự &aacute;n, chẳng hạn như nh&acirc;n bản l&aacute; trong một trong c&aacute;c dự &aacute;n theo m&ugrave;a gần đ&acirc;y của ch&uacute;ng t&ocirc;i. Nhưng khi c&aacute;c lập tr&igrave;nh vi&ecirc;n thiết kế một dự &aacute;n ban đầu ở Tynker, nguồn cảm hứng kh&aacute;c nhau từ c&aacute;c động vật v&agrave; ng&ocirc;i sao thể thao y&ecirc;u th&iacute;ch đến c&aacute;c nh&acirc;n vật hư cấu, c&acirc;u chuyện, v&agrave; hơn thế nữa. Để đưa tầm nh&igrave;n s&aacute;ng tạo của họ v&agrave;o cuộc sống, trẻ em cần r&uacute;t ra hiểu biết về c&aacute;ch c&aacute;c khối m&atilde; hoặc d&ograve;ng m&atilde; hoạt động v&agrave; sau đ&oacute; thử nghiệm với c&aacute;c yếu tố đ&oacute;. Ch&iacute;nh trong kh&ocirc;ng gian s&aacute;ng tạo n&agrave;y, trẻ em c&oacute; thể chấp nhận rủi ro v&agrave; điều chỉnh lại c&aacute;c chiến lược m&atilde; h&oacute;a theo &yacute; muốn.</span></span></span></p>\r\n\r\n<p style=\"text-align:justify\"><span style=\"color:#d35400\"><span style=\"font-size:20px\"><span style=\"font-family:Times New Roman,Times,serif\"><strong>Tổng hợp: Thực hiện c&aacute;c dự &aacute;n tuyệt vời bằng c&aacute;ch x&acirc;y dựng tr&ecirc;n c&aacute;c &yacute; tưởng kh&aacute;c của người kh&aacute;c.</strong> Tynker cộng đồng cộng đồng cho ph&eacute;p người d&ugrave;ng khai th&aacute;c sự gi&agrave;u c&oacute; của trải nghiệm m&atilde; h&oacute;a được cung cấp bởi c&aacute;c lập tr&igrave;nh vi&ecirc;n trẻ tr&ecirc;n to&agrave;n cầu. Trẻ em c&oacute; thể lựa chọn phối lại c&aacute;c dự &aacute;n kh&aacute;c v&agrave; lưu một bản sao mới của sản phẩm, được c&aacute; nh&acirc;n h&oacute;a theo tầm nh&igrave;n của ch&uacute;ng về những g&igrave; m&atilde; c&oacute; thể thực hiện trong một dự &aacute;n nhất định. V&agrave; phối lại c&aacute;c dự &aacute;n kh&aacute;c mang đến cho trẻ em một nguồn cảm hứng kh&aacute;c cho c&aacute;c dự &aacute;n tương lai của ch&iacute;nh ch&uacute;ng.</span></span></span></p>\r\n\r\n<p style=\"text-align:justify\"><span style=\"color:#d35400\"><span style=\"font-size:20px\"><span style=\"font-family:Times New Roman,Times,serif\">Bằng c&aacute;ch ph&aacute;t triển c&aacute;c kỹ năng tư duy ph&ecirc; ph&aacute;n th&ocirc;ng qua m&atilde; h&oacute;a, trẻ em đang chuẩn bị cho th&agrave;nh c&ocirc;ng ở trường v&agrave; sự nghiệp tương lai của ch&uacute;ng. Hầu hết c&aacute;c m&ocirc;n học li&ecirc;n quan đến cả hai quy tắc sau đ&acirc;y v&agrave; sử dụng ch&uacute;ng một c&aacute;ch s&aacute;ng tạo để tạo ra c&aacute;c sản phẩm mới. V&iacute; dụ, trong c&aacute;c lớp to&aacute;n v&agrave; tiếng Anh, học sinh cần học c&aacute;c c&ocirc;ng thức (nghĩ: thứ tự c&aacute;c thao t&aacute;c, c&aacute;ch viết c&acirc;u) v&agrave; hiểu c&aacute;ch sử dụng c&aacute;c quy tắc đ&oacute; để tạo ra c&aacute;c giải ph&aacute;p duy nhất khi giải c&aacute;c b&agrave;i to&aacute;n trong thế giới thực hoặc tự viết c&acirc;u chuyện.</span></span></span></p>\r\n\r\n<p style=\"text-align:justify\"><span style=\"color:#d35400\"><span style=\"font-size:20px\"><span style=\"font-family:Times New Roman,Times,serif\">Tương lai của ch&uacute;ng ta với tư c&aacute;ch l&agrave; một x&atilde; hội sẽ mang đến nhiều th&aacute;ch thức v&agrave; trẻ em sẽ sẵn s&agrave;ng đ&oacute;ng g&oacute;p hơn khi ch&uacute;ng c&oacute; thể đ&aacute;nh gi&aacute; dữ liệu c&oacute; sẵn v&agrave; đưa ra giải ph&aacute;p th&ocirc;ng qua thử v&agrave; sai. Con bạn sẽ sử dụng c&aacute;c kỹ năng tư duy ph&ecirc; ph&aacute;n của m&igrave;nh để đưa ra những c&aacute;ch mới để tạo ra năng lượng sạch? Hoặc tận dụng c&ocirc;ng nghệ robot để gi&uacute;p đỡ người gi&agrave;?</span></span></span></p>\r\n\r\n<p style=\"text-align:justify\"><span style=\"color:#d35400\"><span style=\"font-size:20px\"><span style=\"font-family:Times New Roman,Times,serif\">Tynker cung cấp hơn 2.000 hoạt động hướng đến sở th&iacute;ch để giới thiệu cho trẻ em về thế giới m&atilde; h&oacute;a th&uacute; vị. Cho d&ugrave; họ muốn chiến đấu với bạn b&egrave; trong Crystal Clash, chỉnh sửa trang Python hoặc kh&aacute;m ph&aacute; sự nghiệp trong khi m&atilde; h&oacute;a với Barbie, m&oacute;n qu&agrave; của một thu&ecirc; bao Tynker sẽ gi&uacute;p họ ph&aacute;t triển c&aacute;c kỹ năng tư duy ph&ecirc; ph&aacute;n m&agrave; họ sẽ cần ngay b&acirc;y giờ!</span></span></span></p>\r\n','/media/4c__critical-thinking_blog.png','2019-05-07 16:15:27.877813','2019-05-07 16:15:27.877819',5,0,1,'',7,1,1),(10,'DỰ ÁN HAY ĐỊNH KỲ','1','<p style=\"text-align:center\"><img alt=\"\" src=\"/media/2019/05/07/05-01-2019-seasonal-projects-blog.png\" style=\"width:100%\" /></p>\r\n\r\n<p style=\"text-align:center\"><span style=\"font-size:36px\"><span style=\"color:#e74c3c\"><span style=\"font-family:Times New Roman,Times,serif\"><strong>ĐIỂM NỔI BẬT CỦA DỰ &Aacute;N THEO M&Ugrave;A</strong></span></span></span></p>\r\n\r\n<p style=\"text-align:justify\"><span style=\"color:#d35400\"><span style=\"font-size:20px\"><span style=\"font-family:Times New Roman,Times,serif\">Kể từ đầu năm nay, c&aacute;c nh&agrave; sản xuất Tynker đ&atilde; m&atilde; h&oacute;a hơn 1.779.488 dự &aacute;n! Trong số c&aacute;c dự &aacute;n n&agrave;y c&oacute; c&aacute;c dự &aacute;n theo m&ugrave;a rất được y&ecirc;u th&iacute;ch, nơi trẻ em thực h&agrave;nh tư duy ph&ecirc; ph&aacute;n v&agrave; kỹ năng s&aacute;ng tạo khi ch&uacute;ng biến &yacute; tưởng của m&igrave;nh th&agrave;nh c&aacute;c dự &aacute;n m&atilde; h&oacute;a m&agrave; ch&uacute;ng x&acirc;y dựng v&agrave; chia sẻ!</span></span></span></p>\r\n\r\n<p style=\"text-align:justify\"><span style=\"color:#d35400\"><span style=\"font-size:20px\"><span style=\"font-family:Times New Roman,Times,serif\">Trong b&agrave;i viết n&agrave;y, ch&uacute;ng t&ocirc;i muốn l&agrave;m nổi bật chỉ một v&agrave;i dự &aacute;n xuất sắc được cộng đồng c&ocirc;ng bố. Ch&uacute;ng t&ocirc;i đ&atilde; thấy một loạt c&aacute;c dự &aacute;n xuất sắc bắt nguồn từ c&aacute;c mẫu theo m&ugrave;a, bao gồm Th&aacute;ng Hai Tr&aacute;i Tim Kẹo, Nghệ thuật Ng&agrave;y Th&aacute;ng Ba Pi, C&acirc;y Tr&ograve;n v&agrave; C&acirc;y Thỏ Th&aacute;ng Tư, v&agrave; dự &aacute;n Th&aacute;ng Lịch sử Đen của ch&uacute;ng t&ocirc;i!</span></span></span></p>\r\n\r\n<p style=\"text-align:justify\"><span style=\"color:#d35400\"><span style=\"font-size:20px\"><span style=\"font-family:Times New Roman,Times,serif\">Con bạn đ&atilde; thử c&aacute;c dự &aacute;n theo m&ugrave;a n&agrave;y chưa? Chia sẻ những dự &aacute;n n&agrave;y với con bạn v&agrave; truyền cảm hứng cho ch&uacute;ng để tự l&agrave;m! Nhấp v&agrave;o h&igrave;nh ảnh cho mỗi dự &aacute;n v&agrave; cho con bạn đăng nhập v&agrave;o Tynker để xem trang dự &aacute;n.</span></span></span></p>\r\n\r\n<p style=\"text-align:justify\"><span style=\"color:#d35400\"><span style=\"font-size:20px\"><span style=\"font-family:Times New Roman,Times,serif\"><strong>Tr&aacute;i tim kẹo</strong><br />\r\nTrong dự &aacute;n n&agrave;y, được gửi cho ng&agrave;y Valentine m&atilde; h&oacute;a, trẻ em t&ugrave;y chỉnh v&agrave; x&acirc;y dựng tr&ograve; chơi tr&aacute;i tim kẹo của ri&ecirc;ng m&igrave;nh. Họ c&oacute; thể viết th&ocirc;ng điệp của ri&ecirc;ng m&igrave;nh l&ecirc;n tr&aacute;i tim kẹo, thay đổi h&igrave;nh nền v&agrave; lập tr&igrave;nh chuyển động của hộp kẹo!</span></span></span></p>\r\n\r\n<p style=\"text-align:center\"><span style=\"color:#d35400\"><span style=\"font-size:20px\"><span style=\"font-family:Times New Roman,Times,serif\"><img alt=\"\" src=\"/media/2019/05/07/candy_hearts_treasure-768x434.jpg\" style=\"width:100%\" /></span></span></span></p>\r\n\r\n<p style=\"text-align:center\"><strong><a href=\"https://www.tynker.com/ide/?p=5c4fa5ce04605829a70efa1c\"><span style=\"color:#d35400\"><span style=\"font-size:20px\"><span style=\"font-family:Times New Roman,Times,serif\">Tham khảo</span></span></span></a></strong></p>\r\n\r\n<p style=\"text-align:justify\"><strong><span style=\"color:#d35400\"><span style=\"font-size:20px\"><span style=\"font-family:Times New Roman,Times,serif\">Nghệ thuật ng&agrave;y Pi</span></span></span></strong><br />\r\n<span style=\"color:#d35400\"><span style=\"font-size:20px\"><span style=\"font-family:Times New Roman,Times,serif\">Với dự &aacute;n n&agrave;y được gửi v&agrave;o ng&agrave;y 14 th&aacute;ng 3, c&ograve;n được gọi l&agrave; Ng&agrave;y Pi, trẻ em đ&atilde; m&atilde; h&oacute;a c&aacute;c chữ số của Pi để xuất hiện c&ugrave;ng một l&uacute;c để tạo ra một thiết kế th&uacute; vị! Đối với dự &aacute;n n&agrave;y, con bạn c&oacute; thể chọn ng&ocirc;n ngữ lập tr&igrave;nh để sử dụng. T&ugrave;y thuộc v&agrave;o cấp độ của họ, họ c&oacute; thể x&acirc;y dựng c&ugrave;ng một dự &aacute;n bằng bất kỳ ng&ocirc;n ngữ m&atilde; h&oacute;a n&agrave;o trong số ba ng&ocirc;n ngữ sau: m&atilde; h&oacute;a khối, JavaScript hoặc Python! Như một phần thưởng, họ thậm ch&iacute; c&oacute; thể l&agrave;m cho c&aacute;c chữ số xuất hiện theo h&igrave;nh xoắn ốc!</span></span></span></p>\r\n\r\n<p style=\"text-align:justify\"><strong><span style=\"color:#d35400\"><span style=\"font-size:20px\"><span style=\"font-family:Times New Roman,Times,serif\">Kiểm tra c&aacute;ch người d&ugrave;ng n&agrave;y l&agrave;m cho số của họ xuất hiện li&ecirc;n tiếp trong một h&igrave;nh dạng m&aacute;t mẻ!</span></span></span></strong></p>\r\n\r\n<p style=\"text-align:center\"><strong><span style=\"color:#d35400\"><span style=\"font-size:20px\"><span style=\"font-family:Times New Roman,Times,serif\"><img alt=\"\" src=\"/media/2019/05/07/pi_day_draconian-768x434.jpg\" style=\"width:100%\" /></span></span></span></strong></p>\r\n\r\n<p style=\"text-align:center\"><a href=\"https://www.tynker.com/ide/?p=5cd150c9745044377c20550d\"><strong><span style=\"color:#d35400\"><span style=\"font-size:20px\"><span style=\"font-family:Times New Roman,Times,serif\">Tham khảo</span></span></span></strong></a></p>\r\n\r\n<p style=\"text-align:justify\"><strong><span style=\"color:#d35400\"><span style=\"font-size:20px\"><span style=\"font-family:Times New Roman,Times,serif\">Trồng c&acirc;y</span></span></span></strong><br />\r\n<span style=\"color:#d35400\"><span style=\"font-size:20px\"><span style=\"font-family:Times New Roman,Times,serif\">Được gửi v&agrave;o Ng&agrave;y Tr&aacute;i đất, với dự &aacute;n n&agrave;y, con bạn c&oacute; thể lập tr&igrave;nh một tr&ograve; chơi vui nhộn, nơi ch&uacute;ng trồng c&acirc;y để giảm mức CO2 trong kh&iacute; quyển. Từ bảng điều khiển của cha mẹ, bạn c&oacute; thể chia sẻ c&aacute;c tr&ograve; chơi của họ với bạn b&egrave; v&agrave; gia đ&igrave;nh để nhắc nhở họ tạo ra t&aacute;c động t&iacute;ch cực đến h&agrave;nh tinh! C&aacute;c lập tr&igrave;nh vi&ecirc;n c&oacute; thể thực hiện dự &aacute;n n&agrave;y bằng c&aacute;ch sử dụng m&atilde; h&oacute;a khối hoặc Python.</span></span></span></p>\r\n\r\n<p style=\"text-align:justify\"><span style=\"color:#d35400\"><span style=\"font-size:20px\"><span style=\"font-family:Times New Roman,Times,serif\">Nh&agrave; sản xuất n&agrave;y đ&atilde; loại bỏ c&aacute;c yếu tố h&igrave;nh ảnh kh&aacute;c để tạo ra một nền tảng th&uacute; vị!</span></span></span></p>\r\n\r\n<p style=\"text-align:center\"><span style=\"color:#d35400\"><span style=\"font-size:20px\"><span style=\"font-family:Times New Roman,Times,serif\"><img alt=\"\" src=\"/media/2019/05/07/plant_trees_background-768x432.jpg\" style=\"width:100%\" /></span></span></span></p>\r\n\r\n<p style=\"text-align:center\"><a href=\"https://www.tynker.com/ide/?p=5cd1515b60ba6f57827bd83f\"><strong><span style=\"color:#d35400\"><span style=\"font-size:20px\"><span style=\"font-family:Times New Roman,Times,serif\">Tham khảo</span></span></span></strong></a></p>\r\n','/media/05-01-2019-seasonal-projects-blog.png','2019-05-07 16:39:34.749515','2019-05-07 16:39:34.749521',5,0,1,'',7,1,1),(11,'CÁCH SỬ DỤNG LCD I2C','Hướng dẫn sử dụng LCD I2C','<p>Ch&agrave;o Thầy/C&ocirc;, em c&oacute; thắc mắc về 1 kiến thức của arduino: em kh&ocirc;ng hiểu v&agrave; kh&ocirc;ng thực h&agrave;nh th&agrave;nh c&ocirc;ng hiển thị nội dung l&ecirc;n m&agrave;n h&igrave;nh LCD</p>\r\n','/media/51k8HEbEpKL._SX342_.jpg','2019-05-08 23:40:54.983891','2019-05-08 23:40:54.983897',3,0,1,'',37,3,NULL);
/*!40000 ALTER TABLE `forum` ENABLE KEYS */;
UNLOCK TABLES;

--
-- Table structure for table `forumlike`
--

DROP TABLE IF EXISTS `forumlike`;
/*!40101 SET @saved_cs_client     = @@character_set_client */;
 SET character_set_client = utf8mb4 ;
CREATE TABLE `forumlike` (
  `ForumLikeID` int(11) NOT NULL AUTO_INCREMENT,
  `Status` int(11) NOT NULL,
  `IsEnable` int(11) NOT NULL,
  `Note` varchar(250) COLLATE utf8_unicode_ci NOT NULL,
  `AccountID` int(11) DEFAULT NULL,
  `ForumTopicID` int(11) DEFAULT NULL,
  PRIMARY KEY (`ForumLikeID`),
  KEY `forumlike_AccountID_694e2ee1_fk_account_AccountID` (`AccountID`),
  KEY `forumlike_ForumTopicID_755ec82d_fk_forum_ForumTopicID` (`ForumTopicID`),
  CONSTRAINT `forumlike_AccountID_694e2ee1_fk_account_AccountID` FOREIGN KEY (`AccountID`) REFERENCES `account` (`AccountID`),
  CONSTRAINT `forumlike_ForumTopicID_755ec82d_fk_forum_ForumTopicID` FOREIGN KEY (`ForumTopicID`) REFERENCES `forum` (`ForumTopicID`)
) ENGINE=InnoDB AUTO_INCREMENT=4 DEFAULT CHARSET=utf8 COLLATE=utf8_unicode_ci;
/*!40101 SET character_set_client = @saved_cs_client */;

--
-- Dumping data for table `forumlike`
--

LOCK TABLES `forumlike` WRITE;
/*!40000 ALTER TABLE `forumlike` DISABLE KEYS */;
INSERT INTO `forumlike` VALUES (1,1,1,'',7,6),(3,1,1,'',3,4);
/*!40000 ALTER TABLE `forumlike` ENABLE KEYS */;
UNLOCK TABLES;

--
-- Table structure for table `forumreply`
--

DROP TABLE IF EXISTS `forumreply`;
/*!40101 SET @saved_cs_client     = @@character_set_client */;
 SET character_set_client = utf8mb4 ;
CREATE TABLE `forumreply` (
  `ForumReplyID` int(11) NOT NULL AUTO_INCREMENT,
  `Content` longtext COLLATE utf8_unicode_ci,
  `CreateDate` datetime(6) DEFAULT NULL,
  `EditDate` datetime(6) DEFAULT NULL,
  `IsEnable` int(11) DEFAULT NULL,
  `Note` varchar(250) COLLATE utf8_unicode_ci DEFAULT NULL,
  `AccountID` int(11) DEFAULT NULL,
  `ForumTopicID` int(11) DEFAULT NULL,
  PRIMARY KEY (`ForumReplyID`),
  KEY `forumreply_AccountID_b1d0bb31_fk_account_AccountID` (`AccountID`),
  KEY `forumreply_ForumTopicID_c28fafe4_fk_forum_ForumTopicID` (`ForumTopicID`),
  CONSTRAINT `forumreply_AccountID_b1d0bb31_fk_account_AccountID` FOREIGN KEY (`AccountID`) REFERENCES `account` (`AccountID`),
  CONSTRAINT `forumreply_ForumTopicID_c28fafe4_fk_forum_ForumTopicID` FOREIGN KEY (`ForumTopicID`) REFERENCES `forum` (`ForumTopicID`)
) ENGINE=InnoDB AUTO_INCREMENT=13 DEFAULT CHARSET=utf8 COLLATE=utf8_unicode_ci;
/*!40101 SET character_set_client = @saved_cs_client */;

--
-- Dumping data for table `forumreply`
--

LOCK TABLES `forumreply` WRITE;
/*!40000 ALTER TABLE `forumreply` DISABLE KEYS */;
INSERT INTO `forumreply` VALUES (1,'<p>C&agrave;m ơn Anh/Chị. Em đ&atilde; l&agrave;m được rồi ạ.</p>\n','2019-04-28 17:33:00.891487','2019-04-28 17:33:00.891499',1,'',5,1),(2,'<p style=\"margin-left:0cm; margin-right:0cm\"><span style=\"font-size:11pt\"><span style=\"font-family:Calibri,sans-serif\"><span style=\"font-size:12.0pt\"><span style=\"font-family:&quot;Times New Roman&quot;,serif\">Kh&ocirc;ng nhất thiết phải d&ugrave;ng mỏ h&agrave;ng đ&acirc;u nha em , ở chốt của linh kiện c&oacute; phần lồi ra để ch&uacute;ng ta nối d&acirc;y m&agrave; em.</span></span></span></span></p>\n','2019-04-28 17:35:49.387578','2019-04-28 17:35:49.387585',1,'',5,2),(3,'<p>Thanks!</p>\n','2019-05-08 09:31:00.427859','2019-05-08 09:31:00.427867',1,'',3,4),(5,'<p>good!</p>\n','2019-05-08 13:59:47.831571','2019-05-08 13:59:47.831588',1,'',5,2),(6,'<p>Bạn th&ecirc;m <strong>Delay</strong> v&agrave;o sau thủ tục&nbsp;<strong>hienthithoigian</strong> <strong>setValue</strong></p>\n','2019-05-08 21:19:01.294591','2019-05-08 21:19:01.294601',1,'',42,4),(7,'<p>c&aacute;c dự &aacute;n định kỳ rất hay. hy vọng ad sẽ cập nh&acirc;t h&agrave;ng tuần cho tụi em</p>\n','2019-05-09 11:13:22.442868','2019-05-09 11:13:22.442875',1,'',38,10),(8,'<p>rất hay</p>\n','2019-05-09 11:13:46.296254','2019-05-09 11:13:46.296261',1,'',38,10),(9,'<p>tin tức hay v&agrave; hấp dẫn</p>\n','2019-05-09 11:14:24.314709','2019-05-09 11:14:24.314715',1,'',38,9),(10,'<p>đề t&agrave;i rất hay v&agrave; thu h&uacute;t</p>\n','2019-05-09 11:15:37.766286','2019-05-09 11:15:37.766291',1,'',38,7),(11,'<p>diễn đ&agrave;n tin tức rất hay. cung cấp nhiều nội dung hay.</p>\n','2019-05-09 11:17:18.362784','2019-05-09 11:17:18.362791',1,'',42,8),(12,'<p>C&agrave;m ơn Anh/Chị. Em đ&atilde; l&agrave;m được rồi ạ.</p>\n','2019-05-09 11:17:48.727419','2019-05-09 11:17:48.727426',1,'',42,1);
/*!40000 ALTER TABLE `forumreply` ENABLE KEYS */;
UNLOCK TABLES;

--
-- Table structure for table `game`
--

DROP TABLE IF EXISTS `game`;
/*!40101 SET @saved_cs_client     = @@character_set_client */;
 SET character_set_client = utf8mb4 ;
CREATE TABLE `game` (
  `GameID` int(11) NOT NULL AUTO_INCREMENT,
  `GameName` varchar(250) COLLATE utf8_unicode_ci DEFAULT NULL,
  `Description` varchar(250) COLLATE utf8_unicode_ci DEFAULT NULL,
  `Content` longtext COLLATE utf8_unicode_ci,
  `Avatar` varchar(250) COLLATE utf8_unicode_ci DEFAULT NULL,
  `CreateDate` datetime(6) DEFAULT NULL,
  `EditDate` datetime(6) DEFAULT NULL,
  `ViewCount` int(11) DEFAULT NULL,
  `Link` varchar(250) COLLATE utf8_unicode_ci DEFAULT NULL,
  `AccountID` int(11) DEFAULT NULL,
  `GameTypeID` int(11) DEFAULT NULL,
  `SubjectID` int(11) DEFAULT NULL,
  PRIMARY KEY (`GameID`),
  KEY `game_AccountID_f72d68c9_fk_account_AccountID` (`AccountID`),
  KEY `game_GameTypeID_b3a98a4a_fk_gametype_GameTypeID` (`GameTypeID`),
  KEY `game_SubjectID_97ff7c67_fk_subject_SubjectID` (`SubjectID`),
  CONSTRAINT `game_AccountID_f72d68c9_fk_account_AccountID` FOREIGN KEY (`AccountID`) REFERENCES `account` (`AccountID`),
  CONSTRAINT `game_GameTypeID_b3a98a4a_fk_gametype_GameTypeID` FOREIGN KEY (`GameTypeID`) REFERENCES `gametype` (`GameTypeID`),
  CONSTRAINT `game_SubjectID_97ff7c67_fk_subject_SubjectID` FOREIGN KEY (`SubjectID`) REFERENCES `subject` (`SubjectID`)
) ENGINE=InnoDB AUTO_INCREMENT=8 DEFAULT CHARSET=utf8 COLLATE=utf8_unicode_ci;
/*!40101 SET character_set_client = @saved_cs_client */;

--
-- Dumping data for table `game`
--

LOCK TABLES `game` WRITE;
/*!40000 ALTER TABLE `game` DISABLE KEYS */;
INSERT INTO `game` VALUES (1,'PHI VỤ KHÔNG GIAN','PHI VỤ KHÔNG GIAN là một trò chơi tương tác cho phép người tham gia có thể trải nghiệm cảm giác đang chơi 1 ván cờ tỷ phú đầy cam go. thông qua trò chơi người chơi sẽ có thêm nhiều kiến thức bổ ích về Arduino và những ứng dụng của nó','<p style=\"text-align:justify\"><span style=\"color:#8e44ad\"><span style=\"font-size:20px\"><strong>PHI VỤ KH&Ocirc;NG GIAN</strong> l&agrave; một tr&ograve; chơi tương t&aacute;c cho ph&eacute;p người tham gia c&oacute; thể trải nghiệm cảm gi&aacute;c đang chơi 1 v&aacute;n cờ tỷ ph&uacute; đầy cam go. th&ocirc;ng qua tr&ograve; chơi người chơi sẽ c&oacute; th&ecirc;m nhiều kiến thức bổ &iacute;ch về Arduino v&agrave; những ứng dụng của n&oacute;...</span></span></p>\r\n','/media/Capture_4wsz8zr.PNG','2019-04-28 16:47:42.817745','2019-04-28 16:47:42.817750',11,'/media/unzip/phi_vu_khong_gian_zhMXsBe/story_flash.html',5,1,3),(2,'GIẢI CỨU BẠCH TUYẾT','Bạch Tuyết của chúng ta đã bị mụ phù thủy xấu xa bắt đi mất !Hãy cùng nhau giải cứu nàng Bạch Tuyết xinh đẹp nào !','<p style=\"text-align:justify\"><strong><span style=\"font-size:20px\"><span style=\"color:#8e44ad\">Bạch Tuyết của ch&uacute;ng ta đ&atilde; bị mụ ph&ugrave; thủy xấu xa bắt đi mất !H&atilde;y c&ugrave;ng nhau giải cứu n&agrave;ng Bạch Tuyết xinh đẹp n&agrave;o ! Bằng c&aacute;ch vượt qua 10 chướng ngại vật do mụ ph&ugrave; thủy xấu xa tạo ra, c&aacute;c bạn c&oacute; thể gặp lại Bạch Tuyết. Ch&uacute; &yacute; rằng, mỗi cạm bẫy đều đầy sự hiểm nguy chết ch&oacute;c. Chỉ sơ xẩy 1 c&acirc;u... Bạn cũng sẽ l&agrave; người thua cuộc.</span></span></strong></p>\r\n','/media/Snow-White-Wallpaper-snow-white-and-the-seven-dwxxarfs-6475323-1024-768.jpg','2019-04-28 17:04:03.921497','2019-04-28 17:04:03.921502',11,'/media/unzip/tro_choi_GIAICUUBACHTUYET/story_flash.html',5,1,3),(3,'Giao hàng','Giao hàng','','/media/Giaohang.JPG','2019-05-02 20:32:38.027179','2019-05-02 20:32:38.027184',13,'/media/unzip/Giao_hang_0J6vv9b/story_flash.html',6,1,2),(4,'Vòng quanh thế giới','Vòng quanh thế giới','','/media/12345.JPG','2019-05-02 20:33:19.562003','2019-05-02 20:33:19.562009',10,'/media/unzip/Kiem_tra_trac_nghiem_2/story_flash.html',6,1,2),(5,'KHÁM PHÁ VŨ TRỤ','Chọn một phi hành gia, sau đó hướng dẫn nhân vật của bạn đi qua một khung cảnh xa lạ. Thu thập đồ đạc phân tán bằng cách giải các câu đố mã hóa thân thiện với người mới bắt đầu.','<p style=\"text-align:center\"><img alt=\"\" src=\"/media/2019/05/03/picture28.png\" style=\"height:338px; width:600px\" /></p>\r\n\r\n<p style=\"text-align:center\"><strong><span style=\"color:#2980b9\"><span style=\"font-size:36px\"><span style=\"font-family:Times New Roman,Times,serif\">KH&Aacute;M PH&Aacute; VŨ TRỤ</span></span></span></strong></p>\r\n\r\n<p style=\"text-align:justify\"><span style=\"color:#d35400\"><span style=\"font-family:Times New Roman,Times,serif\"><span style=\"font-size:20px\">Hoạt động n&agrave;y được thiết kế để tự học. C&aacute;c c&acirc;u đố hấp dẫn&nbsp;l&agrave; th&aacute;ch thức. C&acirc;u đố Tynker tăng độ phức tạp v&agrave; đ&ocirc;i khi c&aacute;c em&nbsp;c&oacute; thể cần gi&uacute;p đỡ. C&aacute;ch tốt nhất để gi&uacute;p c&aacute;c em&nbsp;tiến h&agrave;nh l&agrave; cho ba/me hoặc anh/chị&nbsp;gợi &yacute; hoặc manh mối cho ph&eacute;p đi đến c&acirc;u trả lời. Nếu c&aacute;c bạn đưa ra c&acirc;u trả lời đ&uacute;ng trực tiếp, c&aacute;c bạn&nbsp;được học hỏi rất nhiều từ những manh mối đấy.&nbsp;</span></span></span></p>\r\n\r\n<p style=\"text-align:justify\"><span style=\"color:#d35400\"><span style=\"font-family:Times New Roman,Times,serif\"><span style=\"font-size:20px\"><strong>Mục ti&ecirc;u học tập</strong><br />\r\nHọc sinh của bạn sẽ sử dụng c&aacute;c kỹ năng logic v&agrave; tư duy t&iacute;nh to&aacute;n để thao t&aacute;c m&atilde;. <strong><em>Space Quest</em></strong>&nbsp;được tổ chức th&agrave;nh c&aacute;c phần của 4-8 c&acirc;u đố, tương ứng với c&aacute;c kh&aacute;i niệm sau:</span></span><br />\r\n<strong><em><span style=\"font-size:20px\"><span style=\"font-family:Times New Roman,Times,serif\">Sequencing</span></span></em></strong></span><span style=\"color:#d35400\"><span style=\"font-family:Times New Roman,Times,serif\"><span style=\"font-size:20px\">: Tr&igrave;nh tự l&agrave; thứ tự thực hiện c&aacute;c hướng dẫn. Bằng c&aacute;ch thay đổi chuỗi c&aacute;c khối m&atilde;, sinh vi&ecirc;n của bạn sẽ biết rằng thứ tự của c&aacute;c sự kiện quan trọng.<br />\r\n<strong><em>Loops</em></strong>: V&ograve;ng lặp l&agrave; một tập hợp m&atilde; được lặp lại một số lần nhất định hoặc cho đến khi nhất định điều kiện được đ&aacute;p ứng Khi họ l&agrave;m việc với c&aacute;c v&ograve;ng lặp, sinh vi&ecirc;n của bạn sẽ học c&aacute;ch ph&acirc;n t&iacute;ch c&aacute;c mẫu.<br />\r\n<strong><em>Debugging</em></strong>: Lỗi l&agrave; một lỗi trong một đoạn m&atilde; v&agrave; gỡ lỗi l&agrave; qu&aacute; tr&igrave;nh t&igrave;m v&agrave; sửa lỗi đ&oacute; Khi họ ph&aacute;t hiện ra lỗi, sinh vi&ecirc;n của bạn sẽ học c&aacute;ch kiểm tra m&atilde; nghi&ecirc;m t&uacute;c.<br />\r\n<strong><em>Conditionals</em></strong>: Một điều kiện l&agrave; một c&aacute;i g&igrave; đ&oacute; c&oacute; thể được kiểm tra để xem n&oacute; l&agrave; đ&uacute;ng hay sai. Như họ sử dụng c&aacute;c c&acirc;u điều kiện, học sinh của bạn sẽ học c&aacute;ch xem x&eacute;t nhiều kịch bản.</span></span></span><br />\r\n&nbsp;</p>\r\n','/media/Picture28.png','2019-05-03 00:00:46.381626','2019-05-03 00:14:30.116509',14,'https://www.tynker.com/lesson/v2/host',7,2,1),(6,'CUỘC PHIÊU LƯU PIXEL','Pixel chú chó con đang tận hưởng một ngày vui vẻ bên gia đình, nhưng họ quên không cho chú vào xe và rời đi mà không có nó! Bạn có thể lập trình Pixel để tìm đường về nhà không?','','/media/Picture25.png','2019-05-03 00:17:37.770324','2019-05-03 00:17:37.770329',11,'https://www.tynker.com/lesson/v2/host',7,2,1),(7,'CHÚ RỒNG DỄ THƯƠNG','Chọn một con rồng, sau đó bắt tay vào một cuộc tìm kiếm kho báu. Bạn sẽ điều hướng các câu đố phức tạp và tìm hiểu các kỹ thuật mã hóa mới khi bạn đi qua khu rừng bí ẩn.','','/media/Picture27.png','2019-05-03 00:19:52.140500','2019-05-07 14:12:42.608434',28,'https://www.tynker.com/hour-of-code/dragon-dash',7,2,1);
/*!40000 ALTER TABLE `game` ENABLE KEYS */;
UNLOCK TABLES;

--
-- Table structure for table `gamerate`
--

DROP TABLE IF EXISTS `gamerate`;
/*!40101 SET @saved_cs_client     = @@character_set_client */;
 SET character_set_client = utf8mb4 ;
CREATE TABLE `gamerate` (
  `GameRateID` int(11) NOT NULL AUTO_INCREMENT,
  `Rate` int(11) DEFAULT NULL,
  `CreateDate` datetime(6) DEFAULT NULL,
  `EditDate` datetime(6) DEFAULT NULL,
  `AccountID` int(11) DEFAULT NULL,
  `GameID` int(11) DEFAULT NULL,
  PRIMARY KEY (`GameRateID`),
  KEY `gamerate_AccountID_a83d8d18_fk_account_AccountID` (`AccountID`),
  KEY `gamerate_GameID_9fc38839_fk_game_GameID` (`GameID`),
  CONSTRAINT `gamerate_AccountID_a83d8d18_fk_account_AccountID` FOREIGN KEY (`AccountID`) REFERENCES `account` (`AccountID`),
  CONSTRAINT `gamerate_GameID_9fc38839_fk_game_GameID` FOREIGN KEY (`GameID`) REFERENCES `game` (`GameID`)
) ENGINE=InnoDB AUTO_INCREMENT=63 DEFAULT CHARSET=utf8 COLLATE=utf8_unicode_ci;
/*!40101 SET character_set_client = @saved_cs_client */;

--
-- Dumping data for table `gamerate`
--

LOCK TABLES `gamerate` WRITE;
/*!40000 ALTER TABLE `gamerate` DISABLE KEYS */;
INSERT INTO `gamerate` VALUES (8,5,'2019-05-04 00:02:46.802617','2019-05-04 00:02:46.802628',4,7),(9,4,'2019-05-05 01:48:25.332538','2019-05-05 01:48:25.332544',30,4),(11,5,'2019-05-06 17:26:20.208911','2019-05-06 17:26:20.208922',34,7),(12,5,'2019-05-07 13:06:27.907663','2019-05-07 13:06:27.907669',3,3),(15,5,'2019-05-08 20:52:09.502296','2019-05-08 20:52:09.502307',40,7),(17,5,'2019-05-08 20:52:32.330609','2019-05-08 20:52:32.330620',40,6),(18,5,'2019-05-08 20:52:40.115308','2019-05-08 20:52:40.115314',40,5),(19,5,'2019-05-08 20:55:03.247279','2019-05-08 20:55:03.247286',40,4),(20,5,'2019-05-08 20:55:12.623992','2019-05-08 20:55:12.623998',40,3),(21,5,'2019-05-08 20:55:21.515602','2019-05-08 20:55:21.515609',40,2),(22,5,'2019-05-08 20:55:26.234497','2019-05-08 20:55:26.234503',40,1),(24,5,'2019-05-08 21:01:17.478773','2019-05-08 21:01:17.478784',41,7),(25,5,'2019-05-08 21:01:24.755242','2019-05-08 21:01:24.755249',41,6),(26,5,'2019-05-08 21:01:30.014405','2019-05-08 21:01:30.014412',41,5),(27,5,'2019-05-08 21:01:36.896348','2019-05-08 21:01:36.896356',41,4),(28,5,'2019-05-08 21:01:52.699877','2019-05-08 21:01:52.699889',41,3),(29,5,'2019-05-08 21:02:00.142767','2019-05-08 21:02:00.142773',41,2),(30,5,'2019-05-08 21:02:05.185092','2019-05-08 21:02:05.185099',41,1),(31,5,'2019-05-08 21:12:17.286984','2019-05-08 21:12:17.286989',42,7),(32,5,'2019-05-08 21:12:30.813814','2019-05-08 21:12:30.813820',42,5),(33,5,'2019-05-08 21:12:37.274604','2019-05-08 21:12:37.274611',42,4),(34,5,'2019-05-08 21:12:42.052866','2019-05-08 21:12:42.052873',42,3),(35,5,'2019-05-08 21:12:50.963605','2019-05-08 21:12:50.963612',42,2),(36,5,'2019-05-08 21:12:57.242350','2019-05-08 21:12:57.242357',42,1),(39,5,'2019-05-09 02:16:21.043398','2019-05-09 02:16:21.043404',37,2),(40,5,'2019-05-09 02:16:29.824455','2019-05-09 02:16:29.824462',37,1),(41,5,'2019-05-09 02:16:37.551898','2019-05-09 02:16:37.551909',37,3),(42,5,'2019-05-09 02:16:46.616937','2019-05-09 02:16:46.616944',37,4),(43,5,'2019-05-09 02:17:00.792817','2019-05-09 02:17:00.792828',37,7),(44,5,'2019-05-09 02:17:08.124067','2019-05-09 02:17:08.124073',37,6),(45,5,'2019-05-09 02:17:19.426639','2019-05-09 02:17:19.426645',37,5),(47,5,'2019-05-09 02:20:02.016701','2019-05-09 02:20:02.016707',38,6),(48,5,'2019-05-09 02:20:09.194188','2019-05-09 02:20:09.194195',38,5),(49,5,'2019-05-09 02:24:42.964865','2019-05-09 02:24:42.964874',38,7),(50,5,'2019-05-09 02:29:03.175556','2019-05-09 02:29:03.175563',38,2),(51,5,'2019-05-09 02:29:10.944659','2019-05-09 02:29:10.944664',38,1),(52,5,'2019-05-09 02:29:21.831723','2019-05-09 02:29:21.831730',38,4),(53,5,'2019-05-09 11:08:53.046216','2019-05-09 11:08:53.046222',38,3),(55,1,'2019-05-09 11:35:00.267287','2019-05-09 11:35:00.267293',42,6),(56,4,'2019-05-09 11:36:37.556271','2019-05-09 11:36:37.556275',43,6),(57,4,'2019-05-09 11:36:49.039066','2019-05-09 11:36:49.039073',43,5),(58,4,'2019-05-09 11:36:58.466009','2019-05-09 11:36:58.466015',43,7),(59,4,'2019-05-09 11:37:06.778122','2019-05-09 11:37:06.778128',43,3),(60,4,'2019-05-09 11:37:13.211983','2019-05-09 11:37:13.211989',43,4),(61,4,'2019-05-09 11:37:20.972262','2019-05-09 11:37:20.972268',43,1),(62,4,'2019-05-09 11:37:28.019341','2019-05-09 11:37:28.019348',43,2);
/*!40000 ALTER TABLE `gamerate` ENABLE KEYS */;
UNLOCK TABLES;

--
-- Table structure for table `gametype`
--

DROP TABLE IF EXISTS `gametype`;
/*!40101 SET @saved_cs_client     = @@character_set_client */;
 SET character_set_client = utf8mb4 ;
CREATE TABLE `gametype` (
  `GameTypeID` int(11) NOT NULL AUTO_INCREMENT,
  `GameTypeName` varchar(250) COLLATE utf8_unicode_ci DEFAULT NULL,
  `CreateDate` datetime(6) DEFAULT NULL,
  `EditDate` datetime(6) DEFAULT NULL,
  PRIMARY KEY (`GameTypeID`)
) ENGINE=InnoDB AUTO_INCREMENT=3 DEFAULT CHARSET=utf8 COLLATE=utf8_unicode_ci;
/*!40101 SET character_set_client = @saved_cs_client */;

--
-- Dumping data for table `gametype`
--

LOCK TABLES `gametype` WRITE;
/*!40000 ALTER TABLE `gametype` DISABLE KEYS */;
INSERT INTO `gametype` VALUES (1,'SCORM','2019-04-28 16:16:08.847423','2019-04-28 16:16:08.847428'),(2,'IFRAME','2019-04-28 16:16:22.730147','2019-04-28 16:16:22.730153');
/*!40000 ALTER TABLE `gametype` ENABLE KEYS */;
UNLOCK TABLES;

--
-- Table structure for table `header`
--

DROP TABLE IF EXISTS `header`;
/*!40101 SET @saved_cs_client     = @@character_set_client */;
 SET character_set_client = utf8mb4 ;
CREATE TABLE `header` (
  `HeaderID` int(11) NOT NULL AUTO_INCREMENT,
  `HeaderName` varchar(250) COLLATE utf8_unicode_ci DEFAULT NULL,
  `Content` longtext COLLATE utf8_unicode_ci,
  `Link` varchar(250) COLLATE utf8_unicode_ci DEFAULT NULL,
  `CreateDate` datetime(6) DEFAULT NULL,
  `EditDate` datetime(6) DEFAULT NULL,
  `IsEnable` int(11) DEFAULT NULL,
  `Image` varchar(250) COLLATE utf8_unicode_ci DEFAULT NULL,
  `Note` varchar(250) COLLATE utf8_unicode_ci DEFAULT NULL,
  PRIMARY KEY (`HeaderID`)
) ENGINE=InnoDB AUTO_INCREMENT=5 DEFAULT CHARSET=utf8 COLLATE=utf8_unicode_ci;
/*!40101 SET character_set_client = @saved_cs_client */;

--
-- Dumping data for table `header`
--

LOCK TABLES `header` WRITE;
/*!40000 ALTER TABLE `header` DISABLE KEYS */;
INSERT INTO `header` VALUES (1,'News','Tin Tức',NULL,'2019-04-26 00:00:00.000000','2019-04-26 00:00:00.000000',1,'/media/news.png',NULL),(2,'Forum','Hỏi Đáp Chuyên Gia',NULL,'2019-04-26 00:00:00.000000','2019-04-26 00:00:00.000000',1,'/media/forum.png',NULL),(3,'Projectshare','Chia Sẻ Dự Án',NULL,'2019-04-26 00:00:00.000000','2019-04-26 00:00:00.000000',1,'/media/projectshare.png',NULL),(4,'Competition','Cuộc Thi',NULL,'2019-04-26 00:00:00.000000','2019-04-26 00:00:00.000000',1,'/media/competition.png',NULL);
/*!40000 ALTER TABLE `header` ENABLE KEYS */;
UNLOCK TABLES;

--
-- Table structure for table `home`
--

DROP TABLE IF EXISTS `home`;
/*!40101 SET @saved_cs_client     = @@character_set_client */;
 SET character_set_client = utf8mb4 ;
CREATE TABLE `home` (
  `HomeID` int(11) NOT NULL AUTO_INCREMENT,
  `HomeName` varchar(250) COLLATE utf8_unicode_ci DEFAULT NULL,
  `Content` longtext COLLATE utf8_unicode_ci,
  `Link` varchar(250) COLLATE utf8_unicode_ci DEFAULT NULL,
  `CreateDate` datetime(6) DEFAULT NULL,
  `EditDate` datetime(6) DEFAULT NULL,
  `IsEnable` int(11) DEFAULT NULL,
  `Image` varchar(250) COLLATE utf8_unicode_ci DEFAULT NULL,
  `Note` varchar(250) COLLATE utf8_unicode_ci DEFAULT NULL,
  PRIMARY KEY (`HomeID`)
) ENGINE=InnoDB DEFAULT CHARSET=utf8 COLLATE=utf8_unicode_ci;
/*!40101 SET character_set_client = @saved_cs_client */;

--
-- Dumping data for table `home`
--

LOCK TABLES `home` WRITE;
/*!40000 ALTER TABLE `home` DISABLE KEYS */;
/*!40000 ALTER TABLE `home` ENABLE KEYS */;
UNLOCK TABLES;

--
-- Table structure for table `introduction`
--

DROP TABLE IF EXISTS `introduction`;
/*!40101 SET @saved_cs_client     = @@character_set_client */;
 SET character_set_client = utf8mb4 ;
CREATE TABLE `introduction` (
  `IntroductionID` int(11) NOT NULL AUTO_INCREMENT,
  `IntroductionName` varchar(250) COLLATE utf8_unicode_ci DEFAULT NULL,
  `Content` longtext COLLATE utf8_unicode_ci,
  `Link` varchar(250) COLLATE utf8_unicode_ci DEFAULT NULL,
  `CreateDate` datetime(6) DEFAULT NULL,
  `EditDate` datetime(6) DEFAULT NULL,
  `IsEnable` int(11) DEFAULT NULL,
  `Image` varchar(250) COLLATE utf8_unicode_ci DEFAULT NULL,
  `Note` varchar(250) COLLATE utf8_unicode_ci DEFAULT NULL,
  PRIMARY KEY (`IntroductionID`)
) ENGINE=InnoDB DEFAULT CHARSET=utf8 COLLATE=utf8_unicode_ci;
/*!40101 SET character_set_client = @saved_cs_client */;

--
-- Dumping data for table `introduction`
--

LOCK TABLES `introduction` WRITE;
/*!40000 ALTER TABLE `introduction` DISABLE KEYS */;
/*!40000 ALTER TABLE `introduction` ENABLE KEYS */;
UNLOCK TABLES;

--
-- Table structure for table `item`
--

DROP TABLE IF EXISTS `item`;
/*!40101 SET @saved_cs_client     = @@character_set_client */;
 SET character_set_client = utf8mb4 ;
CREATE TABLE `item` (
  `ItemID` int(11) NOT NULL AUTO_INCREMENT,
  `ItemName` varchar(250) COLLATE utf8_unicode_ci DEFAULT NULL,
  `CreateDate` datetime(6) DEFAULT NULL,
  `EditDate` datetime(6) DEFAULT NULL,
  `IsEnable` int(11) DEFAULT NULL,
  `Description` varchar(250) COLLATE utf8_unicode_ci DEFAULT NULL,
  `Content` longtext COLLATE utf8_unicode_ci,
  `Order` int(11) DEFAULT NULL,
  `Note` varchar(250) COLLATE utf8_unicode_ci DEFAULT NULL,
  `AccountID` int(11) DEFAULT NULL,
  `LessonID` int(11) DEFAULT NULL,
  PRIMARY KEY (`ItemID`),
  KEY `item_AccountID_4185ee2f_fk_account_AccountID` (`AccountID`),
  KEY `item_LessonID_4cb90428_fk_lesson_LessonID` (`LessonID`),
  CONSTRAINT `item_AccountID_4185ee2f_fk_account_AccountID` FOREIGN KEY (`AccountID`) REFERENCES `account` (`AccountID`),
  CONSTRAINT `item_LessonID_4cb90428_fk_lesson_LessonID` FOREIGN KEY (`LessonID`) REFERENCES `lesson` (`LessonID`)
) ENGINE=InnoDB AUTO_INCREMENT=111 DEFAULT CHARSET=utf8 COLLATE=utf8_unicode_ci;
/*!40101 SET character_set_client = @saved_cs_client */;

--
-- Dumping data for table `item`
--

LOCK TABLES `item` WRITE;
/*!40000 ALTER TABLE `item` DISABLE KEYS */;
INSERT INTO `item` VALUES (1,'DỰ ÁN KHỔNG LỒ','2019-04-27 14:38:23.689507','2019-04-27 14:38:23.689513',1,'Đây là hoạt động học tập dự án','<p style=\"margin-right:0cm; text-align:justify\"><span style=\"font-size:20px\"><span style=\"color:#16a085\"><span style=\"font-family:Calibri,sans-serif\"><strong><em><span style=\"font-family:&quot;Times New Roman&quot;,serif\">Sau khi ho&agrave;n th&agrave;nh nội dung chủ đề 01 v&agrave; chủ đề 02, ch&uacute;ng ta đ&atilde; c&oacute; những kiến thức v&agrave; hiểu biết cơ bản về Arduino cũng như ứng dụng của lập tr&igrave;nh Arduino trong việc tạo ra c&aacute;c sản phẩm đơn giản m&agrave; cụ thể l&agrave; xe tự h&agrave;nh đơn giản. B&acirc;y giờ l&agrave; l&uacute;c để c&aacute;c bạn vận dụng khả năng s&aacute;ng tạo của bản th&acirc;n m&igrave;nh để ho&agrave;n th&agrave;nh dự &aacute;n học tập giữa kỳ. </span></em></strong></span></span></span></p>\r\n\r\n<p style=\"margin-right:0cm; text-align:justify\"><span style=\"color:#e74c3c\"><span style=\"font-size:20px\"><span style=\"font-family:Calibri,sans-serif\"><strong><em><span style=\"font-family:&quot;Times New Roman&quot;,serif\">Lưu &yacute;: Đ&acirc;y l&agrave; hoạt động học tập bắt buộc, c&oacute; t&iacute;nh điểm.</span></em></strong></span></span></span></p>\r\n',1,'',5,6),(2,'TÔI - MỘT NGÀY LÀM THẦY','2019-04-27 14:49:43.652621','2019-04-27 14:49:43.652627',1,'Đây là hoạt động học tập bắt buộc, có tính điểm','<p style=\"text-align:justify\"><span style=\"font-size:20px\"><span style=\"color:#16a085\"><strong><span style=\"font-family:&quot;Times New Roman&quot;,serif\">Sau khi ho&agrave;n th&agrave;nh nội dung của to&agrave;n bộ m&ocirc;n học th&igrave; c&aacute;c bạn đ&atilde; c&oacute; những kiến thức v&agrave; hiểu biết kh&aacute; đầy đủ về Arduino cũng như ứng dụng của lập tr&igrave;nh Arduino trong việc tạo ra c&aacute;c sản phẩm đơn giản m&agrave; cụ thể l&agrave; xe tự h&agrave;nh đơn giản với c&aacute;c cảm biến đặc biệt. </span></strong></span></span></p>\r\n',1,'',5,11),(3,'NHẬP MÔN KỸ THUẬT','2019-04-27 15:00:45.451143','2019-04-27 15:00:45.451149',1,'Hướng dẫn sử dụng dụng cụ ','<p><span style=\"color:#16a085\"><span style=\"font-size:20px\"><strong><span style=\"font-family:&quot;Times New Roman&quot;,serif\">Ch&uacute;ng t&ocirc;i cung cấp cho c&aacute;c bạn những kiến thức cơ bản về c&aacute;c dụng cụ d&ugrave;ng trong kỹ thuật, một số phương ph&aacute;p kỷ thuật bổ trợ v&agrave; c&aacute;ch sử dụng ch&uacute;ng trong to&agrave;n kh&oacute;a học</span></strong></span></span></p>\r\n',1,'',5,1),(4,'NHẬP MÔN BOARD MẠCH','2019-04-27 15:02:46.381920','2019-04-27 15:02:46.381927',1,'Hướng dẫn, giới thiệu một số board mạch Arduino, ứng dụng, tài liệu tham khảo','<p><span style=\"font-size:20px\"><span style=\"color:#16a085\"><strong><span style=\"font-family:&quot;Times New Roman&quot;,serif\">Ch&uacute;ng t&ocirc;i sẽ cung cấp cho c&aacute;c bạn c&aacute;i nh&igrave;n tổng quan nhất về Arduino v&agrave; ứng dụng của n&oacute; trong cuộc sống. </span></strong></span></span></p>\r\n',1,'',5,2),(5,'NHẬP MÔN CODING','2019-04-27 15:03:49.362238','2019-04-28 15:16:41.868668',1,'Hướng dẫn kiến thức cơ bản về C++','<p><span style=\"font-size:20px\"><span style=\"color:#16a085\"><strong><span style=\"font-family:&quot;Times New Roman&quot;,serif\">Ch&uacute;ng t&ocirc;i cung cấp cho c&aacute;c bạn những kiến thức nền tảng tổng quan về lập tr&igrave;nh, thuật to&aacute;n v&agrave; c&aacute;c kh&aacute;i niệm cơ bản về ng&ocirc;n ngữ lặp tr&igrave;nh C++. </span></strong></span></span></p>\r\n',1,'',5,3),(6,'KHÁM PHÁ','2019-04-27 15:08:12.523059','2019-04-27 15:08:12.523066',1,'Đây là một trong ba nhóm hoạt động cơ bản của chuyên đề học tập NHỮNG ĐIỀU MỚI LẠ.','<p style=\"text-align:justify\"><span style=\"font-size:20px\"><strong><em><span style=\"color:#16a085\"><span style=\"font-family:&quot;Times New Roman&quot;,serif\">Đ&acirc;y l&agrave; một trong ba nh&oacute;m hoạt động cơ bản của chuy&ecirc;n đề học tập ARDUINO - NHỮNG ĐIỀU MỚI LẠ.&nbsp; Nh&oacute;m hoạt động n&agrave;y gồm một chuỗi li&ecirc;n tiết 05 hoạt động được cụ thể h&oacute;a v&agrave; m&ocirc; tả chi tiết đ&oacute;ng vai tr&ograve; cung cấp những kiến thức mới v&agrave; những hoạt động bổ trợ người học trong qu&aacute; tr&igrave;nh tiếp thu kiến thức. </span></span></em></strong></span></p>\r\n',1,'',5,4),(7,'TRẢI NGHIỆM','2019-04-27 15:09:12.618997','2019-04-27 15:09:12.619005',1,'Đây là nhóm hoạt động học tập thứ 2 của chuyên đề học tập NHỮNG ĐIỀU MỚI LẠ','<p style=\"text-align:justify\"><span style=\"font-size:20px\"><span style=\"color:#16a085\"><strong><em><span style=\"font-family:&quot;Times New Roman&quot;,serif\">Đ&acirc;y l&agrave; nh&oacute;m hoạt động học tập thứ 2 của chuy&ecirc;n đề học tập ARDUINO - NHỮNG ĐIỀU MỚI LẠ.&nbsp; Nh&oacute;m hoạt động n&agrave;y gồm một chuỗi li&ecirc;n tiếp 3 hoạt động được thiết kế v&agrave; tối ưu dưới dạng c&aacute;c tr&ograve; chơi tương t&aacute;c. Cả 3 hoạt động n&agrave;y được thiết kế với mục đ&iacute;ch l&agrave; c&ocirc;ng cụ gi&uacute;p c&aacute;c bạn tương t&aacute;c v&agrave; l&agrave;m việc với những nội dung l&yacute; thuyết đ&atilde; được học ở nh&oacute;m hoạt động học tập số 1 </span></em></strong></span></span></p>\r\n',2,'',5,4),(8,'VẬN DỤNG','2019-04-27 15:10:18.420388','2019-04-27 15:10:18.420394',1,'Đây là nhóm hoạt động học tập cuối cùng của chuyên đề học tập NHỮNG ĐIỀU MỚI LẠ.','<p style=\"text-align:justify\"><span style=\"font-size:20px\"><span style=\"color:#16a085\"><strong><em><span style=\"font-family:&quot;Times New Roman&quot;,serif\">Đ&acirc;y l&agrave; nh&oacute;m hoạt động học tập cuối c&ugrave;ng của chuy&ecirc;n đề học tập ARDUINO - NHỮNG ĐIỀU MỚI LẠ.&nbsp; Nh&oacute;m hoạt động n&agrave;y gồm 02 hoạt động học tập được thiết kế v&agrave; tối ưu dưới dạng Quizz trắc nghiệm v&agrave; hoạt động soạn thảo m&atilde; nguồn online.. Cả 2 hoạt động n&agrave;y được thiết kế tạo n&ecirc;n m&ocirc;i trường l&yacute; tưởng để c&aacute;c bạn c&oacute; thể vận dụng những nội dung l&yacute; thuyết đ&atilde; được học ở nh&oacute;m hoạt động học tập số 1 cũng như l&agrave;m quen, thực h&agrave;nh với m&ocirc;i trường lập tr&igrave;nh mới. </span></em></strong></span></span></p>\r\n',3,'',5,4),(9,'KHÁM PHÁ','2019-04-27 15:12:04.277006','2019-04-27 15:12:57.939216',1,'Đây là một trong ba nhóm hoạt động cơ bản của chuyên đề học tập CHIẾC XE HUYỀN BÍ.','<p style=\"text-align:justify\"><span style=\"color:#16a085\"><span style=\"font-size:20px\"><strong><em><span style=\"font-family:&quot;Times New Roman&quot;,serif\">Đ&acirc;y l&agrave; một trong ba nh&oacute;m hoạt động cơ bản của chuy&ecirc;n đề học tập </span></em><span style=\"font-family:&quot;Times New Roman&quot;,serif\">AUTOMATIC CAR &ndash; CHIẾC XE HUYỀN B&Iacute;<em>. &nbsp;Nh&oacute;m hoạt động n&agrave;y gồm một chuỗi li&ecirc;n tiếp 06 hoạt động được cụ thể h&oacute;a v&agrave; m&ocirc; tả chi tiết đ&oacute;ng vai tr&ograve; cung cấp những kiến thức mới v&agrave; những hoạt động bổ trợ người học trong qu&aacute; tr&igrave;nh tiếp thu kiến thức.</em></span></strong></span></span></p>\r\n',1,'',5,5),(10,'TRẢI NGHIỆM','2019-04-27 15:13:54.596822','2019-04-27 15:13:54.596830',1,'Đây là nhóm hoạt động học tập thứ 2 của chuyên đề học tập CHIẾC XE HUYỀN BÍ.  ','<p style=\"margin-right:0cm; text-align:justify\"><span style=\"font-size:20px\"><span style=\"color:#16a085\"><span style=\"font-family:Calibri,sans-serif\"><strong><em><span style=\"font-family:&quot;Times New Roman&quot;,serif\">Đ&acirc;y l&agrave; nh&oacute;m hoạt động học tập thứ 2 của chuy&ecirc;n đề học tập AUTOMATIC CAR &ndash; CHIẾC XE HUYỀN B&Iacute;.&nbsp; Nh&oacute;m hoạt động n&agrave;y gồm một chuỗi li&ecirc;n tiếp 3 hoạt động được thiết kế v&agrave; tối ưu dưới dạng c&aacute;c tr&ograve; chơi tương t&aacute;c. Cả 3 hoạt động n&agrave;y được thiết kế với mục đ&iacute;ch l&agrave; c&ocirc;ng cụ gi&uacute;p c&aacute;c bạn tương t&aacute;c v&agrave; l&agrave;m việc với những nội dung l&yacute; thuyết đ&atilde; được học ở nh&oacute;m hoạt động học tập số 1.</span></em></strong></span></span></span></p>\r\n',2,'',5,5),(11,'VẬN DỤNG','2019-04-27 15:14:46.780213','2019-04-27 15:14:46.780217',1,'Đây là nhóm hoạt động học tập cuối cùng của chuyên đề học tập CHIẾC XE HUYỀN BÍ.  ','<p style=\"margin-right:0cm; text-align:justify\"><span style=\"font-size:20px\"><span style=\"color:#16a085\"><span style=\"font-family:Calibri,sans-serif\"><strong><em><span style=\"font-family:&quot;Times New Roman&quot;,serif\">Đ&acirc;y l&agrave; nh&oacute;m hoạt động học tập cuối c&ugrave;ng của chuy&ecirc;n đề học tập AUTOMATIC CAR &ndash; CHIẾC XE HUYỀN B&Iacute;.&nbsp; Nh&oacute;m hoạt động n&agrave;y gồm 02 hoạt động học tập được thiết kế v&agrave; tối ưu dưới dạng Quizz trắc nghiệm v&agrave; hoạt động soạn thảo m&atilde; nguồn online.. Cả 2 hoạt động n&agrave;y được thiết kế tạo n&ecirc;n m&ocirc;i trường l&yacute; tưởng để c&aacute;c bạn c&oacute; thể vận dụng những nội dung l&yacute; thuyết đ&atilde; được học ở nh&oacute;m hoạt động học tập số 1 cũng như l&agrave;m quen, thực h&agrave;nh với m&ocirc;i trường lập tr&igrave;nh mới.</span></em></strong></span></span></span></p>\r\n',3,'',5,5),(12,'KHÁM PHÁ','2019-04-27 15:16:10.606349','2019-04-27 15:16:10.606357',1,'Đây là một trong ba nhóm hoạt động cơ bản của chuyên đề học tập GIÁC QUAN ĐẶC BIỆT','<p style=\"text-align:justify\"><span style=\"font-size:20px\"><span style=\"color:#16a085\"><strong><em><span style=\"font-family:&quot;Times New Roman&quot;,serif\">Đ&acirc;y l&agrave; một trong ba nh&oacute;m hoạt động cơ bản của chuy&ecirc;n đề học tập </span></em><span style=\"font-family:&quot;Times New Roman&quot;,serif\">ULTRASONIC SENSORS&nbsp; - GI&Aacute;C QUAN ĐẶC BIỆT<em>.&nbsp; Nh&oacute;m hoạt động n&agrave;y gồm một chuỗi li&ecirc;n tiết 06 hoạt động được cụ thể h&oacute;a v&agrave; m&ocirc; tả chi tiết đ&oacute;ng vai tr&ograve; cung cấp những kiến thức mới v&agrave; những hoạt động bổ trợ người học trong qu&aacute; tr&igrave;nh tiếp thu kiến thức.</em></span></strong></span></span></p>\r\n',1,'',5,7),(13,'TRẢI NGHIỆM','2019-04-27 15:18:57.621187','2019-04-27 15:18:57.621193',1,'Đây là nhóm hoạt động học tập thứ 2 của chuyên đề học tập GIÁC QUAN ĐẶC BIỆT.  ','<p style=\"text-align:justify\"><span style=\"font-size:20px\"><span style=\"color:#16a085\"><strong><em><span style=\"font-family:&quot;Times New Roman&quot;,serif\">Đ&acirc;y l&agrave; nh&oacute;m hoạt động học tập thứ 2 của chuy&ecirc;n đề học tập </span></em><span style=\"font-family:&quot;Times New Roman&quot;,serif\">ULTRASONIC SENSORS&nbsp; - GI&Aacute;C QUAN ĐẶC BIỆT<em>.&nbsp; Nh&oacute;m hoạt động n&agrave;y gồm một chuỗi li&ecirc;n tiếp 3 hoạt động được thiết kế v&agrave; tối ưu dưới dạng c&aacute;c tr&ograve; chơi tương t&aacute;c. Cả 3 hoạt động n&agrave;y được thiết kế với mục đ&iacute;ch l&agrave; c&ocirc;ng cụ gi&uacute;p c&aacute;c bạn tương t&aacute;c v&agrave; l&agrave;m việc với những nội dung l&yacute; thuyết đ&atilde; được học ở nh&oacute;m hoạt động học tập số 1.</em></span></strong></span></span></p>\r\n',2,'',5,7),(14,'VẬN DỤNG','2019-04-27 15:21:10.652348','2019-04-27 15:21:10.652355',1,'Đây là nhóm hoạt động học tập cuối cùng của chuyên đề học tập GIÁC QUAN ĐẶC BIỆT.  ','<p style=\"text-align:justify\"><span style=\"font-size:20px\"><span style=\"color:#16a085\"><strong><em><span style=\"font-family:&quot;Times New Roman&quot;,serif\">Đ&acirc;y l&agrave; nh&oacute;m hoạt động học tập cuối c&ugrave;ng của chuy&ecirc;n đề học tập </span></em><span style=\"font-family:&quot;Times New Roman&quot;,serif\">ULTRASONIC SENSORS&nbsp; - GI&Aacute;C QUAN ĐẶC BIỆT<em>.&nbsp; Nh&oacute;m hoạt động n&agrave;y gồm 03 hoạt động học tập được thiết kế v&agrave; tối ưu dưới dạng Quizz trắc nghiệm, hoạt động thực h&agrave;nh lắp đặt v&agrave; hoạt động soạn thảo m&atilde; nguồn online.. Cả 3 hoạt động n&agrave;y được thiết kế tạo n&ecirc;n m&ocirc;i trường l&yacute; tưởng để c&aacute;c bạn c&oacute; thể vận dụng những nội dung l&yacute; thuyết đ&atilde; được học ở nh&oacute;m hoạt động học tập số 1 cũng như l&agrave;m quen, thực h&agrave;nh với m&ocirc;i trường lập tr&igrave;nh mới.</em></span></strong></span></span></p>\r\n',3,'',5,7),(15,'KHÁM PHÁ','2019-04-27 15:22:39.798047','2019-04-27 15:22:39.798053',1,'Đây là một trong ba nhóm hoạt động cơ bản của chuyên đề học tập ĐIỆP VIÊN SIÊU PHÀM. ','<p style=\"text-align:justify\"><span style=\"font-size:20px\"><span style=\"color:#16a085\"><strong><em><span style=\"font-family:&quot;Times New Roman&quot;,serif\">Đ&acirc;y l&agrave; một trong ba nh&oacute;m hoạt động cơ bản của chuy&ecirc;n đề học tập &nbsp;IR SENSOR &ndash; ĐIỆP VI&Ecirc;N SI&Ecirc;U PH&Agrave;M. Nh&oacute;m hoạt động n&agrave;y gồm một chuỗi li&ecirc;n tiếp 06 hoạt động được cụ thể h&oacute;a v&agrave; m&ocirc; tả chi tiết đ&oacute;ng vai tr&ograve; cung cấp những kiến thức mới v&agrave; những hoạt động bổ trợ người học trong qu&aacute; tr&igrave;nh tiếp thu kiến thức.</span></em></strong></span></span></p>\r\n',1,'',5,8),(16,'TRẢI NGHIỆM','2019-04-27 15:24:28.993029','2019-04-27 15:24:28.993036',1,'Đây là nhóm hoạt động học tập thứ 2 của chuyên đề học tập ĐIỆP VIÊN SIÊU PHÀM.','<p style=\"text-align:justify\"><span style=\"font-size:20px\"><span style=\"color:#16a085\"><strong><em><span style=\"font-family:&quot;Times New Roman&quot;,serif\">Đ&acirc;y l&agrave; nh&oacute;m hoạt động học tập thứ 2 của chuy&ecirc;n đề học tập IR SENSOR &ndash; ĐIỆP VI&Ecirc;N SI&Ecirc;U PH&Agrave;M. Nh&oacute;m hoạt động n&agrave;y gồm một chuỗi li&ecirc;n tiếp 3 hoạt động được thiết kế v&agrave; tối ưu dưới dạng c&aacute;c tr&ograve; chơi tương t&aacute;c. Cả 3 hoạt động n&agrave;y được thiết kế với mục đ&iacute;ch l&agrave; c&ocirc;ng cụ gi&uacute;p c&aacute;c bạn tương t&aacute;c v&agrave; l&agrave;m việc với những nội dung l&yacute; thuyết đ&atilde; được học ở nh&oacute;m hoạt động học tập số 1.</span></em></strong></span></span></p>\r\n',2,'',5,8),(17,'VẬN DỤNG','2019-04-27 15:25:31.440659','2019-04-27 15:25:31.440666',1,'Đây là nhóm hoạt động học tập cuối cùng của chuyên đề học tập ĐIỆP VIÊN SIÊU PHÀM','<p style=\"margin-right:0cm; text-align:justify\"><span style=\"font-size:20px\"><span style=\"color:#16a085\"><span style=\"font-family:Calibri,sans-serif\"><strong><em><span style=\"font-family:&quot;Times New Roman&quot;,serif\">Đ&acirc;y l&agrave; nh&oacute;m hoạt động học tập cuối c&ugrave;ng của chuy&ecirc;n đề học tập IR SENSOR &ndash; ĐIỆP VI&Ecirc;N SI&Ecirc;U PH&Agrave;M. Nh&oacute;m hoạt động n&agrave;y gồm 02 hoạt động học tập được thiết kế v&agrave; tối ưu dưới dạng Quizz trắc nghiệm v&agrave; hoạt động soạn thảo m&atilde; nguồn online.. Cả 2 hoạt động n&agrave;y được thiết kế tạo n&ecirc;n m&ocirc;i trường l&yacute; tưởng để c&aacute;c bạn c&oacute; thể vận dụng những nội dung l&yacute; thuyết đ&atilde; được học ở nh&oacute;m hoạt động học tập số 1 cũng như l&agrave;m quen, thực h&agrave;nh với m&ocirc;i trường lập tr&igrave;nh mới.</span></em></strong></span></span></span></p>\r\n',3,'',5,8),(18,'KHÁM PHÁ','2019-04-27 15:28:53.381376','2019-04-27 15:28:53.381383',1,'Đây là một trong ba nhóm hoạt động cơ bản của chuyên đề học tập : BLUETOOTH – VŨ KHÍ BÍ MẬT.  ','<p style=\"text-align:justify\"><span style=\"color:#16a085\"><span style=\"font-size:20px\"><strong><em><span style=\"font-family:&quot;Times New Roman&quot;,serif\">Đ&acirc;y l&agrave; một trong ba nh&oacute;m hoạt động cơ bản của chuy&ecirc;n đề học tập : BLUETOOTH &ndash; VŨ KH&Iacute; B&Iacute; MẬT.&nbsp; Nh&oacute;m hoạt động n&agrave;y gồm một chuỗi li&ecirc;n tiếp 06 hoạt động được cụ thể h&oacute;a v&agrave; m&ocirc; tả chi tiết đ&oacute;ng vai tr&ograve; cung cấp những kiến thức mới v&agrave; những hoạt động bổ trợ người học trong qu&aacute; tr&igrave;nh tiếp thu kiến thức.</span></em></strong></span></span></p>\r\n',1,'',5,9),(19,'TRẢI NGHIỆM','2019-04-27 15:29:47.777747','2019-04-27 15:29:47.777752',1,'Đây là nhóm hoạt động học tập thứ 2 của chuyên đề học tập BLUETOOTH – VŨ KHÍ BÍ MẬT.  ','<p style=\"margin-right:0cm; text-align:justify\"><span style=\"font-size:20px\"><span style=\"color:#16a085\"><span style=\"font-family:Calibri,sans-serif\"><strong><em><span style=\"font-family:&quot;Times New Roman&quot;,serif\">Đ&acirc;y l&agrave; nh&oacute;m hoạt động học tập thứ 2 của chuy&ecirc;n đề học tập BLUETOOTH &ndash; VŨ KH&Iacute; B&Iacute; MẬT.&nbsp; Nh&oacute;m hoạt động n&agrave;y gồm một chuỗi li&ecirc;n tiếp 3 hoạt động được thiết kế v&agrave; tối ưu dưới dạng c&aacute;c tr&ograve; chơi tương t&aacute;c. Cả 3 hoạt động n&agrave;y được thiết kế với mục đ&iacute;ch l&agrave; c&ocirc;ng cụ gi&uacute;p c&aacute;c bạn tương t&aacute;c v&agrave; l&agrave;m việc với những nội dung l&yacute; thuyết đ&atilde; được học ở nh&oacute;m hoạt động học tập số 1.</span></em></strong></span></span></span></p>\r\n',2,'',5,9),(20,'VẬN DỤNG','2019-04-27 15:30:38.730061','2019-04-27 15:30:38.730068',1,'Đây là nhóm hoạt động học tập cuối cùng của chuyên đề học tập BLUETOOTH – VŨ KHÍ BÍ MẬT.  ','<p style=\"text-align:justify\"><span style=\"font-size:20px\"><span style=\"color:#16a085\"><strong><em><span style=\"font-family:&quot;Times New Roman&quot;,serif\">Đ&acirc;y l&agrave; nh&oacute;m hoạt động học tập cuối c&ugrave;ng của chuy&ecirc;n đề học tập BLUETOOTH &ndash; VŨ KH&Iacute; B&Iacute; MẬT.&nbsp; Nh&oacute;m hoạt động n&agrave;y gồm 02 hoạt động học tập được thiết kế v&agrave; tối ưu dưới dạng Quizz trắc nghiệm v&agrave; hoạt động soạn thảo m&atilde; nguồn online.. Cả 2 hoạt động n&agrave;y được thiết kế tạo n&ecirc;n m&ocirc;i trường l&yacute; tưởng để c&aacute;c bạn c&oacute; thể vận dụng những nội dung l&yacute; thuyết đ&atilde; được học ở nh&oacute;m hoạt động học tập số 1 cũng như l&agrave;m quen, thực h&agrave;nh với m&ocirc;i trường lập tr&igrave;nh mới.</span></em></strong></span></span></p>\r\n',3,'',5,9),(21,'KIẾN THỨC','2019-04-27 15:32:08.560553','2019-04-27 15:32:08.560560',1,'Đây là một trong hai nội dung của chuyên mục ôn tập cuối khóa','<p style=\"text-align:justify\"><span style=\"font-size:20px\"><span style=\"color:#16a085\"><strong><span style=\"font-family:&quot;Times New Roman&quot;,serif\">Ch&agrave;o mừng c&aacute;c bạn đ&atilde; đến nh&oacute;m hoạt động kiến thức: Đ&acirc;y l&agrave; một trong hai nội dung của chuy&ecirc;n mục &ocirc;n tập cuối kh&oacute;a. Nh&oacute;m hoạt động n&agrave;y gồm hai hoạt động lớn l&agrave; KHO T&Agrave;NG V&Ocirc; GI&Aacute; v&agrave; BUỔI TẬP DUYỆT SAU C&Ugrave;NG. Với hai hoạt động n&agrave;y, c&aacute;c bạn sẽ được hệ thống lại to&agrave;n bộ những kiến thức l&yacute; thuyết về c&aacute;c c&aacute;c cấu tr&uacute;c lập tr&igrave;nh C++ cơ bản. C&aacute;c kiến thức tổng quan về Arduino, xe tự h&agrave;nh th&ocirc;ng dụng v&agrave; c&aacute;c loại xe tự h&agrave;nh chuy&ecirc;n biệt.</span></strong></span></span></p>\r\n',1,'',5,10),(22,'VẬN DỤNG','2019-04-27 15:33:50.000502','2019-04-27 15:33:50.000509',1,'Đây là nhóm hoạt động học tập cuối cùng của chuyên đề ôn tập','<p style=\"text-align:justify\"><span style=\"font-size:20px\"><span style=\"color:#16a085\"><strong><span style=\"font-family:&quot;Times New Roman&quot;,serif\">Đ&acirc;y l&agrave; nh&oacute;m hoạt động học tập cuối c&ugrave;ng của chuy&ecirc;n đề &ocirc;n tập. Th&ocirc;ng qua nh&oacute;m hoạt động n&agrave;y, c&aacute;c bạn sẽ được gợi nhớ lại những kiến thức m&igrave;nh đ&atilde; &ocirc;n tập ở phần l&yacute; thuyết. v&agrave; đ&acirc;y cũng l&agrave; cơ hội để c&aacute;c bạn thực h&agrave;nh tổng hợp trước khi đến với hoạt động dự &aacute;n cuối kh&oacute;a học.</span></strong></span></span></p>\r\n',2,'',5,10),(23,'Mỗi ngày một bài học','2019-04-27 21:31:01.603661','2019-04-27 21:31:33.822442',1,'Lí thuyết','<p><span style=\"font-size:18px\"><span style=\"background-color:white\"><span style=\"font-family:&quot;Times New Roman&quot;,serif\">Mỗi ng&agrave;y một b&agrave;i học l&agrave; nơi sẽ chứa c&aacute;c b&agrave;i giảng hướng dẫn gi&uacute;p c&aacute;c bạn học v&agrave; t&igrave;m hiểu về <span style=\"color:black\">chủ để</span>. B&ecirc;n trong sẽ c&oacute; 3 hoạt động nhỏ: C&agrave;i đặt Alice, Khởi tạo một <span style=\"color:black\">Project</span>, M&agrave;n h&igrave;nh l&agrave;m việc. B&agrave;i giảng sẽ gồm c&oacute;: Video hướng dẫn chi tiết, 1 b&agrave;i giảng tương t&aacute;c với gi&uacute;p c&aacute;c bạn c&oacute; thể dễ d&agrave;ng nắm bắt kiến thức trong video, 1 bản <span style=\"color:black\">pdf nội dung</span> c&aacute;c bạn c&oacute; <span style=\"color:black\">thể tải</span> về để l&agrave;m t&agrave;i liệu</span></span></span></p>\r\n',1,'',6,12),(24,'Củng nhau ôn tập','2019-04-27 21:32:36.625086','2019-04-27 21:32:36.625092',1,'Cùng nhau ôn tập','<p style=\"margin-left:0.5in; margin-right:0in; text-align:justify\"><span style=\"font-size:18px\"><span style=\"font-family:Times New Roman,Times,serif\"><span style=\"background-color:white\">C&ugrave;ng nhau &ocirc;n tập sẽ l&agrave; nơi gi&uacute;p c&aacute;c bạn củng cố lại kiến thức chương 1 </span></span></span></p>\r\n',2,'',6,12),(25,'Tham khảo','2019-04-27 21:33:30.781484','2019-04-27 21:33:30.781491',1,'Tham khảo','<p><span style=\"font-size:18px\"><span style=\"font-family:Times New Roman,Times,serif\"><span style=\"background-color:white\">Tham khảo sẽ l&agrave; nơi <span style=\"color:black\">chứa c&aacute;c project Alice m&agrave;</span> gi&aacute;o vi&ecirc;n tự soạn hoặc sưu tầm được. C&aacute;c project n&agrave;y sẽ c&oacute; <span style=\"color:black\">file</span> lập tr&igrave;nh đ&iacute;nh k&egrave;m để c&aacute;c bạn tải về. Ngo&agrave;i chia sẻ <span style=\"color:black\">c&aacute;c project</span> c&ograve;n chia sẻ c&aacute;c kiến thức mới để c&aacute;c bạn tham khảo.</span></span></span></p>\r\n',3,'',6,12),(26,'Mỗi ngày một bài học','2019-04-27 22:15:59.519292','2019-04-27 22:15:59.519297',1,'Lí thuyết','<p><span style=\"font-size:18px\"><span style=\"background-color:white\"><span style=\"font-family:&quot;Times New Roman&quot;,serif\">Mỗi ng&agrave;y một b&agrave;i học l&agrave; nơi sẽ chứa c&aacute;c b&agrave;i giảng hướng dẫn gi&uacute;p c&aacute;c bạn học v&agrave; t&igrave;m hiểu về chủ để. B&ecirc;n trong sẽ c&oacute; 4 hoạt động nhỏ: Lớp v&agrave; thư viện, m&agrave;n h&igrave;nh l&agrave;m việc 3D, C&agrave;i đặt đối tượng, M&aacute;y quay trong Alice. B&agrave;i giảng sẽ gồm c&oacute;: Video hướng dẫn chi tiết, 1 b&agrave;i giảng tương t&aacute;c với gi&uacute;p c&aacute;c bạn c&oacute; thể dễ d&agrave;ng nắm bắt kiến thức trong video, 1 bản pdf nội dung c&aacute;c bạn c&oacute; thể tải về để l&agrave;m t&agrave;i liệu.</span></span></span></p>\r\n',1,'',6,13),(27,'Cùng nhau ôn tập','2019-04-27 22:16:31.217712','2019-04-27 22:16:31.217719',1,'Ôn tập','<p><span style=\"font-size:18px\"><span style=\"background-color:white\"><span style=\"font-family:&quot;Times New Roman&quot;,serif\">C&ugrave;ng nhau &ocirc;n tập sẽ l&agrave; <span style=\"color:black\">nơi gi&uacute;p</span> c&aacute;c bạn củng cố lại kiến thức từng hoạt động v&agrave; của <span style=\"color:black\">to&agrave;n chương</span></span></span></span></p>\r\n',2,'',6,13),(28,'Tham khảo','2019-04-27 22:16:55.123553','2019-04-27 22:16:55.123560',1,'Tham khảo','<p><span style=\"font-size:18px\"><span style=\"background-color:white\"><span style=\"font-family:&quot;Times New Roman&quot;,serif\">Tham khảo sẽ chia sẻ c&aacute;c kiến thức mới để c&aacute;c bạn tham khảo</span></span></span></p>\r\n',3,'',6,13),(29,'Mỗi ngày một bài học','2019-04-27 22:36:32.848822','2019-04-27 22:36:32.848827',1,'Lí thuyết','<p><span style=\"font-size:18px\"><span style=\"background-color:white\"><span style=\"font-family:&quot;Times New Roman&quot;,serif\">Mỗi ng&agrave;y một b&agrave;i học l&agrave; nơi sẽ chứa c&aacute;c b&agrave;i giảng hướng dẫn gi&uacute;p c&aacute;c bạn học v&agrave; t&igrave;m hiểu về chủ để. B&ecirc;n trong sẽ c&oacute; 3 hoạt động nhỏ: Chương tr&igrave;nh con, Lập tr&igrave;nh trong lớp Scene, Lập tr&igrave;nh với một lớp kh&aacute;c. B&agrave;i giảng sẽ gồm c&oacute;: Video hướng dẫn chi tiết, 1 b&agrave;i giảng tương t&aacute;c với gi&uacute;p c&aacute;c bạn c&oacute; thể dễ d&agrave;ng nắm bắt kiến thức trong video, 1 bản pdf nội dung c&aacute;c bạn c&oacute; thể tải về để l&agrave;m t&agrave;i liệu.</span></span></span></p>\r\n',1,'',6,14),(30,'Cùng nhau thực hành','2019-04-27 22:40:50.544253','2019-04-27 22:40:50.544259',1,'Thực hành','<p><span style=\"font-size:18px\"><span style=\"background-color:white\"><span style=\"font-family:&quot;Times New Roman&quot;,serif\">C&ugrave;ng nhau thực h&agrave;nh sẽ l&agrave; nơi gi&uacute;p c&aacute;c bạn thực h&agrave;nh v&agrave; c&aacute;c bạn sẽ nộp lại c&aacute;c project c&aacute;c bạn đ&atilde; l&agrave;m cho gi&aacute;o vi&ecirc;n qua đường <span style=\"color:black\">link</span>. Những <span style=\"color:black\">b&agrave;i thực h&agrave;nh</span> n&agrave;y gi&aacute;o vi&ecirc;n <span style=\"color:black\">sẽ chấm</span> v&agrave; gửi điểm cho c&aacute;c bạn b&ecirc;n dưới b&agrave;i c&aacute;c bạn. Lưu &yacute;: Những b&agrave;i thực h&agrave;nh n&agrave;y sẽ lấy <span style=\"color:black\">điểm n&ecirc;n</span> c&aacute;c bạn cần cố gắng ho&agrave;n th&agrave;nh.</span></span></span></p>\r\n',2,'',6,14),(31,'Cùng nhau ôn tập','2019-04-27 22:41:28.581631','2019-04-27 22:41:28.581638',1,'Ôn tập','<p><span style=\"font-size:18px\"><span style=\"background-color:white\"><span style=\"font-family:&quot;Times New Roman&quot;,serif\">C&ugrave;ng nhau &ocirc;n tập sẽ l&agrave; nơi gi&uacute;p c&aacute;c bạn củng cố lại kiến thức từng hoạt động v&agrave; của to&agrave;n chương</span></span></span></p>\r\n',3,'',6,14),(32,'Tham khảo','2019-04-27 22:41:55.859943','2019-04-27 22:41:55.859948',1,'Tham khảo','<p><span style=\"font-size:18px\"><span style=\"background-color:white\"><span style=\"font-family:&quot;Times New Roman&quot;,serif\">Tham khảo sẽ chia sẻ c&aacute;c kiến thức mới để c&aacute;c bạn tham khảo</span></span></span></p>\r\n',4,'',6,14),(33,'Giới Thiệu','2019-04-28 00:07:38.108882','2019-04-28 00:07:38.108888',1,'1','',1,'',7,15),(34,'Khám Phá','2019-04-28 00:08:24.717682','2019-04-28 00:08:24.717689',1,'1','',2,'',7,15),(35,'Trải Nghiệm','2019-04-28 00:08:36.222179','2019-04-28 00:08:36.222184',1,'1','',3,'',7,15),(36,'Đọc Thêm','2019-04-28 00:08:48.231079','2019-04-28 00:08:48.231086',1,'1','',4,'',7,15),(37,'Mỗi ngày một bài học','2019-04-28 14:30:27.680387','2019-04-28 14:30:27.680391',1,'Lí thuyết','<p><span style=\"font-size:18px\"><span style=\"background-color:white\"><span style=\"font-family:&quot;Times New Roman&quot;,serif\">Mỗi ng&agrave;y một b&agrave;i học l&agrave; nơi sẽ chứa c&aacute;c b&agrave;i giảng hướng dẫn gi&uacute;p c&aacute;c bạn học v&agrave; t&igrave;m hiểu về chủ để. B&ecirc;n trong sẽ c&oacute; 3 hoạt động nhỏ: Kh&aacute;i niệm về ph&acirc;n t&iacute;ch b&agrave;i to&aacute;n, Ph&acirc;n t&iacute;ch tr&ograve; chơi khỉ hứng dừa, Ph&acirc;n t&iacute;ch tr&ograve; chơi m&agrave;y <span style=\"color:black\">bay n&eacute; tr&aacute;nh</span>. B&agrave;i giảng sẽ gồm c&oacute;: 1 b&agrave;i giảng tương t&aacute;c với gi&uacute;p c&aacute;c bạn c&oacute; thể dễ d&agrave;ng nắm bắt kiến thức, 1 bản pdf nội dung c&aacute;c bạn c&oacute; thể tải về để l&agrave;m t&agrave;i liệu. Ở chủ để n&agrave;y sẽ kh&ocirc;ng bắt buộc. Chủ để n&agrave;y c&aacute;c <span style=\"color:black\">bạn chỉ</span> cần <span style=\"color:black\">hiểu c&aacute;ch</span> ph&acirc;n t&iacute;ch b&agrave;i to&aacute;n để c&oacute; khả năng ph&acirc;n t&iacute;ch c&aacute;c b&agrave;i <span style=\"color:black\">to&aacute;n kh&aacute;c</span>.</span></span></span></p>\r\n',1,'',6,16),(38,'Cùng nhau ôn tập','2019-04-28 14:31:02.178853','2019-04-28 14:31:02.178860',1,'Ôn tập','<p><span style=\"font-size:18px\"><span style=\"background-color:white\"><span style=\"font-family:&quot;Times New Roman&quot;,serif\">C&ugrave;ng nhau &ocirc;n tập sẽ l&agrave; nơi gi&uacute;p c&aacute;c bạn củng cố lại kiến thức từng hoạt động v&agrave; của to&agrave;n chương</span></span></span></p>\r\n',2,'',6,16),(40,'Mỗi ngày một bài học','2019-04-28 14:43:33.631638','2019-04-28 14:43:33.631645',1,'Lí thuyết','<p><span style=\"font-family:Times New Roman,Times,serif\"><span style=\"font-size:18px\"><span style=\"background-color:white\">Mỗi ng&agrave;y một b&agrave;i học l&agrave; nơi sẽ chứa c&aacute;c b&agrave;i giảng hướng dẫn gi&uacute;p c&aacute;c bạn học v&agrave; t&igrave;m hiểu về chủ để. B&ecirc;n trong sẽ c&oacute; 2 hoạt động nhỏ: Cấu tr&uacute;c <span style=\"color:black\">rẽ nh&aacute;nh</span> v&agrave; Lập tr&igrave;nh điều khiển. B&agrave;i giảng sẽ gồm c&oacute;: Video hướng dẫn chi tiết, 1 b&agrave;i giảng tương t&aacute;c với gi&uacute;p c&aacute;c bạn c&oacute; thể dễ d&agrave;ng nắm bắt kiến thức trong video, 1 bản pdf nội dung c&aacute;c bạn c&oacute; thể tải về để l&agrave;m t&agrave;i liệu. Bắt buộc: c&aacute;c bạn <span style=\"color:black\">phải xem video th&igrave;</span> c&aacute;c bạn mới <span style=\"color:black\">được qua</span> hoạt động tiếp theo.</span></span></span></p>\r\n',1,'',6,17),(41,'Cùng nhau thực hành','2019-04-28 14:44:16.018891','2019-04-28 14:44:16.018897',1,'Thực hành','<p><span style=\"font-size:18px\"><span style=\"background-color:white\"><span style=\"font-family:&quot;Times New Roman&quot;,serif\">C&ugrave;ng nhau thực h&agrave;nh sẽ l&agrave; nơi gi&uacute;p c&aacute;c bạn thực h&agrave;nh v&agrave; c&aacute;c bạn sẽ nộp lại c&aacute;c project c&aacute;c bạn đ&atilde; l&agrave;m cho gi&aacute;o vi&ecirc;n qua đường link. Những b&agrave;i thực h&agrave;nh n&agrave;y gi&aacute;o vi&ecirc;n sẽ chấm v&agrave; gửi điểm cho c&aacute;c bạn b&ecirc;n dưới b&agrave;i c&aacute;c bạn. Lưu &yacute;: Những b&agrave;i thực h&agrave;nh n&agrave;y sẽ lấy điểm n&ecirc;n c&aacute;c bạn cần cố gắng ho&agrave;n th&agrave;nh.</span></span></span></p>\r\n',2,'',6,17),(42,'Cùng nhau ôn tập','2019-04-28 14:44:45.576516','2019-04-28 14:44:45.576522',1,'Ôn tập','<p><span style=\"font-size:18px\"><span style=\"background-color:white\"><span style=\"font-family:&quot;Times New Roman&quot;,serif\">C&ugrave;ng nhau &ocirc;n tập sẽ l&agrave; nơi gi&uacute;p c&aacute;c bạn củng cố lại kiến thức từng hoạt động v&agrave; của to&agrave;n chương</span></span></span></p>\r\n',3,'',6,17),(43,'Tham khảo','2019-04-28 14:45:48.506531','2019-04-28 14:45:48.506538',1,'Tham khảo','<p><span style=\"font-size:18px\"><span style=\"background-color:white\"><span style=\"font-family:&quot;Times New Roman&quot;,serif\">Tham khảo sẽ chia sẻ c&aacute;c kiến thức mới để c&aacute;c bạn tham khảo</span></span></span></p>\r\n',4,'',6,17),(44,'Mỗi ngày một bài học','2019-04-28 15:11:38.318288','2019-04-28 15:11:38.318293',1,'Lí thuyết ','<p><span style=\"font-size:18px\"><span style=\"background-color:white\"><span style=\"font-family:&quot;Times New Roman&quot;,serif\">Mỗi ng&agrave;y một b&agrave;i học l&agrave; nơi sẽ chứa c&aacute;c b&agrave;i giảng hướng dẫn gi&uacute;p c&aacute;c bạn học v&agrave; t&igrave;m hiểu về chủ để. B&ecirc;n trong sẽ c&oacute; 3 hoạt động nhỏ: Cấu tr&uacute;c <span style=\"color:black\">lặp Alice</span> v&agrave; Lập tr&igrave;nh tr&aacute;i <span style=\"color:black\">dừa rơi</span> (1 v&agrave; 2). B&agrave;i giảng sẽ gồm c&oacute;: Video hướng dẫn chi tiết, 1 b&agrave;i giảng tương t&aacute;c với gi&uacute;p c&aacute;c bạn c&oacute; thể dễ d&agrave;ng nắm bắt kiến thức trong video, 1 bản pdf nội dung c&aacute;c bạn c&oacute; thể tải về để l&agrave;m t&agrave;i liệu. Bắt buộc: c&aacute;c bạn phải xem video th&igrave; c&aacute;c bạn mới được qua hoạt động tiếp theo.</span></span></span></p>\r\n',1,'',6,18),(45,'Cùng nhau thực hành','2019-04-28 15:12:12.957953','2019-04-28 15:12:12.957961',1,'Thực hành','<p><span style=\"font-size:18px\"><span style=\"background-color:white\"><span style=\"font-family:&quot;Times New Roman&quot;,serif\">C&ugrave;ng nhau thực h&agrave;nh sẽ l&agrave; nơi gi&uacute;p c&aacute;c bạn thực h&agrave;nh v&agrave; c&aacute;c bạn sẽ nộp lại c&aacute;c project c&aacute;c bạn đ&atilde; l&agrave;m cho gi&aacute;o vi&ecirc;n qua đường link. Những b&agrave;i thực h&agrave;nh n&agrave;y gi&aacute;o vi&ecirc;n sẽ chấm v&agrave; gửi điểm cho c&aacute;c bạn b&ecirc;n dưới b&agrave;i c&aacute;c bạn. Lưu &yacute;: Những b&agrave;i thực h&agrave;nh n&agrave;y sẽ lấy điểm n&ecirc;n c&aacute;c bạn cần cố gắng ho&agrave;n th&agrave;nh.</span></span></span></p>\r\n',2,'',6,18),(46,'Cùng nhau ôn tập','2019-04-28 15:12:41.893520','2019-04-28 15:12:41.893525',1,'Ôn tập','<p><span style=\"font-size:18px\"><span style=\"background-color:white\"><span style=\"font-family:&quot;Times New Roman&quot;,serif\">C&ugrave;ng nhau &ocirc;n tập sẽ l&agrave; nơi gi&uacute;p c&aacute;c bạn củng cố lại kiến thức từng hoạt động v&agrave; của to&agrave;n chương</span></span></span></p>\r\n',3,'',6,18),(47,'Tham khảo','2019-04-28 15:13:10.646172','2019-04-28 15:32:13.076776',1,'Tham khảo','<p><span style=\"font-size:18px\"><span style=\"background-color:white\"><span style=\"font-family:&quot;Times New Roman&quot;,serif\">Tham khảo sẽ chia sẻ c&aacute;c kiến thức mới để c&aacute;c bạn tham khảo</span></span></span></p>\r\n',4,'',6,18),(48,'Mỗi ngày một bài học','2019-04-28 15:41:10.379694','2019-04-28 15:41:10.379700',1,'Lí thuyết','<p><span style=\"font-size:18px\"><span style=\"background-color:white\"><span style=\"font-family:&quot;Times New Roman&quot;,serif\">Mỗi ng&agrave;y một b&agrave;i học l&agrave; nơi sẽ chứa c&aacute;c b&agrave;i giảng hướng dẫn gi&uacute;p c&aacute;c bạn học v&agrave; t&igrave;m hiểu về chủ để. B&ecirc;n trong sẽ c&oacute; 3 hoạt động nhỏ: Nhắc lại biến, Lập tr&igrave;nh điểm, Lập tr&igrave;nh thời gian. B&agrave;i giảng sẽ gồm c&oacute;: Video hướng dẫn chi tiết, 1 b&agrave;i giảng tương t&aacute;c với gi&uacute;p c&aacute;c bạn c&oacute; thể dễ d&agrave;ng nắm bắt kiến thức trong video, 1 bản pdf nội dung c&aacute;c bạn c&oacute; thể tải về để l&agrave;m t&agrave;i liệu. Bắt buộc: c&aacute;c bạn phải xem video th&igrave; c&aacute;c bạn mới được qua hoạt động tiếp theo.</span></span></span></p>\r\n',1,'',6,19),(49,'Cùng nhau thực hành','2019-04-28 15:41:43.759115','2019-04-28 15:41:43.759121',1,'Thực hành','<p><span style=\"font-size:18px\"><span style=\"background-color:white\"><span style=\"font-family:&quot;Times New Roman&quot;,serif\">C&ugrave;ng nhau thực h&agrave;nh sẽ l&agrave; nơi gi&uacute;p c&aacute;c bạn thực h&agrave;nh v&agrave; c&aacute;c bạn sẽ nộp lại c&aacute;c project c&aacute;c bạn đ&atilde; l&agrave;m cho gi&aacute;o vi&ecirc;n qua đường link. Những b&agrave;i thực h&agrave;nh n&agrave;y gi&aacute;o vi&ecirc;n sẽ chấm v&agrave; gửi điểm cho c&aacute;c bạn b&ecirc;n dưới b&agrave;i c&aacute;c bạn. Lưu &yacute;: Những b&agrave;i thực h&agrave;nh n&agrave;y sẽ lấy điểm n&ecirc;n c&aacute;c bạn cần cố gắng ho&agrave;n th&agrave;nh.</span></span></span></p>\r\n',2,'',6,19),(50,'Cùng nhau ôn tập','2019-04-28 15:42:17.398169','2019-04-28 15:42:17.398176',1,'Ôn tập','<p><span style=\"font-size:18px\"><span style=\"background-color:white\"><span style=\"font-family:&quot;Times New Roman&quot;,serif\">C&ugrave;ng nhau &ocirc;n tập sẽ l&agrave; nơi gi&uacute;p c&aacute;c bạn củng cố lại kiến thức từng hoạt động v&agrave; của to&agrave;n chương</span></span></span></p>\r\n',3,'',6,19),(51,'Tham khảo','2019-04-28 15:42:42.246483','2019-04-28 15:42:42.246489',1,'Tham khảo','<p><span style=\"font-size:18px\"><span style=\"background-color:white\"><span style=\"font-family:&quot;Times New Roman&quot;,serif\">Tham khảo sẽ chia sẻ c&aacute;c kiến thức mới để c&aacute;c bạn tham khảo.</span></span></span></p>\r\n',4,'',6,19),(52,'Hướng dẫn tự học','2019-04-28 16:12:12.847645','2019-04-28 16:12:12.847652',1,'Tự học có hướng dẫn','<p><span style=\"font-size:18px\"><span style=\"background-color:white\"><span style=\"font-family:&quot;Times New Roman&quot;,serif\">HƯỚNG DẪN TỰ HỌC sẽ gi&uacute;p c&aacute;c em <span style=\"color:black\">tự thực h&agrave;nh</span> c&oacute; hướng dẫn ở hoạt động hướng dẫn tự học.</span></span></span></p>\r\n',1,'',6,20),(53,'Sản phẩm của em','2019-04-28 16:12:55.053017','2019-04-28 16:12:55.053024',1,'Sản phẩm','<p><span style=\"font-size:18px\"><span style=\"background-color:white\"><span style=\"font-family:&quot;Times New Roman&quot;,serif\">SẢN PHẨM CỦA EM sẽ l&agrave; nơi c&aacute;c em sẽ nộp lại sản phẩm m&agrave; c&aacute;c em <span style=\"color:black\">đ&atilde; tự thực h&agrave;nh</span> ở hoạt động Sản phẩm</span></span></span></p>\r\n',2,'',6,20),(54,'Hướng dẫn tự học','2019-04-28 16:19:42.905527','2019-04-28 16:19:42.905532',1,'Hướng dẫn','<p><span style=\"font-size:18px\"><span style=\"background-color:white\"><span style=\"font-family:&quot;Times New Roman&quot;,serif\">HƯỚNG DẪN TỰ HỌC sẽ gi&uacute;p c&aacute;c em tự thực h&agrave;nh c&oacute; hướng dẫn ở hoạt động hướng dẫn tự học.</span></span></span></p>\r\n',1,'',6,21),(56,'Sản phẩm của em','2019-04-28 16:20:21.916499','2019-04-28 16:20:21.916505',1,'Sản phẩm','<p><span style=\"font-size:18px\"><span style=\"background-color:white\"><span style=\"font-family:&quot;Times New Roman&quot;,serif\">SẢN PHẨM CỦA EM sẽ l&agrave; nơi c&aacute;c em sẽ nộp lại sản phẩm m&agrave; c&aacute;c em đ&atilde; tự thực h&agrave;nh ở hoạt động Sản phẩm.</span></span></span></p>\r\n',2,'',6,21),(57,'Giới Thiệu','2019-04-28 16:21:41.079331','2019-04-28 16:21:41.079338',1,'1','<p>1</p>\r\n',1,'',7,22),(58,'Khám Phá ','2019-04-28 16:22:01.541261','2019-04-29 04:00:16.774708',1,'1','',2,'',7,22),(59,'Trải Nghiệm ','2019-04-28 16:22:17.707096','2019-04-28 16:22:17.707101',1,'1','',3,'',7,22),(60,'Đọc Thêm ','2019-04-28 16:22:34.745359','2019-04-28 16:22:34.745364',1,'1','',4,'',7,22),(61,'MỞ ĐẦU','2019-04-28 16:30:07.055820','2019-04-28 16:38:55.377497',1,'Đây là nhóm hoạt động khởi động. Giúp Cho người học có cái nhìn tổng quan nhất về Stencyl','<p style=\"text-align:justify\"><strong><span style=\"font-size:20px\"><span style=\"color:#8e44ad\">Đ&acirc;y l&agrave; nh&oacute;m hoạt động khởi động. Gi&uacute;p Cho người học c&oacute; c&aacute;i nh&igrave;n tổng quan nhất về Stencyl. Trong nh&oacute;m hoạt động n&agrave;y, ch&uacute;ng ta sẽ c&ugrave;ng nhau t&igrave;m hiểu về Stencyl như c&aacute;ch thức c&agrave;i đặt, vận h&agrave;nh.v.v</span></span></strong></p>\r\n',1,'',5,23),(62,'Hướng dẫn tự học','2019-04-28 16:30:46.224728','2019-04-28 16:30:46.224733',1,'Hướng dẫn tự học','<p><span style=\"font-size:18px\"><span style=\"background-color:white\"><span style=\"font-family:&quot;Times New Roman&quot;,serif\">HƯỚNG DẪN TỰ HỌC sẽ gi&uacute;p c&aacute;c em tự thực h&agrave;nh c&oacute; hướng dẫn ở hoạt động hướng dẫn tự học</span></span></span></p>\r\n',1,'',6,24),(63,'Sản phẩm của em','2019-04-28 16:31:18.544207','2019-04-28 16:31:18.544213',1,'Sảm phẩm','<p><span style=\"font-size:18px\"><span style=\"background-color:white\"><span style=\"font-family:&quot;Times New Roman&quot;,serif\">SẢN PHẨM CỦA EM sẽ l&agrave; nơi c&aacute;c em sẽ nộp lại sản phẩm m&agrave; c&aacute;c em đ&atilde; tự thực h&agrave;nh ở hoạt động Sản phẩm</span></span></span></p>\r\n',2,'',6,24),(64,'Tổng kết','2019-04-28 16:37:52.299873','2019-04-28 16:37:52.299880',1,'Tổng kết','<p><span style=\"font-size:18px\"><span style=\"background-color:white\"><span style=\"font-family:&quot;Times New Roman&quot;,serif\">Nh&oacute;m hoạt động TỔNG KẾT sẽ &ocirc;n tập lại tất cả c&aacute;c kiến thức trong kh&oacute;a học <span style=\"color:black\">bằng hoạ</span>t động &Ocirc;n tập</span></span></span></p>\r\n',1,'',6,26),(65,'KHÁM PHÁ','2019-04-28 16:38:35.112866','2019-04-28 16:39:08.069773',1,'Hãy cùng nhau quan sát và tạo ra cho mình những trò chơi đầu tiên với Stencyl đi nào !','<p><span style=\"font-size:20px\"><strong><span style=\"color:#16a085\">H&atilde;y c&ugrave;ng nhau quan s&aacute;t v&agrave; tạo ra cho m&igrave;nh những tr&ograve; chơi đầu ti&ecirc;n với Stencyl đi n&agrave;o !</span></strong></span></p>\r\n',1,'',5,25),(66,'Kiểm tra trắc nghiệm','2019-04-28 16:41:02.927411','2019-04-28 16:41:02.927417',1,'Kiểm tra','<p><span style=\"color:null\"><span style=\"font-size:18px\"><span style=\"font-family:Times New Roman, serif\">Kiểm tra trắc nghiệm sẽ gi&uacute;p c&aacute;c em củng cố kiến thức&nbsp;</span><span style=\"background-color:white\"><span style=\"font-family:&quot;Times New Roman&quot;,serif\">qua hoạt động KIỂM TRA</span></span></span></span></p>\r\n',1,'',6,27),(67,'Đề bài và hướng dẫn','2019-04-28 16:47:57.785642','2019-04-28 16:47:57.785648',1,'Đề bài và hướng dẫn','<p><span style=\"font-size:18px\"><span style=\"background-color:white\"><span style=\"font-family:&quot;Times New Roman&quot;,serif\">ĐỀ B&Agrave;I V&Agrave; HƯỚNG DẪN sẽ giới thiệu đồ &aacute;n cuối kh&oacute;a v&agrave; hướng dẫn c&aacute;c em c&aacute;ch nộp b&agrave;i, h&igrave;nh thức chấm b&agrave;i.</span></span></span></p>\r\n',1,'',6,28),(68,'Đồ án khác','2019-04-28 16:50:35.426128','2019-04-28 16:50:35.426135',1,'Đồ án khác','<p><span style=\"font-size:18px\"><span style=\"background-color:white\"><span style=\"font-family:&quot;Times New Roman&quot;,serif\">Một số đồ &aacute;n tham khảo.</span></span></span></p>\r\n',1,'',6,29),(69,'Giới Thiệu','2019-04-29 06:09:41.998259','2019-05-01 23:33:54.608811',1,'1','<p>123</p>\r\n',1,'',7,30),(70,'Khám Phá','2019-04-29 06:10:03.298275','2019-04-29 06:10:03.298282',1,'1','<p>123</p>\r\n',2,'',7,30),(71,'Trải Nghiệm','2019-04-29 06:10:26.520707','2019-04-29 06:10:26.520714',1,'1','<p>123</p>\r\n',3,'',7,30),(72,'Đọc Thêm','2019-04-29 06:10:42.591975','2019-04-29 06:10:42.591981',1,'1','',4,'',7,30),(73,'Giới Thiệu','2019-04-29 06:11:19.366453','2019-04-29 06:11:19.366460',1,'1','',1,'',7,31),(74,'Khám Phá','2019-04-29 06:11:28.495903','2019-04-29 06:11:28.495910',1,'1','',2,'',7,31),(75,'Trải Nghiệm','2019-04-29 06:11:39.694181','2019-04-29 06:11:39.694187',1,'1','',3,'',7,31),(76,'Đọc Thêm','2019-04-29 06:11:49.062625','2019-04-29 06:11:49.062632',1,'1','',4,'',7,31),(77,'Giới Thiệu','2019-04-29 06:11:58.678938','2019-04-29 06:11:58.678949',1,'1','',1,'',7,32),(78,'Khám Phá','2019-04-29 06:12:08.806339','2019-04-29 06:12:08.806346',1,'1','',2,'',7,32),(79,'Trải Nghiệm','2019-04-29 06:12:23.835709','2019-04-29 06:12:23.835714',1,'1','',3,'',7,32),(80,'Đọc Thêm','2019-04-29 06:12:38.051435','2019-04-29 06:12:38.051442',1,'1','',4,'',7,32),(81,'Giới Thiệu','2019-05-02 05:27:47.016410','2019-05-02 05:27:47.016416',1,'1','',1,'',7,33),(82,'Khám Phá','2019-05-02 05:27:56.275549','2019-05-02 05:27:56.275556',1,'1','',2,'',7,33),(83,'Trải Nghiệm','2019-05-02 05:28:09.788875','2019-05-02 05:28:09.788881',1,'1','',3,'',7,33),(85,'Giới Thiệu','2019-05-02 05:29:33.388238','2019-05-02 05:29:33.388243',1,'1','',1,'',7,34),(86,'Khám Phá','2019-05-02 05:29:48.670141','2019-05-02 05:29:48.670147',1,'1','',2,'',7,34),(87,'Trải Nghiệm','2019-05-02 05:30:02.419802','2019-05-02 05:30:02.419807',1,'1','',3,'',7,34),(89,'Giới Thiệu','2019-05-02 05:30:21.472962','2019-05-02 05:30:21.472968',1,'1','',1,'',7,35),(90,'Khám Phá','2019-05-02 05:30:30.912535','2019-05-02 05:30:30.912541',1,'1','',2,'',7,35),(91,'Trải Nghiệm','2019-05-02 05:30:43.483351','2019-05-02 05:30:43.483358',1,'1','',3,'',7,35),(93,'Giới Thiệu','2019-05-02 05:33:01.479097','2019-05-02 05:33:01.479104',1,'1','',1,'',7,36),(95,'Nộp Bài','2019-05-02 05:33:28.230040','2019-05-02 05:33:28.230048',1,'1','',1,'',7,36),(97,'Giới Thiệu','2019-05-02 05:34:31.376889','2019-05-02 05:34:31.376894',1,'1','',1,'',7,37),(99,'Nộp Bài','2019-05-02 05:34:54.862080','2019-05-02 05:34:54.862085',1,'1','',1,'',7,37),(101,'Xem Thêm','2019-05-02 14:12:50.431759','2019-05-02 14:12:50.431765',1,'1','',4,'',7,35),(102,'Xem Thêm','2019-05-02 14:19:09.966997','2019-05-02 14:19:09.967004',1,'1','',4,'',7,33),(103,'Xem Thêm','2019-05-02 14:22:02.318063','2019-05-02 14:22:02.318069',1,'1','',4,'',7,34),(104,'Giới Thiệu','2019-05-07 02:21:58.569726','2019-05-07 02:22:25.145167',1,'1','',1,'',7,38),(105,'Khám Phá','2019-05-07 02:22:37.122053','2019-05-07 02:22:37.122060',1,'1','',2,'',7,38),(107,'Khám Phá','2019-05-07 03:49:00.875986','2019-05-07 03:49:00.875992',1,'1','',0,'',7,39),(108,'Hướng dẫn cài đặt','2019-05-07 10:16:13.230534','2019-05-07 10:34:44.790958',1,'Hướng dẫn cài đặt','<p><span style=\"font-size:18px\"><span style=\"font-family:Times New Roman,Times,serif\">Ở h&oacute;m hoạt động n&agrave;y sẽ c&oacute; 1 hoạt động:&nbsp;Downloading and Installation</span></span></p>\r\n',1,'',6,40),(109,'Các đối tượng trên Alice','2019-05-07 10:22:59.770168','2019-05-07 10:35:06.202722',1,'Các đối tượng trên Alice','<p><span style=\"font-size:18px\"><span style=\"font-family:Times New Roman,Times,serif\">Ở nh&oacute;m hoạt đồng n&agrave;y sẽ gồm 4 hoạt động:<br />\r\n&nbsp; - Adding Objects and Subparts<br />\r\n&nbsp; - Basic Camera controls<br />\r\n&nbsp; - Quad View and Object Positioning<br />\r\n&nbsp; - Method Based Object Movement</span></span></p>\r\n',1,'',6,41),(110,'Cài đặt đối tượng trong Alice','2019-05-07 10:29:55.390563','2019-05-07 10:42:33.014657',1,'Cài đặt đối tượng trong Alice','<p><span style=\"font-size:18px\"><span style=\"font-family:Times New Roman,Times,serif\">Ở nh&oacute;m hoạt động n&agrave;y sẽ c&oacute; 2&nbsp;hoạt động:<br />\r\n&nbsp; - Lighting, Opacity, and Fog Properties<br />\r\n&nbsp; - Building an Undersea World</span></span></p>\r\n',2,'',6,41);
/*!40000 ALTER TABLE `item` ENABLE KEYS */;
UNLOCK TABLES;

--
-- Table structure for table `lesson`
--

DROP TABLE IF EXISTS `lesson`;
/*!40101 SET @saved_cs_client     = @@character_set_client */;
 SET character_set_client = utf8mb4 ;
CREATE TABLE `lesson` (
  `LessonID` int(11) NOT NULL AUTO_INCREMENT,
  `LessonName` varchar(250) COLLATE utf8_unicode_ci DEFAULT NULL,
  `CreateDate` datetime(6) DEFAULT NULL,
  `EditDate` datetime(6) DEFAULT NULL,
  `IsEnable` int(11) DEFAULT NULL,
  `Description` varchar(250) COLLATE utf8_unicode_ci DEFAULT NULL,
  `Content` longtext COLLATE utf8_unicode_ci,
  `Order` int(11) DEFAULT NULL,
  `Note` varchar(250) COLLATE utf8_unicode_ci DEFAULT NULL,
  `AccountID` int(11) DEFAULT NULL,
  `ChapterID` int(11) DEFAULT NULL,
  PRIMARY KEY (`LessonID`),
  KEY `lesson_AccountID_8e82ce09_fk_account_AccountID` (`AccountID`),
  KEY `lesson_ChapterID_9cd2c43d_fk_chapter_ChapterID` (`ChapterID`),
  CONSTRAINT `lesson_AccountID_8e82ce09_fk_account_AccountID` FOREIGN KEY (`AccountID`) REFERENCES `account` (`AccountID`),
  CONSTRAINT `lesson_ChapterID_9cd2c43d_fk_chapter_ChapterID` FOREIGN KEY (`ChapterID`) REFERENCES `chapter` (`ChapterID`)
) ENGINE=InnoDB AUTO_INCREMENT=42 DEFAULT CHARSET=utf8 COLLATE=utf8_unicode_ci;
/*!40101 SET character_set_client = @saved_cs_client */;

--
-- Dumping data for table `lesson`
--

LOCK TABLES `lesson` WRITE;
/*!40000 ALTER TABLE `lesson` DISABLE KEYS */;
INSERT INTO `lesson` VALUES (1,'NHẬP MÔN KỸ THUẬT','2019-04-27 06:45:29.180539','2019-04-27 06:45:29.180542',1,'Hướng dẫn sử dụng dụng cụ ','<p style=\"text-align:justify\"><span style=\"font-size:20px\"><span style=\"color:#16a085\"><strong><span style=\"font-family:&quot;Times New Roman&quot;,serif\">Ch&agrave;o mừng c&aacute;c bạn đ&atilde; đến với chủ đề đầu ti&ecirc;n trong b&agrave;i học mở đầu. Ở chủ đề n&agrave;y, ch&uacute;ng t&ocirc;i cung cấp cho c&aacute;c bạn những kiến thức cơ bản về c&aacute;c dụng cụ d&ugrave;ng trong kỹ thuật, một số phương ph&aacute;p kỷ thuật bổ trợ v&agrave; c&aacute;ch sử dụng ch&uacute;ng trong to&agrave;n kh&oacute;a học</span></strong></span></span></p>\r\n',1,'',5,7),(2,'NHẬP MÔN BOARD MẠCH ','2019-04-27 06:46:37.598884','2019-04-27 15:01:07.913474',1,'Hướng dẫn, giới thiệu một số board mạch Arduino, ứng dụng, tài liệu tham khảo','<p style=\"text-align:justify\"><span style=\"font-size:20px\"><span style=\"color:#16a085\"><strong><span style=\"font-family:&quot;Times New Roman&quot;,serif\">Ch&agrave;o mừng c&aacute;c bạn đ&atilde; đến với chủ đề số 02 trong b&agrave;i học mở đầu. Ở chủ đề n&agrave;y, ch&uacute;ng t&ocirc;i sẽ cung cấp cho c&aacute;c bạn c&aacute;i nh&igrave;n tổng quan nhất về arduino v&agrave; ứng dụng của n&oacute; trong cuộc sống.</span></strong></span></span></p>\r\n',2,'',5,7),(3,'NHẬP MÔN CODING ','2019-04-27 06:47:45.342076','2019-04-28 15:16:25.905800',1,'Hướng dẫn kiến thức cơ bản về C++','<p style=\"text-align:justify\"><span style=\"font-size:20px\"><span style=\"color:#16a085\"><strong><span style=\"font-family:&quot;Times New Roman&quot;,serif\">Ch&agrave;o mừng c&aacute;c bạn đ&atilde; đến với chủ đề số 03 trong b&agrave;i học mở đầu. Ở chủ đề n&agrave;y, ch&uacute;ng t&ocirc;i cung cấp cho c&aacute;c bạn những kiến thức nền tảng tổng quan về lập tr&igrave;nh, thuật to&aacute;n v&agrave; c&aacute;c kh&aacute;i niệm cơ bản về ng&ocirc;n ngữ lặp tr&igrave;nh C++. </span></strong></span></span></p>\r\n',3,'',5,7),(4,'NHỮNG ĐIỀU MỚI LẠ','2019-04-27 06:53:16.429571','2019-04-27 15:04:10.188052',1,'Chào mừng các bạn đã đến với chủ đề ARDUINO - NHỮNG ĐIỀU MỚI LẠ. Đây là chủ đề đầu tiên và cũng là chủ đề đơn giản nhất trong chuỗi các chủ đề của khóa học. ','<p style=\"text-align:justify\"><span style=\"color:#16a085\"><span style=\"font-size:20px\"><strong><span style=\"font-family:&quot;Times New Roman&quot;,serif\">Ch&agrave;o mừng c&aacute;c bạn đ&atilde; đến với chủ đề </span></strong></span></span><span style=\"color:#e74c3c\"><span style=\"font-size:20px\"><strong><span style=\"font-family:&quot;Times New Roman&quot;,serif\">ARDUINO - NHỮNG ĐIỀU MỚI LẠ</span></strong></span></span><span style=\"color:#16a085\"><span style=\"font-size:20px\"><strong><span style=\"font-family:&quot;Times New Roman&quot;,serif\">. Đ&acirc;y l&agrave; chủ đề đầu ti&ecirc;n v&agrave; cũng l&agrave; chủ đề đơn giản nhất trong chuỗi c&aacute;c chủ đề của kh&oacute;a học. Chủ đề n&agrave;y sẽ cung cấp cho c&aacute;c bạn những nội dung&nbsp; tổng quan nhất về Arduino, c&aacute;ch thức hoạt động v&agrave; m&ocirc;i trường vận h&agrave;nh của c&aacute;c board mạch Arduino th&ocirc;ng dụng.Cung cấp những kiến thức vỡ l&ograve;ng được d&agrave;nh ri&ecirc;ng cho đối tượng mới hoặc chưa từng tiếp cận với Arduino n&oacute;i ri&ecirc;ng v&agrave; lập tr&igrave;nh phần cứng n&oacute;i chung.</span></strong></span></span></p>\r\n',1,'',5,8),(5,'CHIẾC XE HUYỀN BÍ','2019-04-27 07:31:46.331839','2019-04-27 15:04:23.681495',1,'Chào mừng các bạn đã đến với chủ đề tiếp theo của bài học ARDUINO – MỘT THẾ GIỚI MỚI.Trong bài học này, AUTOMATIC CAR – CHIẾC XE HUYỀN BÍ  là chủ đề thứ 02 trong chuỗi các chủ đề của khóa học','<p style=\"text-align:justify\"><span style=\"color:#16a085\"><strong><span style=\"font-size:11.0pt\"><span style=\"font-family:&quot;Times New Roman&quot;,serif\">Ch&agrave;o mừng c&aacute;c bạn đ&atilde; đến với chủ đề tiếp theo của b&agrave;i học ARDUINO &ndash; MỘT THẾ GIỚI MỚI.Trong b&agrave;i học n&agrave;y, AUTOMATIC CAR &ndash; CHIẾC XE HUYỀN B&Iacute;&nbsp; l&agrave; chủ đề thứ 02 trong chuỗi c&aacute;c chủ đề của kh&oacute;a học. Chủ đề n&agrave;y sẽ cung cấp cho c&aacute;c bạn những nội dung kiến thức cơ bản về c&aacute;c th&agrave;nh phần của một xe tự h&agrave;nh đơn giản v&agrave; hơn thế nữa , c&aacute;c bạn sẽ biết c&aacute;ch để lắp r&aacute;p một xe tự h&agrave;nh đơn giản cho ri&ecirc;ng bản th&acirc;n m&igrave;nh. </span></span></strong></span></p>\r\n',2,'',5,8),(6,'MIDSTERM','2019-04-27 14:35:10.449014','2019-04-27 14:35:10.449021',1,'Bây giờ là lúc để các bạn vận dụng khả năng sáng tạo của bản thân mình để hoàn thành dự án học tập giữa kỳ.','<p><span style=\"font-size:20px\"><span style=\"color:#16a085\"><strong><span style=\"font-family:&quot;Times New Roman&quot;,serif\">Sau khi ho&agrave;n th&agrave;nh nội dung chủ đề 01 v&agrave; chủ đề 02, ch&uacute;ng ta đ&atilde; c&oacute; những kiến thức v&agrave; hiểu biết cơ bản về Arduino cũng như ứng dụng của lập tr&igrave;nh Arduino trong việc tạo ra c&aacute;c sản phẩm đơn giản m&agrave; cụ thể l&agrave; xe tự h&agrave;nh đơn giản</span></strong></span></span></p>\r\n',1,'',5,9),(7,'GIÁC QUAN ĐẶC BIỆT','2019-04-27 14:40:13.973040','2019-04-27 15:04:53.120513',1,'Chào mừng các bạn đã đến với chủ đề đầu tiên của bài học AUTOMATIC CAR – THẾ GIỚI XE TỰ HÀNH','<p style=\"text-align:justify\"><span style=\"font-size:20px\"><strong><span style=\"color:#16a085\"><span style=\"font-family:&quot;Times New Roman&quot;,serif\">Ch&agrave;o mừng c&aacute;c bạn đ&atilde; đến với chủ đề đầu ti&ecirc;n của b&agrave;i học AUTOMATIC CAR &ndash; THẾ GIỚI XE TỰ H&Agrave;NH.Chủ đề n&agrave;y sẽ cung cấp cho c&aacute;c bạn những nội dung kiến thức về cảm biến si&ecirc;u &acirc;m, phương ph&aacute;p lắp đặt, những sơ đồ đi d&acirc;y cần thiết cũng như chương tr&igrave;nh để vạn h&agrave;nh xe tự h&agrave;nh tr&aacute;nh vật cảng bằng cảm biến si&ecirc;u &acirc;m.</span></span></strong></span></p>\r\n',1,'ULTRASONIC SENSORS ',5,13),(8,'ĐIỆP VIÊN SIÊU PHÀM','2019-04-27 14:41:19.184243','2019-04-27 15:05:10.177712',1,'Chào mừng các bạn đã đến với hoạt động tiếp theo của bài học số 03: AUTOMATIC CAR – THẾ GIỚI XE TỰ HÀNH','<p style=\"margin-right:0cm; text-align:justify\"><strong><span style=\"font-size:20px\"><span style=\"color:#16a085\"><span style=\"font-family:Calibri,sans-serif\"><span style=\"font-family:&quot;Times New Roman&quot;,serif\">Ch&agrave;o mừng c&aacute;c bạn đ&atilde; đến với hoạt động tiếp theo của b&agrave;i học số 03: AUTOMATIC CAR &ndash; THẾ GIỚI XE TỤ H&Agrave;NH. Ở chuy&ecirc;n đề n&agrave;y, ch&uacute;ng ta sẽ c&ugrave;ng nhau t&igrave;m hiểu về cảm biến d&ograve; đường thanh 5 Led, nguy&ecirc;n l&yacute; hoạt động, phương ph&aacute;p lắp đặt cũng như m&atilde; nguồn chương tr&igrave;nh để c&oacute; thể tạo ra một xe tự h&agrave;nh c&oacute; khả năng d&ograve; v&agrave; di chuyển theo Line m&agrave;u quy định.</span></span></span></span></strong></p>\r\n',2,'IR SENSOR',5,13),(9,'VŨ KHÍ BÍ MẬT','2019-04-27 14:42:31.930913','2019-04-27 15:05:30.221033',1,'Chào mừng các bạn đã đến với chuyên đề : BLUETOOTH – VŨ KHÍ BÍ MẬT. Đây là chuyên đề học tập số 5 – cũng là chuyên đề học tập cuối cùng của bài học AUTOMATIC CAR – THẾ GIỚI XE TỰ HÀNH','<p style=\"text-align:justify\"><strong><span style=\"color:#16a085\"><span style=\"font-size:20px\"><span style=\"font-family:&quot;Times New Roman&quot;,serif\">Ch&agrave;o mừng c&aacute;c bạn đ&atilde; đến với chuy&ecirc;n đề : BLUETOOTH &ndash; VŨ KH&Iacute; B&Iacute; MẬT. Đ&acirc;y l&agrave; chuy&ecirc;n đề học tập số 5 &ndash; cũng l&agrave; chuy&ecirc;n đề học tập cuối c&ugrave;ng của b&agrave;i học AUTOMATIC CAR &ndash; THẾ GIỚI XE TỤ H&Agrave;NH. Ở chuy&ecirc;n đề học tập n&agrave;y, ch&uacute;ng ta sẽ c&ugrave;ng nhau t&igrave;m hiểu về cảm biến nguy&ecirc;n l&yacute; hoạt động v&agrave; phương ph&aacute;p lắp đặt cũng như m&atilde; nguồn chương tr&igrave;nh để c&oacute; thể tạo ra một chiếc xe tự h&agrave;nh d&ugrave;ng Remote điều khiển từ xa th&ocirc;ng qua Bluetooth. B&ecirc;n cạnh đ&oacute;, c&aacute;c em cũng sẽ được t&igrave;m hiểu c&aacute;ch thức tạo ra một app remote control th&ocirc;ng qua Bluetooth.</span></span></span></strong></p>\r\n',3,'BLUETOOTH ',5,13),(10,'THÀNH QUẢ ĐẠT ĐƯỢC','2019-04-27 14:45:02.686277','2019-04-27 14:45:02.686282',1,'Chào mừng các bạn đã đến với hoạt động Ôn tập. Đây là nội dung học tập cuối cùng của môn học ARDUINO – COMBO KỲ DIỆU','<p style=\"text-align:justify\"><span style=\"font-size:20px\"><span style=\"color:#16a085\"><strong><span style=\"font-family:&quot;Times New Roman&quot;,serif\">Ch&agrave;o mừng c&aacute;c bạn đ&atilde; đến với hoạt động &Ocirc;n tập. Đ&acirc;y l&agrave; nội dung học tập cuối c&ugrave;ng của m&ocirc;n học ARDUINO &ndash; COMBO KỲ DIỆU, n&oacute; c&oacute; chức năng ch&iacute;nh l&agrave; tổng hợp kiến thức v&agrave; gi&uacute;p ch&uacute;ng ta hồi tưởng lại những kiến thức m&agrave; m&igrave;nh đ&atilde; được học. Tạo tiền đề cho hoạt động trải nghiệm s&aacute;ng tạo ở cuối học kỳ.&nbsp;</span></strong></span></span></p>\r\n',1,'',5,14),(11,'MỘT NGÀY LÀM THẦY','2019-04-27 14:48:07.731069','2019-04-27 14:48:07.731076',1,'Bây giờ là lúc để các bạn vận dụng khả năng sáng tạo của bản thân mình để hoàn thành hoạt động “ TÔI –MỘT NGÀY LÀM THẦY”','<p style=\"text-align:justify\"><span style=\"font-size:20px\"><span style=\"color:#16a085\"><strong><span style=\"font-family:&quot;Times New Roman&quot;,serif\">Sau khi ho&agrave;n th&agrave;nh nội dung của to&agrave;n bộ m&ocirc;n học th&igrave; c&aacute;c bạn đ&atilde; c&oacute; những kiến thức v&agrave; hiểu biết kh&aacute; đầy đủ về Arduino cũng như ứng dụng của lập tr&igrave;nh Arduino trong việc tạo ra c&aacute;c sản phẩm đơn giản m&agrave; cụ thể l&agrave; xe tự h&agrave;nh đơn giản với c&aacute;c cảm biến đặc biệt. B&acirc;y giờ l&agrave; l&uacute;c để c&aacute;c bạn vận dụng khả năng s&aacute;ng tạo của bản th&acirc;n m&igrave;nh để ho&agrave;n th&agrave;nh hoạt động &ldquo; </span></strong></span><span style=\"color:#e74c3c\"><strong><span style=\"font-family:&quot;Times New Roman&quot;,serif\">T&Ocirc;I &ndash;MỘT NG&Agrave;Y L&Agrave;M THẦY</span></strong></span><span style=\"color:#16a085\"><strong><span style=\"font-family:&quot;Times New Roman&quot;,serif\">&rdquo;. </span></strong></span></span></p>\r\n',1,'',5,15),(12,'Giới thiệu về Alice','2019-04-27 21:30:31.601523','2019-04-29 09:57:30.984937',1,'Giới thiệu về Alice','<p><span style=\"font-size:18px\"><span style=\"font-family:Times New Roman,Times,serif\"><span style=\"color:#2980b9\"><u><strong>Mục ti&ecirc;u: </strong></u></span><br />\r\n&nbsp; - Gi&uacute;p&nbsp;học vi&ecirc;n c&agrave;i đặt v&agrave; khởi động phần mềm Alice<br />\r\n&nbsp; - Gi&uacute;p học vi&ecirc;n hiểu c&aacute;c chức năng của thanh c&ocirc;ng cụ<br />\r\n&nbsp; - Gi&uacute;p học vi&ecirc;n nắm được tổng quan về m&agrave;n h&igrave;nh l&agrave;m việc của Alice</span></span></p>\r\n\r\n<p><span style=\"font-size:18px\"><span style=\"font-family:Times New Roman,Times,serif\"><span style=\"color:#27ae60\"><u><strong>Y&ecirc;u cầu đầu ra:</strong></u></span><br />\r\n&nbsp; - Học vi&ecirc;n c&agrave;i đặt v&agrave; khởi động được phần mềm Alice<br />\r\n&nbsp; - Học vi&ecirc;n sử dụng được c&aacute;c c&ocirc;ng cụ trong Alice<br />\r\n&nbsp; - Học vi&ecirc;n nắm được c&aacute;c chức năng của c&aacute;c m&agrave;n h&igrave;nh trong Alice</span></span></p>\r\n\r\n<p><span style=\"font-size:18px\"><span style=\"font-family:Times New Roman,Times,serif\"><span style=\"color:#16a085\"><u><strong>M&ocirc; tả:</strong></u></span>&nbsp; Ở trong chủ để n&agrave;y sẽ c&oacute; 4 nh&oacute;m hoạt động: Mỗi ng&agrave;y một b&agrave;i học,&nbsp;C&ugrave;ng nhau &ocirc;n tập, Tham khảo</span></span></p>\r\n',1,'',6,4),(13,'Các đối tượng trong Alice','2019-04-27 22:15:27.992362','2019-04-27 22:15:27.992366',1,'Các đối tượng trong Alice','<p><span style=\"font-family:Times New Roman,Times,serif\"><span style=\"font-size:18px\"><strong><u><span style=\"color:#2980b9\">Mục ti&ecirc;u: </span></u></strong><br />\r\n&nbsp; - Gi&uacute;p học vi&ecirc;n<span style=\"background-color:white\">&nbsp;l&agrave;m quen với c&aacute;c đối tượng tr&ecirc;n Alice: Lớp trong Alice.<br />\r\n&nbsp; - Hướng dẫn học vi&ecirc;n c&aacute;ch th&ecirc;m đối tượng <span style=\"color:black\">va&ograve;</span> m&agrave;n h&igrave;nh l&agrave;m việc 3D.<br />\r\n&nbsp; - Hướng dẫn học vi&ecirc;n c&agrave;i đặt đối tượng tr&ecirc;n m&agrave;n h&igrave;nh l&agrave;m việc 3D.</span></span></span></p>\r\n\r\n<p><span style=\"font-family:Times New Roman,Times,serif\"><span style=\"font-size:18px\"><u><strong><span style=\"color:#27ae60\">Y&ecirc;u cầu đầu ra:</span></strong></u><br />\r\n&nbsp; - Học vi&ecirc;n k&eacute;o thả được c&aacute;c đối tượng v&agrave;o m&agrave;n h&igrave;nh l&agrave;m việc 3D.<br />\r\n&nbsp; - Học vi&ecirc;n c&agrave;i đặt được đối tượng tr&ecirc;n m&agrave;n h&igrave;nh l&agrave; việc 3D.</span></span></p>\r\n\r\n<p><span style=\"font-family:Times New Roman,Times,serif\"><span style=\"font-size:18px\"><u><strong><span style=\"color:#16a085\">M&ocirc; tả:</span></strong></u>&nbsp;<span style=\"background-color:white\">Ở trong chủ để n&agrave;y sẽ c&oacute; 3 nh&oacute;m hoạt động: Mỗi ng&agrave;y một b&agrave;i học, C&ugrave;ng nhau &ocirc;n tập, Tham khảo.</span></span></span></p>\r\n',2,'',6,4),(14,'Lập trình Alice','2019-04-27 22:35:45.678420','2019-04-27 22:35:45.678426',1,'Lập trình Alice','<p><span style=\"font-size:18px\"><span style=\"font-family:Times New Roman,Times,serif\"><u><strong><span style=\"color:#2980b9\">Mục ti&ecirc;u:</span></strong></u><br />\r\n<span style=\"background-color:white\">&nbsp; - Biết c&aacute;c kh&aacute;i niệm về h&agrave;m v&agrave; thủ tục trong Alice<br />\r\n&nbsp; - Hướng dẫn học vi&ecirc;n&nbsp;c&aacute;ch lập tr&igrave;nh trong lớp <span style=\"color:black\">SCENE</span><br />\r\n&nbsp; - Hướng dẫn học vi&ecirc;n&nbsp;c&aacute;ch lập tr&igrave;nh với lớp kh&aacute;c.</span></span></span></p>\r\n\r\n<p><span style=\"font-size:18px\"><span style=\"font-family:Times New Roman,Times,serif\"><span style=\"background-color:white\"><u><strong><span style=\"color:#27ae60\">Y&ecirc;u cầu đầu ra:&nbsp;</span></strong></u></span><br />\r\n&nbsp; - Học vi&ecirc;n ph&acirc;n biệt được h&agrave;m v&agrave; thủ tục trong Alice<br />\r\n&nbsp; - Học vi&ecirc;n &aacute;p dụng lập tr&igrave;nh được với lớp Scene v&agrave; lớp kh&aacute;c v&agrave;o&nbsp;những b&agrave;i tập cụ thể.</span></span></p>\r\n\r\n<p><span style=\"font-size:18px\"><span style=\"font-family:Times New Roman,Times,serif\"><span style=\"color:#16a085\"><u><strong>M&ocirc; tả:</strong></u></span>&nbsp;<span style=\"background-color:white\">Ở trong chủ để n&agrave;y sẽ c&oacute; 3 nh&oacute;m hoạt động: Mỗi ng&agrave;y một b&agrave;i học, C&ugrave;ng nhau thực h&agrave;nh, C&ugrave;ng nhau &ocirc;n tập, Tham khảo</span></span></span></p>\r\n',3,'',6,4),(15,'Những Điều Mới Lạ','2019-04-27 23:44:01.877370','2019-05-07 03:32:02.897939',1,'1','<p style=\"text-align:center\"><img alt=\"\" src=\"/media/2019/04/27/banner.png\" style=\"height:311px; width:600px\" /></p>\r\n\r\n<p style=\"text-align:center\"><span style=\"color:#2980b9\"><span style=\"font-size:36px\"><span style=\"font-family:Times New Roman,Times,serif\"><strong>NHỮNG ĐIỀU MỚI LẠ</strong></span></span></span></p>\r\n\r\n<p style=\"text-align:justify\"><span style=\"color:#d35400\"><span style=\"font-size:20px\"><span style=\"font-family:Times New Roman,Times,serif\"><strong>Ch&agrave;o mừng c&aacute;c bạn đ&atilde; đến với chủ đề&nbsp;</strong><strong>TYNKER- NHỮNG ĐIỀU MỚI LẠ</strong><strong>. Đ&acirc;y l&agrave; chủ đề đầu ti&ecirc;n v&agrave; cũng l&agrave; chủ đề đơn giản nhất trong chuỗi c&aacute;c chủ đề của kh&oacute;a học. Chủ đề n&agrave;y sẽ cung cấp cho c&aacute;c bạn những nội dung&nbsp;tổng quan nhất về Tynker, c&aacute;ch thức hoạt động v&agrave; m&ocirc;i trường vận h&agrave;nh c&aacute;c c&acirc;u lệnh của Tynker. Cung cấp những kiến thức vỡ l&ograve;ng được d&agrave;nh ri&ecirc;ng cho đối tượng mới hoặc chưa từng tiếp cận với Tynker n&oacute;i ri&ecirc;ng v&agrave; lập tr&igrave;nh game&nbsp;n&oacute;i chung.</strong></span></span></span></p>\r\n',1,'',7,1),(16,'Phân tích trò chơi','2019-04-28 14:29:54.928274','2019-04-28 14:29:54.928280',1,'Phân tích trò chơi','<p><span style=\"font-size:18px\"><span style=\"font-family:Times New Roman,Times,serif\"><u><strong><span style=\"color:#2980b9\">Mục ti&ecirc;u:</span></strong></u><br />\r\n&nbsp; - Gi&uacute;p học vi&ecirc;n hiểu kh&aacute;i niệm ph&acirc;n t&iacute;ch b&agrave;i to&aacute;n v&agrave; c&aacute;c c&aacute;ch ph&acirc;n t&iacute;ch b&agrave;i to&aacute;n<br />\r\n&nbsp; - Gi&uacute;p học vi&ecirc;n ph&acirc;n t&iacute;ch tr&ograve; chơi khỉ hứng dừa</span></span></p>\r\n\r\n<p><span style=\"font-size:18px\"><span style=\"font-family:Times New Roman,Times,serif\"><span style=\"color:#27ae60\"><u><strong>Y&ecirc;u cầu:</strong></u></span> Học vi&ecirc;n nắm được c&aacute;c c&aacute;ch ph&acirc;n t&iacute;ch b&agrave;i to&aacute;n v&agrave; &aacute;p dụng được v&agrave;o những b&agrave;i to&aacute;n cụ thể</span></span></p>\r\n\r\n<p><span style=\"font-size:18px\"><span style=\"font-family:Times New Roman,Times,serif\"><span style=\"color:#16a085\"><u><strong>M&ocirc; tả:</strong></u></span>&nbsp;<span style=\"background-color:white\">Ở trong chủ để n&agrave;y sẽ c&oacute; 3 nh&oacute;m hoạt động: Mỗi ng&agrave;y một b&agrave;i học, C&ugrave;ng nhau &ocirc;n tập, Tham khảo</span></span></span></p>\r\n',1,'',6,5),(17,'Cấu trúc rẽ nhánh','2019-04-28 14:42:55.343864','2019-04-28 14:42:55.343869',1,'Cấu trúc rẽ nhánh','<p><span style=\"font-size:18px\"><span style=\"font-family:Times New Roman,Times,serif\"><strong><u><span style=\"color:#2980b9\">Mục ti&ecirc;u:</span></u></strong><br />\r\n<span style=\"background-color:white\">&nbsp; - T&igrave;m hiểu về c&aacute;ch khai b&aacute;o cấu tr&uacute;c rẽ <span style=\"color:black\">nh&aacute;nh trong Alice</span>.<br />\r\n&nbsp; - Ứng dụng&nbsp;cấu tr&uacute;c rẽ <span style=\"color:black\">nh&aacute;nh v&agrave;o</span> lập tr&igrave;nh tr&ograve; chơi khỉ hứng dừa.</span></span></span></p>\r\n\r\n<p><span style=\"font-size:18px\"><span style=\"font-family:Times New Roman,Times,serif\"><span style=\"background-color:white\"><u><strong><span style=\"color:#27ae60\">Y&ecirc;u cầu đầu ra:</span></strong></u></span><br />\r\n&nbsp; - Học vi&ecirc;n nắm được c&aacute;ch kh&aacute;i b&aacute;o được cấu tr&uacute;c rẽ nh&aacute;nh.<br />\r\n&nbsp; - Học vi&ecirc;n lập tr&igrave;nh được ch&uacute; khỉ di chuyển.</span></span></p>\r\n\r\n<p><span style=\"font-size:18px\"><span style=\"font-family:Times New Roman,Times,serif\"><span style=\"color:#16a085\"><u><strong>M&ocirc; tả:</strong></u></span>&nbsp;<span style=\"background-color:white\">Ở trong chủ để n&agrave;y sẽ c&oacute; 4 nh&oacute;m hoạt động: Mỗi ng&agrave;y một b&agrave;i học, C&ugrave;ng nhau thực h&agrave;nh, C&ugrave;ng nhau &ocirc;n tập, Tham khảo</span></span></span></p>\r\n\r\n<p>&nbsp;</p>\r\n',2,'',6,5),(18,'Cấu trúc lặp','2019-04-28 15:11:11.727829','2019-04-28 15:11:11.727835',1,'Cấu trúc lặp','<p><span style=\"font-family:Times New Roman,Times,serif\"><span style=\"font-size:18px\"><span style=\"color:#2980b9\"><u><strong>Mục ti&ecirc;u:&nbsp;</strong></u></span><br />\r\n<span style=\"background-color:white\">&nbsp; - T&igrave;m hiểu về c&aacute;ch khai b&aacute;o cấu tr&uacute;c lặp trong Alice<br />\r\n&nbsp; - Ứng dụng ngay cấu tr&uacute;c <span style=\"color:black\">lặp v&agrave;o</span> lập tr&igrave;nh tr&ograve; chơi khỉ hứng dừa</span></span></span></p>\r\n\r\n<p><span style=\"font-family:Times New Roman,Times,serif\"><span style=\"font-size:18px\"><span style=\"background-color:white\"><span style=\"color:#27ae60\"><u><strong>Y&ecirc;u cầu đầu ra:</strong></u></span><br />\r\n&nbsp; - Học vi&ecirc;n nắm được c&aacute;ch khai b&aacute;o cấu tr&uacute;c lặp trong Alice<br />\r\n&nbsp; - Học sinh lập tr&igrave;nh được tr&aacute;i dừa rơi trong tr&ograve; chơi khỉ hứng dừa.</span></span></span></p>\r\n\r\n<p><span style=\"font-size:11.0pt\"><span style=\"background-color:white\"><span style=\"font-family:&quot;Times New Roman&quot;,serif\"><span style=\"font-family:Times New Roman,Times,serif\"><span style=\"font-size:18px\"><span style=\"color:#16a085\"><u><strong>M&ocirc;&nbsp;tả:</strong></u></span>&nbsp;Ở trong chủ để n&agrave;y sẽ c&oacute; 4 nh&oacute;m hoạt động: Mỗi ng&agrave;y một b&agrave;i học, C&ugrave;ng nhau thực h&agrave;nh, C&ugrave;ng nhau &ocirc;n tập, Tham khảo</span></span></span></span></span></p>\r\n',3,'',6,5),(19,'Lập trình sử dụng biến','2019-04-28 15:40:33.313680','2019-04-28 15:40:33.313685',1,'Biến ','<p><span style=\"font-family:Times New Roman,Times,serif\"><span style=\"font-size:18px\"><span style=\"color:#2980b9\"><u><strong>Mục ti&ecirc;u:</strong></u></span><br />\r\n<span style=\"background-color:white\">&nbsp; - Củng cố lại biến trong Alice<br />\r\n&nbsp; - Ứng dụng ngay biến v&agrave;o lập tr&igrave;nh tr&ograve; chơi khỉ hứng dừa</span></span></span></p>\r\n\r\n<p><span style=\"font-family:Times New Roman,Times,serif\"><span style=\"font-size:18px\"><span style=\"background-color:white\"><u><strong><span style=\"color:#27ae60\">Y&ecirc;u cầu đầu ra:</span></strong></u><br />\r\n&nbsp; - Học vi&ecirc;n lập tr&igrave;nh được t&iacute;nh điểm v&agrave; thời gian cho tr&ograve; chơi khỉ hứng dừa</span><br />\r\n&nbsp; - Học vi&ecirc;n &aacute;p dụng được c&aacute;ch lập tr&igrave;nh t&iacute;nh điểm v&agrave; thời gian v&agrave;o c&aacute;c tr&ograve; chơi kh&aacute;c</span></span></p>\r\n\r\n<p><span style=\"font-family:Times New Roman,Times,serif\"><span style=\"font-size:18px\"><span style=\"color:#16a085\"><u><strong>M&ocirc; tả:</strong></u></span>&nbsp;<span style=\"background-color:white\">Ở trong chủ để n&agrave;y sẽ c&oacute; 4 nh&oacute;m hoạt động: Mỗi ng&agrave;y một b&agrave;i học, C&ugrave;ng nhau thực h&agrave;nh, C&ugrave;ng nhau &ocirc;n tập, Tham khảo</span></span></span></p>\r\n',4,'',6,5),(20,'Lập trình lựa chọn','2019-04-28 16:11:33.523000','2019-04-28 16:11:33.523006',1,'Lập trình lựa chọn','<p><span style=\"font-family:Times New Roman,Times,serif\"><span style=\"font-size:18px\"><u><strong><span style=\"color:#2980b9\">Mục ti&ecirc;u:</span></strong></u>&nbsp;<span style=\"background-color:white\">Hướng dẫn lập tr&igrave;nh lựa chọn khi bắt đầu, v&agrave; lập tr&igrave;nh điều khiển m&aacute;y bay</span></span></span></p>\r\n\r\n<p><span style=\"font-family:Times New Roman,Times,serif\"><span style=\"font-size:18px\"><u><strong><span style=\"color:#27ae60\">Y&ecirc;u cầu đầu ra:</span></strong></u> Học vi&ecirc;n lập tr&igrave;nh được lựa chọn khi bắt đầu v&agrave; lập tr&igrave;nh được điều khiển m&aacute;y bay</span></span></p>\r\n\r\n<p><span style=\"font-family:Times New Roman,Times,serif\"><span style=\"font-size:18px\"><u><strong><span style=\"color:#16a085\">M&ocirc; tả:</span></strong></u>&nbsp;<span style=\"background-color:white\">Ở trong chủ để n&agrave;y sẽ c&oacute; 2 nh&oacute;m hoạt động: Hướng dẫn tự học v&agrave; Sản phẩm của em</span></span></span></p>\r\n',1,'',6,6),(21,'Lập trình vật cản','2019-04-28 16:19:07.836441','2019-04-28 16:19:07.836447',1,'Lập trình vật cản','<p><span style=\"font-family:Times New Roman,Times,serif\"><span style=\"font-size:18px\"><span style=\"color:#2980b9\"><u><strong>Mục ti&ecirc;u:</strong></u></span> H<span style=\"background-color:white\">ướng dẫn học vi&ecirc;n&nbsp;lập tr&igrave;nh vật cản cho tr&ograve; chơi</span></span></span></p>\r\n\r\n<p><span style=\"font-family:Times New Roman,Times,serif\"><span style=\"font-size:18px\"><span style=\"color:#27ae60\"><u><strong>Y&ecirc;u cầu đầu ra</strong></u></span>: Học vi&ecirc;n lập tr&igrave;nh được vật cản cho tr&ograve; chơi</span></span></p>\r\n\r\n<p><span style=\"font-family:Times New Roman,Times,serif\"><span style=\"font-size:18px\"><span style=\"color:#16a085\"><u><strong>M&ocirc; tả:</strong></u></span>&nbsp;Ở trong chủ để n&agrave;y sẽ c&oacute; 2 nh&oacute;m hoạt động: Hướng dẫn tự học v&agrave; Sản phẩm của em</span></span></p>\r\n',2,'',6,6),(22,'Tynker Làm Được Gì?','2019-04-28 16:21:20.642865','2019-04-28 23:54:44.397820',1,'1','<p style=\"text-align:center\"><img alt=\"\" src=\"/media/2019/04/27/banner.png\" style=\"height:311px; width:600px\" /></p>\r\n\r\n<p style=\"text-align:justify\"><span style=\"color:#e74c3c\"><span style=\"font-size:20px\"><span style=\"font-family:Times New Roman,Times,serif\"><strong>Ch&agrave;o mừng c&aacute;c bạn đ&atilde; đến với chủ đề tiếp theo của b&agrave;i học TYNKER&nbsp;&ndash; MỘT THẾ GIỚI MỚI. Trong b&agrave;i học n&agrave;y, Tynker L&agrave;m Được G&igrave;? l&agrave; chủ đề thứ 02 trong chuỗi c&aacute;c chủ đề của kh&oacute;a học. Chủ đề n&agrave;y sẽ cung cấp cho c&aacute;c bạn những nội dung kiến thức cơ bản về c&aacute;c th&agrave;nh phần trong thế giới Tynker như <em>S&acirc;n khấu, Nh&acirc;n vật, Khối lệnh v&agrave; &Acirc;m thanh</em>.</strong></span></span></span></p>\r\n',2,'',7,1),(23,'GẶP GỠ STENCYL','2019-04-28 16:27:49.090774','2019-04-28 16:27:49.090780',1,'Trước khi bắt đầu công việc học tập và khám phá với Stencyl, chúng ta hãy cùng nhau quan sát để hiểu rõ hơn về người bạn mới của mình nhé!','<p><strong><span style=\"color:#16a085\"><span style=\"font-size:20px\">Trước khi bắt đầu c&ocirc;ng việc học tập v&agrave; kh&aacute;m ph&aacute; với Stencyl, ch&uacute;ng ta h&atilde;y c&ugrave;ng nhau quan s&aacute;t để hiểu r&otilde; hơn về người bạn mới của m&igrave;nh nh&eacute;!</span></span></strong></p>\r\n',1,'',5,10),(24,'Lập trình điểm và nhiên liệu','2019-04-28 16:29:56.545261','2019-04-28 16:29:56.545268',1,'Điểm và nhiên liệu','<p style=\"margin-left:0in; margin-right:0in\"><span style=\"font-size:18px\"><span style=\"font-family:&quot;Times New Roman&quot;\"><u><strong><span style=\"color:#2980b9\">Mục ti&ecirc;u:</span></strong></u>&nbsp;</span><span style=\"background-color:white\"><span style=\"font-family:&quot;Times New Roman&quot;,serif\">Hướng dẫn lập tr&igrave;nh điểm v&agrave; thời gian cho tr&ograve; chơi m&aacute;y bay n&eacute; tr&aacute;nh</span></span></span></p>\r\n\r\n<p style=\"margin-left:0in; margin-right:0in\"><span style=\"font-size:18px\"><span style=\"font-family:&quot;Times New Roman&quot;\"><u><strong><span style=\"color:#27ae60\">Y&ecirc;u cầu đầu ra:</span></strong></u> Học vi&ecirc;n lập tr&igrave;nh được&nbsp;</span><span style=\"background-color:white\"><span style=\"font-family:&quot;Times New Roman&quot;,serif\">điểm v&agrave; thời gian cho tr&ograve; chơi m&aacute;y bay n&eacute; tr&aacute;nh</span></span></span></p>\r\n\r\n<p style=\"margin-left:0in; margin-right:0in\"><span style=\"font-size:18px\"><span style=\"font-family:&quot;Times New Roman&quot;\"><u><strong><span style=\"color:#16a085\">M&ocirc; tả:</span></strong></u>&nbsp;<span style=\"background-color:white\">Ở trong chủ để n&agrave;y sẽ c&oacute; 2 nh&oacute;m hoạt động: Hướng dẫn tự học v&agrave; Sản phẩm của em</span></span></span></p>\r\n',3,'',6,6),(25,'TRÒ CHƠI ĐƠN GIẢN','2019-04-28 16:36:56.461011','2019-04-28 16:36:56.461017',1,'Hoạt động học tập này cho phép người học làm quen với việc tạo ra những trò chơi đơn giản với Stencyl','<p>Hoạt động học tập n&agrave;y cho ph&eacute;p người học l&agrave;m quen với việc tạo ra những tr&ograve; chơi đơn giản với Stencyl</p>\r\n',1,'',5,11),(26,'Tổng kết','2019-04-28 16:36:57.835737','2019-04-28 16:36:57.835744',1,'Tổng kết','<p><span style=\"font-size:18px\"><span style=\"background-color:white\"><span style=\"font-family:&quot;Times New Roman&quot;,serif\">Ở chủ để n&agrave;y sẽ gi&uacute;p c&aacute;c em tổng hợp lại kiến thức của to&agrave;n bộ kh&oacute;a học. Trong chủ để n&agrave;y chỉ c&oacute; 1 nh&oacute;m hoạt động l&agrave; TỔNG KẾT</span></span></span></p>\r\n',1,'',6,16),(27,'Kiểm tra trắc nghiệm','2019-04-28 16:39:47.724362','2019-04-28 16:39:47.724368',1,'Kiểm tra','<p><span style=\"font-size:18px\"><span style=\"background-color:white\"><span style=\"font-family:&quot;Times New Roman&quot;,serif\">Ở chủ để n&agrave;y sẽ gi&uacute;p c&aacute;c em củng cố lại kiến thức. Ở chủ để n&agrave;y sẽ c&oacute; 1 nh&oacute;m hoạt động l&agrave; KIỂM TRA TRẮC NGHIỆM</span></span></span></p>\r\n',2,'',6,16),(28,'Đồ án','2019-04-28 16:44:57.647910','2019-04-28 16:47:12.756417',1,'Đồ án','<p><span style=\"font-size:18px\"><span style=\"background-color:white\"><span style=\"font-family:&quot;Times New Roman&quot;,serif\">Chủ để n&agrave;y sẽ giới thiệu c&aacute;c <span style=\"color:black\">em về</span> đồ &aacute;n cuối kh&oacute;a v&agrave; hướng dẫn c&aacute;c em c&aacute;ch một số điều lưu &yacute; khi nộp b&agrave;i.</span></span></span></p>\r\n',1,'',6,17),(29,'Đồ án khác','2019-04-28 16:46:31.163627','2019-04-28 16:46:31.163631',1,'Đồ án khác','<p><span style=\"font-size:18px\"><span style=\"background-color:white\"><span style=\"font-family:&quot;Times New Roman&quot;,serif\">Một số đồ &aacute;n tham khảo.</span></span></span></p>\r\n',2,'',6,17),(30,'Motion - Thiết Kế Chuyển Động','2019-04-29 06:07:46.137069','2019-05-02 02:45:54.543507',1,'1','<p style=\"text-align:center\"><img alt=\"\" src=\"/media/2019/04/29/picture26.png\" style=\"height:338px; width:600px\" /></p>\r\n\r\n<p style=\"text-align:center\"><strong><span style=\"color:#2980b9\"><span style=\"font-size:36px\"><span style=\"font-family:Times New Roman,Times,serif\">MOTION - THIẾT KẾ CHUYỂN ĐỘNG</span></span></span></strong></p>\r\n\r\n<p style=\"text-align:justify\"><strong><span style=\"font-family:Times New Roman,Times,serif\"><span style=\"font-size:20px\"><span style=\"color:#e74c3c\">A.Mục ti&ecirc;u chủ đề</span></span></span></strong></p>\r\n\r\n<p style=\"text-align:justify\"><strong><span style=\"color:#d35400\"><span style=\"font-size:20px\"><span style=\"font-family:Times New Roman,Times,serif\">Hướng dẫn sử dụng một số&nbsp;khối lệnh sau đ&acirc;y (c&aacute;c khối lệnh đặc trưng):</span></span></span></strong></p>\r\n\r\n<p><strong><span style=\"color:#d35400\"><span style=\"font-size:20px\"><span style=\"font-family:Times New Roman,Times,serif\">1-&nbsp;Khối lệnh&nbsp;<em>go to x () y ()</em>&nbsp;</span></span></span></strong></p>\r\n\r\n<p><span style=\"color:#d35400\"><span style=\"font-size:20px\"><span style=\"font-family:Times New Roman,Times,serif\">+ &Yacute; nghĩa: Điều khiển đối tượng nhảy đến vị tr&iacute; c&oacute; tọa độ x&aacute;c định (x,y)</span></span></span></p>\r\n\r\n<p><strong><span style=\"color:#d35400\"><span style=\"font-size:20px\"><span style=\"font-family:Times New Roman,Times,serif\">2-&nbsp;Khối lệnh&nbsp;<em>go to [ ]</em>&nbsp;</span></span></span></strong></p>\r\n\r\n<p><span style=\"color:#d35400\"><span style=\"font-size:20px\"><span style=\"font-family:Times New Roman,Times,serif\">+ &Yacute; nghĩa: Điều khiển đối tượng di chuyển theo con trỏ chuột hoặc đối tượng kh&aacute;c</span></span></span></p>\r\n\r\n<p><strong><span style=\"color:#d35400\"><span style=\"font-size:20px\"><span style=\"font-family:Times New Roman,Times,serif\">3-&nbsp;Khối lệnh&nbsp;<em>glide () secs to x () y ()</em>&nbsp;</span></span></span></strong></p>\r\n\r\n<p><span style=\"color:#d35400\"><span style=\"font-size:20px\"><span style=\"font-family:Times New Roman,Times,serif\">+ &Yacute; nghĩa:&nbsp;Điều khiển đối tượng di chuyển đến vị tr&iacute; c&oacute; tọa độ (x,y) trong khoảng thời gian x&aacute;c định</span></span></span></p>\r\n\r\n<p><strong><span style=\"color:#d35400\"><span style=\"font-size:20px\"><span style=\"font-family:Times New Roman,Times,serif\">4- Khối lệnh&nbsp;<em>move () steps</em>&nbsp;</span></span></span></strong></p>\r\n\r\n<p><span style=\"color:#d35400\"><span style=\"font-size:20px\"><span style=\"font-family:Times New Roman,Times,serif\">+ &Yacute; nghĩa: Di chuyển đối tượng với số bước x&aacute;c định (đơn vị px)</span></span></span></p>\r\n\r\n<p><strong><span style=\"color:#d35400\"><span style=\"font-size:20px\"><span style=\"font-family:Times New Roman,Times,serif\">5- Khối lệnh&nbsp;<em>turn left () degrees</em></span></span></span></strong></p>\r\n\r\n<p><span style=\"color:#d35400\"><span style=\"font-size:20px\"><span style=\"font-family:Times New Roman,Times,serif\">+ &Yacute; nghĩa: Quay tr&aacute;i một g&oacute;c x&aacute;c định</span></span></span></p>\r\n\r\n<p><span style=\"color:#d35400\"><span style=\"font-size:20px\"><span style=\"font-family:Times New Roman,Times,serif\"><strong>6- Khối lệnh&nbsp;<em>turn right () degrees</em></strong>&nbsp;</span></span></span></p>\r\n\r\n<p><span style=\"color:#d35400\"><span style=\"font-size:20px\"><span style=\"font-family:Times New Roman,Times,serif\">+ &Yacute; nghĩa: Quay phải một g&oacute;c x&aacute;c định</span></span></span></p>\r\n\r\n<p><span style=\"color:#d35400\"><span style=\"font-size:20px\"><span style=\"font-family:Times New Roman,Times,serif\"><strong>7- Khối lệnh&nbsp;<em>if on edge, bounce</em></strong>&nbsp;</span></span></span></p>\r\n\r\n<p><span style=\"color:#d35400\"><span style=\"font-size:20px\"><span style=\"font-family:Times New Roman,Times,serif\">+ &Yacute; nghĩa: Nếu chạm v&agrave;o th&agrave;nh/cạnh của s&acirc;n khấu th&igrave; quay/bật ngược lại</span></span></span></p>\r\n\r\n<p><span style=\"color:#d35400\"><span style=\"font-size:20px\"><span style=\"font-family:Times New Roman,Times,serif\"><strong>8- Khối lệnh&nbsp;<em>set rotation style [ ]</em></strong>&nbsp;</span></span></span></p>\r\n\r\n<p><span style=\"color:#d35400\"><span style=\"font-size:20px\"><span style=\"font-family:Times New Roman,Times,serif\">+ &Yacute; nghĩa: Quy định kiểu quay/lật của đối tượng (c&oacute; 3 tham số t&ugrave;y chọn kiểu quay)</span></span></span></p>\r\n\r\n<p><span style=\"color:#d35400\"><span style=\"font-size:20px\"><span style=\"font-family:Times New Roman,Times,serif\">....</span></span></span></p>\r\n\r\n<p style=\"text-align:justify\"><strong><span style=\"font-family:Times New Roman,Times,serif\"><span style=\"font-size:20px\"><span style=\"color:#e74c3c\">B. Video giới thiệu</span></span></span></strong></p>\r\n\r\n<p style=\"text-align:justify\"><iframe frameborder=\"0\" src=\"https://www.youtube.com/embed/0AmzECN0thw\" style=\"width:100%; height:500px\"></iframe></p>\r\n',1,'',7,2),(31,'Looks - Cuộc Hội Thoại Vui Vẻ','2019-04-29 06:08:59.651844','2019-05-02 02:52:31.418656',1,'1','<p style=\"text-align:center\"><img alt=\"\" src=\"/media/2019/05/02/picture.png\" style=\"height:338px; width:600px\" /></p>\r\n\r\n<p style=\"text-align:center\"><span style=\"color:#2980b9\"><span style=\"font-size:36px\"><span style=\"font-family:Times New Roman,Times,serif\"><strong>LOOKS - CUỘC HỘI THOẠI VUI VẺ</strong></span></span></span></p>\r\n\r\n<p style=\"text-align:justify\"><span style=\"font-family:Times New Roman,Times,serif\"><strong><span style=\"color:#e74c3c\"><span style=\"font-size:20px\">A. Mục ti&ecirc;u chủ đề</span></span></strong></span></p>\r\n\r\n<p><span style=\"color:#d35400\"><strong><span style=\"font-size:20px\"><span style=\"font-family:Times New Roman,Times,serif\">Hướng dẫn sử dụng c&aacute;c khối lệnh sau đ&acirc;y:</span></span></strong></span></p>\r\n\r\n<p><strong><span style=\"color:#d35400\"><span style=\"font-size:20px\"><span style=\"font-family:Times New Roman,Times,serif\">1- Khối lệnh&nbsp;<em>say [ ] for () secs</em>&nbsp;</span></span></span></strong></p>\r\n\r\n<p><span style=\"color:#d35400\"><span style=\"font-size:20px\"><span style=\"font-family:Times New Roman,Times,serif\">+ &Yacute; nghĩa: Hiển thị đoạn văn bản hoặc kết quả của khối lệnh b&aacute;o c&aacute;o trong khoảng thời gian x&aacute;c định</span></span></span></p>\r\n\r\n<p><strong><span style=\"color:#d35400\"><span style=\"font-size:20px\"><span style=\"font-family:Times New Roman,Times,serif\">2- Khối lệnh&nbsp;<em>think [ ] for () secs</em>&nbsp;</span></span></span></strong></p>\r\n\r\n<p><span style=\"color:#d35400\"><span style=\"font-size:20px\"><span style=\"font-family:Times New Roman,Times,serif\">+ &Yacute; nghĩa: Hiển thị đoạn văn bản hoặc kết quả của khối lệnh b&aacute;o c&aacute;o trong khoảng thời gian x&aacute;c định</span></span></span></p>\r\n\r\n<p><span style=\"color:#d35400\"><span style=\"font-size:20px\"><span style=\"font-family:Times New Roman,Times,serif\"><em>Lưu &yacute;: say v&agrave; think l&agrave; 2 khối lệnh c&oacute; chức năng giống nhau, chỉ kh&aacute;c ở h&igrave;nh dạng của hộp thoại (h&igrave;nh bong b&oacute;ng v&agrave; h&igrave;nh chữ nhật c&oacute; 4 g&oacute;c bo tr&ograve;n)</em></span></span></span></p>\r\n\r\n<p><strong><span style=\"color:#d35400\"><span style=\"font-size:20px\"><span style=\"font-family:Times New Roman,Times,serif\">3- Khối lệnh&nbsp;<em>say [ ]</em>&nbsp;</span></span></span></strong></p>\r\n\r\n<p><span style=\"color:#d35400\"><span style=\"font-size:20px\"><span style=\"font-family:Times New Roman,Times,serif\">+ &Yacute; nghĩa: Hiển thị đoạn văn bản hoặc kết quả của khối lệnh b&aacute;o c&aacute;o</span></span></span></p>\r\n\r\n<p><strong><span style=\"color:#d35400\"><span style=\"font-size:20px\"><span style=\"font-family:Times New Roman,Times,serif\">4- Khối lệnh&nbsp;<em>think [ ]</em>&nbsp;</span></span></span></strong></p>\r\n\r\n<p><span style=\"color:#d35400\"><span style=\"font-size:20px\"><span style=\"font-family:Times New Roman,Times,serif\">+ &Yacute; nghĩa: Hiển thị đoạn văn bản hoặc kết quả của khối lệnh b&aacute;o c&aacute;o</span></span></span></p>\r\n\r\n<p><strong><span style=\"color:#d35400\"><span style=\"font-size:20px\"><span style=\"font-family:Times New Roman,Times,serif\">5- Khối lệnh<em>&nbsp;ask [ ] and wait</em>&nbsp;</span></span></span></strong></p>\r\n\r\n<p><span style=\"color:#d35400\"><span style=\"font-size:20px\"><span style=\"font-family:Times New Roman,Times,serif\">+ &Yacute; nghĩa: Hiển thị hộp thoại v&agrave; chờ người d&ugrave;ng nhập dữ liệu đầu v&agrave;o (input)</span></span></span></p>\r\n\r\n<p><strong><span style=\"color:#d35400\"><span style=\"font-size:20px\"><span style=\"font-family:Times New Roman,Times,serif\">6- Khối lệnh&nbsp;<em>answer</em>&nbsp;</span></span></span></strong></p>\r\n\r\n<p><span style=\"color:#d35400\"><span style=\"font-size:20px\"><span style=\"font-family:Times New Roman,Times,serif\">+ &Yacute; nghĩa: L&agrave; khối lệnh b&aacute;o c&aacute;o, lưu trữ kết quả nhập v&agrave;o từ khối lệnh&nbsp;<em>ask [ ] and wait</em></span></span></span></p>\r\n\r\n<p><strong><span style=\"color:#d35400\"><span style=\"font-size:20px\"><span style=\"font-family:Times New Roman,Times,serif\">7- Khối lệnh&nbsp;<em>join [ ] [ ]</em>&nbsp;</span></span></span></strong></p>\r\n\r\n<p><span style=\"color:#d35400\"><span style=\"font-size:20px\"><span style=\"font-family:Times New Roman,Times,serif\">+ &Yacute; nghĩa: Nối chuỗi văn bản (dữ liệu kiểu Text)</span></span></span></p>\r\n\r\n<p><span style=\"color:#d35400\"><span style=\"font-size:20px\"><span style=\"font-family:Times New Roman,Times,serif\">...</span></span></span></p>\r\n\r\n<p style=\"text-align:justify\"><span style=\"font-family:Times New Roman,Times,serif\"><strong><span style=\"color:#e74c3c\"><span style=\"font-size:20px\">B. Video giới thiệu</span></span></strong></span></p>\r\n\r\n<p><iframe frameborder=\"0\" src=\"https://www.youtube.com/embed/GAlgyZ3-ZjI\" style=\"width:100%;height:500px\"></iframe></p>\r\n',2,'',7,2),(32,'Pen - Trổ Tài Họa Sĩ','2019-04-29 06:09:24.808975','2019-05-02 04:05:28.034291',1,'1','<p style=\"text-align:center\"><img alt=\"\" src=\"/media/2019/05/02/picture7.png\" style=\"height:338px; width:600px\" /></p>\r\n\r\n<p style=\"text-align:center\"><strong><span style=\"font-family:Times New Roman,Times,serif\"><span style=\"font-size:36px\"><span style=\"color:#2980b9\">TRỔ T&Agrave;I HỌA SĨ</span></span></span></strong></p>\r\n\r\n<p><span style=\"color:#e74c3c\"><span style=\"font-size:20px\"><span style=\"font-family:Times New Roman,Times,serif\"><strong>A- Mục ti&ecirc;u chủ đề</strong></span></span></span></p>\r\n\r\n<p><span style=\"color:#d35400\"><strong><span style=\"font-size:20px\"><span style=\"font-family:Times New Roman,Times,serif\">Hướng dẫn sử dụng c&aacute;c khối lệnh sau đ&acirc;y:</span></span></strong></span></p>\r\n\r\n<p><span style=\"color:#d35400\"><strong><span style=\"font-size:20px\"><span style=\"font-family:Times New Roman,Times,serif\">1- Khối lệnh&nbsp;<em>pen down</em>&nbsp;</span></span></strong></span></p>\r\n\r\n<p><span style=\"color:#d35400\"><span style=\"font-size:20px\"><span style=\"font-family:Times New Roman,Times,serif\">+ &Yacute; nghĩa: Đặt b&uacute;t vẽ</span></span></span></p>\r\n\r\n<p><span style=\"color:#d35400\"><strong><span style=\"font-size:20px\"><span style=\"font-family:Times New Roman,Times,serif\">2- Khối lệnh&nbsp;<em>pen up</em>&nbsp;</span></span></strong></span></p>\r\n\r\n<p><span style=\"color:#d35400\"><span style=\"font-size:20px\"><span style=\"font-family:Times New Roman,Times,serif\">+ &Yacute; nghĩa: Nhấc b&uacute;t (kh&ocirc;ng vẽ khi di chuyển)</span></span></span></p>\r\n\r\n<p><span style=\"color:#d35400\"><strong><span style=\"font-size:20px\"><span style=\"font-family:Times New Roman,Times,serif\">3- Khối lệnh&nbsp;<em>stamp</em>&nbsp;</span></span></strong></span></p>\r\n\r\n<p><span style=\"color:#d35400\"><span style=\"font-size:20px\"><span style=\"font-family:Times New Roman,Times,serif\">+ &Yacute; nghĩa: Đ&oacute;ng dấu đối tượng (Kh&aacute;c với clone - nh&acirc;n bản (copy) đối tượng)</span></span></span></p>\r\n\r\n<p><strong><span style=\"color:#d35400\"><span style=\"font-size:20px\"><span style=\"font-family:Times New Roman,Times,serif\">4- Khối lệnh&nbsp;<em>clear</em>&nbsp;</span></span></span></strong></p>\r\n\r\n<p><span style=\"color:#d35400\"><span style=\"font-size:20px\"><span style=\"font-family:Times New Roman,Times,serif\">+ &Yacute; nghĩa: X&oacute;a m&agrave;n h&igrave;nh s&acirc;n khấu sau khi vẽ</span></span></span></p>\r\n\r\n<p><span style=\"color:#d35400\"><span style=\"font-size:20px\"><span style=\"font-family:Times New Roman,Times,serif\"><strong>5- Khối lệnh<em>&nbsp;set pen color to (color)</em></strong>&nbsp;</span></span></span></p>\r\n\r\n<p><span style=\"color:#d35400\"><span style=\"font-size:20px\"><span style=\"font-family:Times New Roman,Times,serif\">+ &Yacute; nghĩa: Đặt m&agrave;u cho b&uacute;t bằng c&aacute;ch chọn m&agrave;u tr&ecirc;n giao diện Scratch</span></span></span></p>\r\n\r\n<p><strong><span style=\"color:#d35400\"><span style=\"font-size:20px\"><span style=\"font-family:Times New Roman,Times,serif\">6- Khối lệnh&nbsp;<em>set pen color to (number)</em>&nbsp;</span></span></span></strong></p>\r\n\r\n<p><span style=\"color:#d35400\"><span style=\"font-size:20px\"><span style=\"font-family:Times New Roman,Times,serif\">+ &Yacute; nghĩa: Đặt m&agrave;u cho b&uacute;t bằng một số x&aacute;c định</span></span></span></p>\r\n\r\n<p><span style=\"color:#d35400\"><span style=\"font-size:20px\"><span style=\"font-family:Times New Roman,Times,serif\"><strong>7- Khối lệnh&nbsp;<em>change pen color by ()</em></strong>&nbsp;</span></span></span></p>\r\n\r\n<p><span style=\"color:#d35400\"><span style=\"font-size:20px\"><span style=\"font-family:Times New Roman,Times,serif\">+ &Yacute; nghĩa: Thay đổi m&agrave;u b&uacute;t</span></span></span></p>\r\n\r\n<p><strong><span style=\"color:#d35400\"><span style=\"font-size:20px\"><span style=\"font-family:Times New Roman,Times,serif\">8- Khối lệnh<em>&nbsp;set pen size to ()</em>&nbsp;</span></span></span></strong></p>\r\n\r\n<p><span style=\"color:#d35400\"><span style=\"font-size:20px\"><span style=\"font-family:Times New Roman,Times,serif\">+ &Yacute; nghĩa: Đặt k&iacute;ch thước ng&ograve;i b&uacute;t</span></span></span></p>\r\n\r\n<p><strong><span style=\"color:#d35400\"><span style=\"font-size:20px\"><span style=\"font-family:Times New Roman,Times,serif\">9- Khối lệnh&nbsp;<em>change pen size by ()</em>&nbsp;</span></span></span></strong></p>\r\n\r\n<p><span style=\"color:#d35400\"><span style=\"font-size:20px\"><span style=\"font-family:Times New Roman,Times,serif\">+ &Yacute; nghĩa: Thay đổi k&iacute;ch thước ng&ograve;i b&uacute;t</span></span></span></p>\r\n\r\n<p><strong><span style=\"color:#d35400\"><span style=\"font-size:20px\"><span style=\"font-family:Times New Roman,Times,serif\">10- Khối lệnh&nbsp;<em>set pen shape to ()</em>&nbsp;</span></span></span></strong></p>\r\n\r\n<p><span style=\"color:#d35400\"><span style=\"font-size:20px\"><span style=\"font-family:Times New Roman,Times,serif\">+ &Yacute; nghĩa: Đặt mức độ m&agrave;u đậm/nhạt của n&eacute;t vẽ</span></span></span></p>\r\n\r\n<p>....</p>\r\n\r\n<p><span style=\"color:#e74c3c\"><span style=\"font-size:20px\"><span style=\"font-family:Times New Roman,Times,serif\"><strong>B. Video giới thiệu</strong></span></span></span></p>\r\n\r\n<p><iframe frameborder=\"0\" src=\"https://www.youtube.com/embed/ihjeFu-VZ8E\" style=\"width:100%; height:500px\"></iframe></p>\r\n',3,'',7,2),(33,'TRỔ TÀI LÁI XE','2019-05-02 05:24:43.302219','2019-05-02 07:10:16.652768',1,'1','<p style=\"text-align:center\"><img alt=\"\" src=\"/media/2019/05/02/picture47.png\" style=\"height:325px; width:600px\" /></p>\r\n\r\n<p style=\"text-align:center\"><strong><span style=\"color:#2980b9\"><span style=\"font-size:36px\"><span style=\"font-family:Times New Roman,Times,serif\">TRỔ T&Agrave;I L&Aacute;I XE</span></span></span></strong></p>\r\n\r\n<p style=\"text-align:justify\"><strong><span style=\"font-family:Times New Roman,Times,serif\"><span style=\"color:#e74c3c\"><span style=\"font-size:20px\">A. Mục ti&ecirc;u chủ đề</span></span></span></strong></p>\r\n\r\n<p style=\"text-align:justify\"><span style=\"color:#d35400\"><strong><span style=\"font-family:Times New Roman,Times,serif\"><span style=\"font-size:20px\">Học c&aacute;ch lập tr&igrave;nh với Hot Wheels trong tr&ograve; chơi đua xe c&oacute; chỉ số octan cao n&agrave;y! Chọn từ một loạt c&aacute;c xe &ocirc; t&ocirc;, sau đ&oacute; học c&aacute;ch lập tr&igrave;nh khi bạn điều hướng qua c&aacute;c đường đua phức tạp. Nhảy qua chướng ngại vật, trượt quanh c&aacute;c g&oacute;c v&agrave; gi&agrave;nh chiến thắng trong cuộc đua.</span></span></strong></span></p>\r\n\r\n<p style=\"text-align:justify\"><strong><span style=\"font-family:Times New Roman,Times,serif\"><span style=\"color:#e74c3c\"><span style=\"font-size:20px\">B. Video giới thiệu</span></span></span></strong></p>\r\n\r\n<p><iframe frameborder=\"0\" src=\"https://www.youtube.com/embed/yQMBPuYE3yw\" style=\"width:100%; height:500px\"></iframe></p>\r\n\r\n<p><span style=\"color:#e74c3c\"><span style=\"font-size:20px\"><span style=\"font-family:Times New Roman,Times,serif\"><strong>C. Dự &aacute;n mẫu</strong></span></span></span></p>\r\n\r\n<p><iframe frameborder=\"0\" src=\"//www.tynker.com/ide/embedded?p=5bebef26c762c15cfd62f703&amp;controls=false&amp;autostart=false\" style=\"width:100%; height:768px\"></iframe></p>\r\n\r\n<p><span style=\"color:#d35400\"><em><span style=\"font-family:Times New Roman,Times,serif\"><span style=\"font-size:20px\"><strong>hay</strong></span></span></em></span></p>\r\n\r\n<p><iframe frameborder=\"0\" src=\"//www.tynker.com/ide/embedded?p=5cb4e68ef22e094977611f5d&amp;controls=false&amp;autostart=false\" style=\"width:100%; height:768px\"></iframe></p>\r\n',1,'',7,3),(34,'TẬP LÀM HỌA SĨ','2019-05-02 05:25:49.419722','2019-05-02 14:11:30.388455',1,'1','<p style=\"text-align:center\"><img alt=\"\" src=\"/media/2019/05/02/picture48.png\" style=\"height:271px; width:600px\" /></p>\r\n\r\n<p style=\"text-align:center\"><span style=\"color:#2980b9\"><span style=\"font-size:36px\"><span style=\"font-family:Times New Roman,Times,serif\"><strong>TẬP L&Agrave;M HỌA SĨ</strong></span></span></span></p>\r\n\r\n<p style=\"text-align:justify\"><span style=\"color:#e74c3c\"><span style=\"font-family:Times New Roman,Times,serif\"><span style=\"font-size:20px\"><strong>A. Mục ti&ecirc;u chủ đề</strong></span></span></span></p>\r\n\r\n<p style=\"text-align:justify\"><span style=\"color:#d35400\"><span style=\"font-family:Times New Roman,Times,serif\"><span style=\"font-size:20px\"><strong>C&aacute;c bạn lập tr&igrave;nh v&agrave; tạo ra c&ocirc;ng cụ vẽ h&igrave;nh m&agrave; ở đ&oacute; c&oacute; thể vẽ bất kỳ sản phẩm n&agrave;o.</strong></span></span></span></p>\r\n\r\n<p style=\"text-align:justify\"><span style=\"color:#e74c3c\"><span style=\"font-family:Times New Roman,Times,serif\"><span style=\"font-size:20px\"><strong>B. Video giới thiệu</strong></span></span></span></p>\r\n\r\n<p><iframe frameborder=\"0\" src=\"https://www.youtube.com/embed/-vryaAHizV4\" style=\"width:100%; height:500px\"></iframe></p>\r\n\r\n<p style=\"text-align:justify\"><span style=\"color:#e74c3c\"><span style=\"font-size:20px\"><span style=\"font-family:Times New Roman,Times,serif\"><strong>C. Dự &aacute;n mẫu</strong></span></span></span></p>\r\n\r\n<p><iframe frameborder=\"0\" src=\"//www.tynker.com/ide/embedded?p=5c8cb0bbf22e09658e50756d&amp;controls=false&amp;autostart=false\" style=\"width:100%; height:768px\"></iframe></p>\r\n',2,'',7,3),(35,'MÙA ĐÔNG BĂNG GIÁ','2019-05-02 05:25:55.871083','2019-05-02 07:27:22.997897',1,'1','<p style=\"text-align:center\"><img alt=\"\" src=\"/media/2019/05/02/picture49.png\" style=\"height:338px; width:600px\" /></p>\r\n\r\n<p style=\"text-align:center\"><span style=\"color:#2980b9\"><strong><span style=\"font-family:Times New Roman,Times,serif\"><span style=\"font-size:36px\">M&Ugrave;A Đ&Ocirc;NG BĂNG GI&Aacute;</span></span></strong></span></p>\r\n\r\n<p style=\"text-align:justify\"><strong><span style=\"font-family:Times New Roman,Times,serif\"><span style=\"font-size:20px\"><span style=\"color:#e74c3c\">A. Mục ti&ecirc;u chủ đề</span></span></span></strong></p>\r\n\r\n<p style=\"text-align:justify\"><span style=\"color:#d35400\"><strong><span style=\"font-family:Times New Roman,Times,serif\"><span style=\"font-size:20px\">Kh&ocirc;ng kh&iacute; đang đ&oacute;ng băng b&ecirc;n ngo&agrave;i, v&agrave; đ&oacute; l&agrave; thời gian để đi trượt băng! Khi bạn trượt băng, bạn c&oacute; thể đếm số b&ocirc;ng tuyết rơi từ tr&ecirc;n trời.&nbsp;</span></span></strong></span><span style=\"color:#d35400\"><strong><span style=\"font-family:Times New Roman,Times,serif\"><span style=\"font-size:20px\">Trong dự &aacute;n n&agrave;y, bạn sẽ tạo ra một tr&ograve; chơi với nh&acirc;n vật ch&iacute;nh l&agrave; người tuyết. Với nh&acirc;n vật n&agrave;y, nhiệm vụ ch&iacute;nh l&agrave; đếm từng b&ocirc;ng tuyết rơi từ tr&ecirc;n trời rơi xuống.</span></span></strong></span></p>\r\n\r\n<p style=\"text-align:justify\"><strong><span style=\"font-family:Times New Roman,Times,serif\"><span style=\"font-size:20px\"><span style=\"color:#e74c3c\">B. Video giới thiệu</span></span></span></strong></p>\r\n\r\n<p><iframe frameborder=\"0\" src=\"https://www.youtube.com/embed/3OhO9cN5sYY\" style=\"width:100%; height:500px\"></iframe></p>\r\n\r\n<p style=\"text-align:justify\"><strong><span style=\"font-family:Times New Roman,Times,serif\"><span style=\"font-size:20px\"><span style=\"color:#e74c3c\">C. Dự &aacute;n mẫu</span></span></span></strong></p>\r\n\r\n<p><iframe frameborder=\"0\" src=\"//www.tynker.com/ide/embedded?p=5cb816a87450440cba0f1f9e&amp;controls=false&amp;autostart=false\" style=\"width:100%; height:768px\"></iframe></p>\r\n',3,'',7,3),(36,'CUỘC CHIẾN VŨ TRỤ','2019-05-02 05:31:31.949651','2019-05-02 06:02:30.112907',1,'1','<p style=\"text-align:center\"><img alt=\"\" src=\"/media/2019/05/02/picture19.png\" style=\"height:338px; width:600px\" /></p>\r\n\r\n<p style=\"text-align:center\"><span style=\"color:#2980b9\"><span style=\"font-size:36px\"><span style=\"font-family:Times New Roman,Times,serif\"><strong>CUỘC CHIẾN VŨ TRỤ</strong></span></span></span></p>\r\n\r\n<p style=\"text-align:justify\"><span style=\"color:#e74c3c\"><span style=\"font-size:20px\"><span style=\"font-family:Times New Roman,Times,serif\"><strong>A. Mục ti&ecirc;u chủ đề</strong></span></span></span></p>\r\n\r\n<p style=\"text-align:justify\"><span style=\"color:#d35400\"><span style=\"font-size:20px\"><strong><span style=\"font-family:Times New Roman,Times,serif\">Sau khi ho&agrave;n th&agrave;nh nội dung của to&agrave;n bộ m&ocirc;n học th&igrave; c&aacute;c em đ&atilde; c&oacute; những kiến thức v&agrave; hiểu biết kh&aacute; đầy đủ về Tynker cũng như ưng dụng của lập tr&igrave;nh Tynker trong việc tạo ra c&aacute;c sản phẩm đơn giản. B&acirc;y giờ l&agrave; l&uacute;c để c&aacute;c em vận dụng khả năng s&aacute;ng tạo của bản th&acirc;n m&igrave;nh để ho&agrave;n th&agrave;nh hoạt động &ldquo; TYNKER - SI&Ecirc;U NH&Iacute; LẬP TR&Igrave;NH&rdquo;- đ&acirc;y l&agrave; hoạt động c&oacute; t&iacute;nh điểm.&nbsp;</span></strong><span style=\"font-family:Times New Roman,Times,serif\"><strong><span style=\"background-color:#ffffff\">Qua c&aacute;c &quot;dự &aacute;n&quot; đ&atilde; thực hiện, bạn&nbsp;ng&agrave;y c&agrave;ng quen thuộc với Tynker, nhưng bạn c&oacute; thể nghĩ rằng Tynker chỉ tạo được những chương tr&igrave;nh đơn giản. Thực ra, với Tynker, bạn tạo được hầu hết c&aacute;c tr&ograve; chơi &quot;cổ điển&quot;.</span></strong></span></span></span></p>\r\n\r\n<div class=\"description\" style=\"-webkit-text-stroke-width:0px; margin-right:0px; margin-top:0px; text-align:justify\">\r\n<p style=\"margin-right:0px\"><span style=\"color:#d35400\"><span style=\"font-size:20px\"><span style=\"font-family:Times New Roman,Times,serif\"><strong><span style=\"background-color:#ffffff\">Ta h&atilde;y thử l&agrave;m một tr&ograve; chơi thuộc loại.. ai cũng biết: tr&ograve; chơi &quot;Cuộc chiến vũ trụ&quot;. Trong tr&ograve; chơi, m</span>ột tổ chức đ&atilde; ph&aacute;t hiện phi thuyền vũ trụ của người ngo&agrave;i h&agrave;nh tinh đang tr&ecirc;n đường x&acirc;m chiếm tr&aacute;i đất tươi đẹp. Bạn được tổ chức giao nhiệm vụ ngăn chặn cuộc tấn c&ocirc;ng n&agrave;y với một chiếc phi thuyền. H&atilde;y chiến đấu đến c&ugrave;ng để chặn đứng cuộc x&acirc;m chiếm, bảo vệ h&agrave;nh tinh của ch&uacute;ng ta.</strong></span></span></span></p>\r\n</div>\r\n\r\n<p style=\"text-align:justify\"><span style=\"font-size:20px\"><span style=\"font-family:Times New Roman,Times,serif\"><strong><span style=\"color:#e74c3c\">B. Tr&ograve; chơi tổng quan</span></strong></span></span></p>\r\n\r\n<p><iframe frameborder=\"0\" src=\"//www.tynker.com/ide/embedded?p=5bf8d1d7c762c12dfb447e90&amp;controls=false&amp;autostart=false\" style=\"width:100%; height:760px\"></iframe></p>\r\n',1,'',7,18),(37,'ĐI TÌM ẨN SỐ','2019-05-02 05:31:51.634871','2019-05-03 05:26:07.968274',1,'1','<p style=\"text-align:center\"><img alt=\"\" src=\"/media/2019/05/03/picture18.png\" style=\"height:337px; width:600px\" /></p>\r\n\r\n<h2 style=\"text-align:center\"><span style=\"color:#2980b9\"><span style=\"font-size:36px\"><span style=\"font-family:Times New Roman,Times,serif\"><strong>ĐI T&Igrave;M ẨN SỐ</strong></span></span></span></h2>\r\n\r\n<p style=\"text-align:justify\"><span style=\"color:#e74c3c\"><span style=\"font-size:20px\"><span style=\"font-family:Times New Roman,Times,serif\"><strong>A. Mục ti&ecirc;u chủ đề</strong></span></span></span></p>\r\n\r\n<p style=\"text-align:justify\"><span style=\"color:#d35400\"><span style=\"font-size:20px\"><span style=\"font-family:Times New Roman,Times,serif\"><strong>Sau khi ho&agrave;n th&agrave;nh nội dung của to&agrave;n bộ m&ocirc;n học th&igrave; c&aacute;c em đ&atilde; c&oacute; những kiến thức v&agrave; hiểu biết kh&aacute; đầy đủ về Tynker cũng như ưng dụng của lập tr&igrave;nh Tynker trong việc tạo ra c&aacute;c sản phẩm đơn giản. B&acirc;y giờ l&agrave; l&uacute;c để c&aacute;c em vận dụng khả năng s&aacute;ng tạo của bản th&acirc;n m&igrave;nh để ho&agrave;n th&agrave;nh hoạt động &ldquo; TYNKER - SI&Ecirc;U NH&Iacute; LẬP TR&Igrave;NH&rdquo;- đ&acirc;y l&agrave; hoạt động c&oacute; t&iacute;nh điểm.&nbsp;Qua c&aacute;c &quot;dự &aacute;n&quot; đ&atilde; thực hiện, bạn&nbsp;ng&agrave;y c&agrave;ng quen thuộc với Tynker, nhưng bạn c&oacute; thể nghĩ rằng Tynker chỉ tạo được những chương tr&igrave;nh đơn giản. Thực ra, với Tynker, bạn tạo được hầu hết c&aacute;c tr&ograve; chơi &quot;cổ điển&quot;.</strong></span></span></span></p>\r\n\r\n<p style=\"text-align:justify\"><span style=\"color:#d35400\"><span style=\"font-size:20px\"><span style=\"font-family:Times New Roman,Times,serif\"><strong>Ta h&atilde;y thử l&agrave;m một tr&ograve; chơi thuộc loại.. ai cũng biết: tr&ograve; chơi &quot;Tr&ograve; chơi đo&aacute;n số&quot;. Trong tr&ograve; chơi, ch&uacute;ng ta thử t&agrave;i ti&ecirc;n đo&aacute;n để đưa ra con số m&agrave; m&aacute;y t&iacute;nh đang suy nghĩ. Với số lần giới hạn đặt ra, bạn h&atilde;y cố gắng t&igrave;m được con số b&iacute; mật đ&oacute; nha.</strong></span></span></span></p>\r\n\r\n<p style=\"text-align:justify\"><span style=\"color:#e74c3c\"><span style=\"font-size:20px\"><span style=\"font-family:Times New Roman,Times,serif\"><strong>B. Tr&ograve; chơi tổng quan</strong></span></span></span></p>\r\n\r\n<p><iframe frameborder=\"0\" src=\"//www.tynker.com/ide/embedded?p=5bf3ad3b8409f22ece59e896&amp;controls=false&amp;autostart=false\" style=\"width:100%; height:768px\"></iframe></p>\r\n',2,'',7,18),(38,'Scratch - Người Bạn Mới','2019-05-07 02:21:31.220959','2019-05-07 03:46:13.282023',1,'1','<p style=\"text-align:center\"><img alt=\"\" src=\"/media/2019/05/07/scratch.png\" style=\"width:100%\" /></p>\r\n\r\n<p style=\"text-align:center\"><span style=\"color:#2980b9\"><span style=\"font-size:36px\"><span style=\"font-family:Times New Roman,Times,serif\"><strong>SCRATCH - NGƯỜI BẠN MỚI</strong></span></span></span></p>\r\n\r\n<p style=\"text-align:justify\"><span style=\"color:#d35400\"><span style=\"font-size:20px\"><span style=\"font-family:Times New Roman,Times,serif\"><strong>Ch&agrave;o mừng c&aacute;c bạn đ&atilde; đến với chủ đề&nbsp;SCRATCH - NGƯỜI BẠN MỚI. Đ&acirc;y l&agrave; chủ đề đầu ti&ecirc;n v&agrave; cũng l&agrave; chủ đề đơn giản nhất trong chuỗi c&aacute;c chủ đề của kh&oacute;a học. Chủ đề n&agrave;y sẽ cung cấp cho c&aacute;c bạn những nội dung&nbsp;tổng quan nhất về Scratch, c&aacute;ch thức hoạt động v&agrave; m&ocirc;i trường vận h&agrave;nh c&aacute;c c&acirc;u lệnh của Scratch. Cung cấp những kiến thức vỡ l&ograve;ng được d&agrave;nh ri&ecirc;ng cho đối tượng mới hoặc chưa từng tiếp cận với Scratch n&oacute;i ri&ecirc;ng v&agrave; lập tr&igrave;nh game&nbsp;n&oacute;i chung.</strong></span></span></span></p>\r\n',1,'',7,19),(39,'Scratch - Trổ Tài Lập Trình','2019-05-07 03:41:08.692860','2019-05-07 03:47:47.580774',1,'1','<p style=\"text-align:justify\"><span style=\"color:#d35400\"><span style=\"font-size:20px\"><span style=\"font-family:Times New Roman,Times,serif\">Nếu như <strong>SCRATCH - NGƯỜI BẠN MỚI</strong>&nbsp;gi&uacute;p ch&uacute;ng ta c&oacute; c&aacute;i nh&igrave;n tổng quan về chương tr&igrave;nh Tynker;&nbsp;th&igrave; b&agrave;i&nbsp;<strong>SCRATCH - TRỔ T&Agrave;I LẬP TR&Igrave;NH</strong>&nbsp;sẽ gi&uacute;p ch&uacute;ng ta vận dụng l&yacute; thuyết để thiết kế, x&acirc;y dựng, sản xuất ra c&aacute;c sản phẩm c&ocirc;ng nghệ một c&aacute;ch cụ thể.</span></span></span></p>\r\n\r\n<p style=\"text-align:justify\"><span style=\"color:#d35400\"><span style=\"font-size:20px\"><span style=\"font-family:Times New Roman,Times,serif\">Th&ocirc;ng qua việc thiết kế c&aacute;c sản phẩm n&agrave;y, ch&uacute;ng ta kh&ocirc;ng chỉ hiểu l&yacute; thuyết một c&aacute;ch s&acirc;u sắc m&agrave; c&ograve;n biết được &quot;c&aacute;ch nghĩ, c&aacute;ch l&agrave;m&quot; như thế n&agrave;o để sản xuất ra một sản phẩm c&ocirc;ng nghệ.</span></span></span></p>\r\n\r\n<p style=\"text-align:justify\"><span style=\"color:#d35400\"><span style=\"font-size:20px\"><span style=\"font-family:Times New Roman,Times,serif\">B&agrave;i <strong>SCRATCH - TRỔ T&Agrave;I LẬP TR&Igrave;NH</strong>&nbsp;được chia th&agrave;nh c&aacute;c chủ đề nội dung kh&aacute;c nhau như Game, Vẽ đồ họa, To&aacute;n học, &Acirc;m nhạc,... Căn cứ v&agrave;o quỹ thời gian của t&aacute;c giả, c&aacute;c dự &aacute;n (b&agrave;i học) thường xuy&ecirc;n được bổ sung định kỳ hoặc đột xuất v&igrave; vậy số lượng b&agrave;i học l&agrave; kh&ocirc;ng giới hạn. Ngay bản th&acirc;n c&aacute;c dự &aacute;n cũng như vậy, c&oacute; phi&ecirc;n bản 1, phi&ecirc;n bản 2, ...phi&ecirc;n bản n.</span></span></span></p>\r\n\r\n<p style=\"text-align:justify\"><span style=\"color:#d35400\"><span style=\"font-size:20px\"><span style=\"font-family:Times New Roman,Times,serif\">Khi học b&agrave;i học&nbsp;n&agrave;y, ch&uacute;ng ta kh&ocirc;ng chỉ học &quot;lập tr&igrave;nh dự &aacute;n đơn thuần&quot; m&agrave; ch&uacute;ng ta sẽ r&egrave;n luyện được một số khả năng cần thiết trong cuộc sống như &quot;tư duy logic, suy luận chặt chẽ, giải th&iacute;ch r&otilde; r&agrave;ng, t&iacute;nh ki&ecirc;n tr&igrave;, sự cẩn thận, ...&quot;. V&agrave; điều n&agrave;y đặc biệt cần thiết cho &quot;lứa tuổi học sinh&quot;.</span></span></span></p>\r\n\r\n<p style=\"text-align:center\"><img alt=\"\" src=\"/media/2019/05/07/scratch.png\" style=\"width:100%\" /></p>\r\n\r\n<p style=\"text-align:justify\"><span style=\"font-size:20px\"><span style=\"font-family:Times New Roman,Times,serif\"><span style=\"color:#16a085\"><strong>1- T&ecirc;n b&agrave;i học</strong>:</span> </span></span><span style=\"color:#d35400\"><span style=\"font-size:20px\"><span style=\"font-family:Times New Roman,Times,serif\"><strong>Scratch - Trổ T&agrave;i Lập Tr&igrave;nh</strong></span></span></span></p>\r\n\r\n<p style=\"text-align:justify\"><span style=\"color:#16a085\"><span style=\"font-size:20px\"><span style=\"font-family:Times New Roman,Times,serif\"><strong>2- Tổng quan&nbsp;b&agrave;i học:</strong></span></span></span></p>\r\n\r\n<p style=\"margin-left:0in; text-align:justify\"><strong><span style=\"color:#d35400\"><span style=\"font-size:14.0pt\"><span style=\"font-family:&quot;Times New Roman&quot;\"><em>B&agrave;i</em></span></span><span style=\"font-size:14.0pt\"><span style=\"font-family:&quot;Times New Roman&quot;\"><em> n&agrave;y sẽ gi&uacute;p c&aacute;c em t&igrave;m hiểu được c&aacute;c kiến thức sau:</em></span></span></span></strong></p>\r\n\r\n<p style=\"margin-left:0in; text-align:justify\"><strong><span style=\"color:#d35400\"><span style=\"font-size:14.0pt\"><span style=\"font-family:&quot;Times New Roman&quot;\">- Sử dụng Scratch&nbsp;</span></span><span style=\"font-size:14.0pt\"><span style=\"font-family:&quot;Times New Roman&quot;\">cho lĩnh vực: Những c&acirc;u chuyện, phim hoạt h&igrave;nh, tr&ograve; chơi, &acirc;m nhạc, mỹ thuật ..</span></span></span></strong></p>\r\n\r\n<p style=\"margin-left:0in; text-align:justify\"><strong><span style=\"color:#d35400\"><span style=\"font-size:14.0pt\"><span style=\"font-family:&quot;Times New Roman&quot;\">- Thiết kế một số dự &aacute;n cho c&aacute;c lĩnh vực.</span></span></span></strong></p>\r\n\r\n<p style=\"margin-left:0in; text-align:justify\"><span style=\"color:#16a085\"><span style=\"font-size:14.0pt\"><span style=\"font-family:&quot;Times New Roman&quot;\"><strong>3- Mục ti&ecirc;u cần đạt:</strong></span></span></span></p>\r\n\r\n<p style=\"margin-left:0in; text-align:justify\"><strong><span style=\"font-size:20px\"><span style=\"font-family:Times New Roman,Times,serif\"><span style=\"color:#d35400\">- Nắm chắc c&aacute;c bước, quy tr&igrave;nh thiết kế, lập tr&igrave;nh một sản phẩm phần mềm</span></span></span></strong></p>\r\n\r\n<p style=\"margin-left:0in; text-align:justify\"><strong><span style=\"font-size:20px\"><span style=\"font-family:Times New Roman,Times,serif\"><span style=\"color:#d35400\">- Nắm được c&aacute;c kỹ thuật cơ bản, quan trọng trong lập tr&igrave;nh tr&ograve; chơi, ứng dụng tương t&aacute;c</span></span></span></strong></p>\r\n\r\n<p style=\"margin-left:0in; text-align:justify\"><strong><span style=\"font-size:20px\"><span style=\"font-family:Times New Roman,Times,serif\"><span style=\"color:#d35400\">- Tạo được một sản phẩm ho&agrave;n chỉnh</span></span></span></strong></p>\r\n\r\n<p style=\"text-align:justify\"><span style=\"font-size:20px\"><span style=\"font-family:Times New Roman,Times,serif\"><strong><span style=\"color:#16a085\">4- Đối tượng:</span><span style=\"color:#d35400\">&nbsp;C&aacute;c bạn c&oacute; đam m&ecirc; lập tr&igrave;nh, đặc biệt c&aacute;c bạn nhỏ c&oacute; độ tuổi từ 5&nbsp;đến 8 tuổi.</span></strong></span></span></p>\r\n\r\n<p style=\"text-align:justify\"><span style=\"font-size:20px\"><span style=\"font-family:Times New Roman,Times,serif\"><strong><span style=\"color:#16a085\">5- H&igrave;nh thức dạy v&agrave; học:</span> <span style=\"color:#d35400\">Trực tuyến</span></strong></span></span></p>\r\n\r\n<p style=\"text-align:justify\"><span style=\"font-size:20px\"><span style=\"font-family:Times New Roman,Times,serif\"><span style=\"color:#16a085\"><strong>6-&nbsp;Nh&oacute;m gi&aacute;o vi&ecirc;n hướng dẫn kh&oacute;a học:</strong></span>&nbsp;<span style=\"color:#d35400\"><strong>Phạm Hữu Tr&iacute; v&agrave; Nguyễn Quốc Trung &ndash; Sinh vi&ecirc;n trường Đại học Sư phạm TP.HCM.</strong></span></span></span></p>\r\n',1,'',7,20),(40,'Giới thiệu về Alice 2','2019-05-07 10:15:14.700608','2019-05-07 10:33:21.769277',1,'Giới thiệu về Alice 2','<p><span style=\"font-size:18px\"><span style=\"font-family:Times New Roman,Times,serif\"><u><strong><span style=\"color:#2980b9\">Mục ti&ecirc;u:</span></strong></u> Gi&uacute;p người học c&agrave;i đặt v&agrave; khởi động&nbsp;Alice 2</span></span></p>\r\n\r\n<p><span style=\"font-size:18px\"><span style=\"font-family:Times New Roman,Times,serif\"><u><strong><span style=\"color:#27ae60\">Y&ecirc;u cầu đầu ra</span></strong></u>: Người học c&agrave;i đặt v&agrave; khởi động&nbsp;được Alice 2</span></span></p>\r\n\r\n<p><span style=\"font-size:18px\"><span style=\"font-family:Times New Roman,Times,serif\"><u><strong><span style=\"color:#16a085\">M&ocirc; tả:</span></strong></u> Ở chủ đề n&agrave;y sẽ c&oacute; 1 nh&oacute;m hoạt động l&agrave;: Giới thiệu về Alice</span></span></p>\r\n',1,'',6,21),(41,'Các đối tượng trên Alice','2019-05-07 10:18:50.920732','2019-05-07 10:49:18.477198',1,'Các đối tượng trên Alice','<p><span style=\"font-size:18px\"><span style=\"font-family:Times New Roman,Times,serif\"><u><strong><span style=\"color:#2980b9\">Mục ti&ecirc;u:</span></strong></u> Gi&uacute;p người học k&eacute;o thả c&aacute;c đối tượng v&agrave;o m&agrave;n h&igrave;nh l&agrave;m việc</span></span></p>\r\n\r\n<p><span style=\"font-size:18px\"><span style=\"font-family:Times New Roman,Times,serif\"><u><strong><span style=\"color:#27ae60\">Y&ecirc;u cầu đầu ra:</span></strong></u> Người học k&eacute;o thả được c&aacute;c đối tượng v&agrave;o m&agrave;n hinh l&agrave;m việc</span></span></p>\r\n\r\n<p><span style=\"font-size:18px\"><span style=\"font-family:Times New Roman,Times,serif\"><u><strong><span style=\"color:#16a085\">M&ocirc; tả:</span></strong></u> Ở nh&oacute;m hoạt đồng n&agrave;y sẽ gồm 2 nh&oacute;m&nbsp;hoạt động:<br />\r\n&nbsp; - C&aacute;c đối tượng tr&ecirc;n Alice 2</span></span><br />\r\n<span style=\"font-family:Times New Roman,Times,serif\"><span style=\"font-size:18px\">&nbsp; - C&agrave;i đặt đối tượng trong Alice 2</span></span></p>\r\n',1,'',6,22);
/*!40000 ALTER TABLE `lesson` ENABLE KEYS */;
UNLOCK TABLES;

--
-- Table structure for table `lessonreply`
--

DROP TABLE IF EXISTS `lessonreply`;
/*!40101 SET @saved_cs_client     = @@character_set_client */;
 SET character_set_client = utf8mb4 ;
CREATE TABLE `lessonreply` (
  `LessonReplyID` int(11) NOT NULL AUTO_INCREMENT,
  `Content` longtext COLLATE utf8_unicode_ci,
  `CreateDate` datetime(6) DEFAULT NULL,
  `EditDate` datetime(6) DEFAULT NULL,
  `IsEnable` int(11) DEFAULT NULL,
  `Note` varchar(250) COLLATE utf8_unicode_ci DEFAULT NULL,
  `EnrollmentID` int(11) DEFAULT NULL,
  `LessonID` int(11) DEFAULT NULL,
  PRIMARY KEY (`LessonReplyID`),
  KEY `lessonreply_EnrollmentID_b628d982_fk_enrollment_EnrollmentID` (`EnrollmentID`),
  KEY `lessonreply_LessonID_f36452c4_fk_lesson_LessonID` (`LessonID`),
  CONSTRAINT `lessonreply_EnrollmentID_b628d982_fk_enrollment_EnrollmentID` FOREIGN KEY (`EnrollmentID`) REFERENCES `enrollment` (`EnrollmentID`),
  CONSTRAINT `lessonreply_LessonID_f36452c4_fk_lesson_LessonID` FOREIGN KEY (`LessonID`) REFERENCES `lesson` (`LessonID`)
) ENGINE=InnoDB AUTO_INCREMENT=16 DEFAULT CHARSET=utf8 COLLATE=utf8_unicode_ci;
/*!40101 SET character_set_client = @saved_cs_client */;

--
-- Dumping data for table `lessonreply`
--

LOCK TABLES `lessonreply` WRITE;
/*!40000 ALTER TABLE `lessonreply` DISABLE KEYS */;
INSERT INTO `lessonreply` VALUES (1,'<p>Tốt</p>\r\n','2019-05-05 11:29:42.313850','2019-05-05 11:29:42.313855',1,'',15,1),(2,'<p>sdgsdfg</p>\r\n','2019-05-06 10:25:42.724780','2019-05-06 10:25:42.724786',1,'',16,15),(3,'<p>dfsfaf</p>\r\n','2019-05-06 10:25:57.495795','2019-05-06 10:25:57.495800',1,'',16,15),(4,'<p>dfafaf</p>\r\n','2019-05-06 10:26:03.873758','2019-05-06 10:26:03.873764',1,'',16,15),(5,'<p>sfsafsadf</p>\r\n','2019-05-06 10:26:13.331017','2019-05-06 10:26:13.331023',1,'',16,15),(6,'<p>dfasfdaf</p>\r\n','2019-05-06 10:26:20.236404','2019-05-06 10:26:20.236410',1,'',16,15),(7,'<p>sfsadfsafsaf</p>\r\n','2019-05-06 10:26:25.451660','2019-05-06 10:26:25.451665',1,'',16,15),(8,'<p>dfasfadsf</p>\r\n','2019-05-06 10:26:29.734637','2019-05-06 10:26:29.734643',1,'',16,15),(9,'<p>sdfasfa</p>\r\n','2019-05-06 10:26:37.421265','2019-05-06 10:26:37.421271',1,'',16,15),(10,'<p>dsfasfaf</p>\r\n','2019-05-06 10:26:44.624665','2019-05-06 10:26:44.624671',1,'',16,15),(11,'<p>dsfasfaf</p>\r\n','2019-05-06 10:26:49.413693','2019-05-06 10:26:49.413699',1,'',16,15),(12,'<p>sdfasdf</p>\r\n','2019-05-06 10:27:34.415726','2019-05-06 10:27:34.415732',1,'',16,15),(13,'<p>Hấp dẫn!</p>\r\n','2019-05-08 09:09:24.686634','2019-05-08 09:09:24.686640',1,'',10,13),(14,'<p>kh&oacute;a học rất hay</p>\r\n','2019-05-08 23:16:27.064602','2019-05-08 23:16:27.064608',1,'',6,15),(15,'<p>ch&uacute; m&egrave;o thật dễ thương v&agrave; g&acirc;y nhiều điều th&uacute; vị hấp dẫn</p>\r\n','2019-05-09 11:01:54.272093','2019-05-09 11:01:54.272100',1,'',44,38);
/*!40000 ALTER TABLE `lessonreply` ENABLE KEYS */;
UNLOCK TABLES;

--
-- Table structure for table `news`
--

DROP TABLE IF EXISTS `news`;
/*!40101 SET @saved_cs_client     = @@character_set_client */;
 SET character_set_client = utf8mb4 ;
CREATE TABLE `news` (
  `NewsID` int(11) NOT NULL AUTO_INCREMENT,
  `NewsName` varchar(250) COLLATE utf8_unicode_ci DEFAULT NULL,
  `Avatar` varchar(250) COLLATE utf8_unicode_ci DEFAULT NULL,
  `Description` varchar(250) COLLATE utf8_unicode_ci DEFAULT NULL,
  `Content` longtext COLLATE utf8_unicode_ci,
  `CreateDate` datetime(6) DEFAULT NULL,
  `EditDate` datetime(6) DEFAULT NULL,
  `IsEnable` int(11) DEFAULT NULL,
  `Note` varchar(250) COLLATE utf8_unicode_ci DEFAULT NULL,
  `AccountID` int(11) DEFAULT NULL,
  `EnviromentCateID` int(11) DEFAULT NULL,
  PRIMARY KEY (`NewsID`),
  KEY `news_AccountID_fb8a935c_fk_account_AccountID` (`AccountID`),
  KEY `news_EnviromentCateID_5dc5881d_fk_enviromen` (`EnviromentCateID`),
  CONSTRAINT `news_AccountID_fb8a935c_fk_account_AccountID` FOREIGN KEY (`AccountID`) REFERENCES `account` (`AccountID`),
  CONSTRAINT `news_EnviromentCateID_5dc5881d_fk_enviromen` FOREIGN KEY (`EnviromentCateID`) REFERENCES `enviromentcate` (`EnviromentCateID`)
) ENGINE=InnoDB AUTO_INCREMENT=5 DEFAULT CHARSET=utf8 COLLATE=utf8_unicode_ci;
/*!40101 SET character_set_client = @saved_cs_client */;

--
-- Dumping data for table `news`
--

LOCK TABLES `news` WRITE;
/*!40000 ALTER TABLE `news` DISABLE KEYS */;
INSERT INTO `news` VALUES (1,'CHÀNG 9X MỘT MÌNH XÂY NHÀ THÔNG MINH','/media/smart-home-icon.jpg','Dù chỉ mới là sinh viên nhưng Tú đã tự mình xây dựng cả một hệ thống nhà thông minh từ phần cừng tới phần mềm','<p style=\"margin-left:0cm; margin-right:0cm; text-align:justify\"><strong><em><span style=\"font-size:20px\"><span style=\"color:#8e44ad\"><span style=\"font-family:Calibri,sans-serif\">Như c&aacute;c bạn đ&atilde; biết, thị trường c&ocirc;ng nghệ trong năm 2018 đ&atilde; bắt đầu c&oacute; những bước chuyển m&igrave;nh rất lớn v&agrave; một trong số những thiết bị được kỳ vọng đ&oacute; ch&iacute;nh l&agrave; ng&ocirc;i nh&agrave; th&ocirc;ng minh hay rộng hơn đ&oacute; l&agrave; Internet of Things.</span></span></span></em></strong></p>\r\n\r\n<p style=\"margin-left:0cm; margin-right:0cm; text-align:justify\"><span style=\"font-size:20px\"><span style=\"color:#8e44ad\"><span style=\"font-family:Calibri,sans-serif\">Nếu như 10 năm trước ch&uacute;ng ta nhắc tới những ng&ocirc;i nh&agrave; m&agrave; khi chủ nh&agrave; bước v&agrave;o tất cả c&aacute;c thiết bị điện tự động bật l&ecirc;n, hay những ng&ocirc;i nh&agrave; m&agrave; chủ nh&agrave; c&oacute; thể theo d&otilde;i v&agrave; điều khiển đ&egrave;n, quạt, điều h&ograve;a, TV từ bất cứ đ&acirc;u tr&ecirc;n thế giới c&oacute; kết nối internet th&igrave; đ&oacute; chỉ l&agrave; c&acirc;u chuyện tr&ecirc;n những bộ phim viễn tưởng, hoặc l&agrave; những ng&ocirc;i nh&agrave; mẫu của c&aacute;c tỷ ph&uacute; &quot;chịu chơi&quot; như Bill Gate.</span></span></span></p>\r\n\r\n<p style=\"margin-left:0cm; margin-right:0cm; text-align:center\"><img alt=\"\" src=\"/media/2019/04/28/gap-go-chang-sinh-vien-9x-mot-minh-xay-nha-thong-minh_Rt17VuP.JPG\" style=\"height:445px; width:630px\" /></p>\r\n\r\n<p style=\"margin-left:0cm; margin-right:0cm; text-align:center\"><span style=\"font-size:16px\"><span style=\"color:#2ecc71\"><em><span style=\"font-family:Calibri,sans-serif\">(Nguyễn Anh T&uacute; - Ch&agrave;ng 9x, tự x&acirc;y nh&agrave; th&ocirc;ng minh)</span></em></span></span></p>\r\n\r\n<p style=\"margin-left:0cm; margin-right:0cm; text-align:justify\"><span style=\"font-size:20px\"><span style=\"color:#8e44ad\"><span style=\"font-family:Calibri,sans-serif\">Th&igrave; h&ocirc;m nay Smarthome đ&atilde; bao quanh ch&uacute;ng ta, từ c&acirc;u chuyện của anh n&ocirc;ng d&acirc;n &quot;th&ocirc;ng minh h&oacute;a&quot; ng&ocirc;i nh&agrave; của m&igrave;nh với gi&aacute; 3 triệu, cho tới ch&agrave;ng sinh vi&ecirc;n 9x tự chế tạo nh&agrave; th&ocirc;ng minh theo sở th&iacute;ch với gi&aacute; chưa tới 2 triệu đồng m&agrave; ch&uacute;ng t&ocirc;i sắp giới thiệu dưới đ&acirc;y.</span></span></span></p>\r\n\r\n<p style=\"margin-left:0cm; margin-right:0cm; text-align:justify\"><span style=\"font-size:20px\"><span style=\"color:#8e44ad\"><span style=\"font-family:Calibri,sans-serif\">Về sản phẩm m&agrave; T&uacute; đ&atilde; l&agrave;m ra, tất cả hầu như đều sử dụng tr&ecirc;n nền tảng m&atilde; nguồn mở với c&aacute;c board mạch điện tử dựng sẵn c&oacute; thể lập tr&igrave;nh được. Với board mạch Arduino tất cả những ai biết về lập tr&igrave;nh đều c&oacute; thể &quot;thi&ecirc;n biến vạn h&oacute;a&quot; sản phẩm của m&igrave;nh theo &yacute; muốn bằng c&aacute;c c&acirc;u lệnh điều kiện đơn giản &quot;Nếu... Th&igrave;...&quot;. Ch&iacute;nh v&igrave; lẽ đ&oacute;, ch&agrave;ng sinh vi&ecirc;n 9x đ&atilde; tự lắp đặt cho căn ph&ograve;ng của m&igrave;nh một thiết bị điều khiển từ xa th&ocirc;ng qua mạng Internet với gi&aacute; th&agrave;nh tổng cộng cho c&aacute;c linh kiện khoảng 1,5 triệu đồng để c&oacute; thể điều khiển được khoảng 5 thiết bị điện c&ugrave;ng l&uacute;c.</span></span></span></p>\r\n\r\n<p style=\"margin-left:0cm; margin-right:0cm; text-align:center\"><span style=\"font-size:20px\"><span style=\"color:#8e44ad\"><span style=\"font-family:Calibri,sans-serif\"><img alt=\"\" src=\"/media/2019/04/28/gap-go-chang-sinh-vien-9x-mot-minh-xay-nha-thong-minh-2.JPG\" style=\"height:395px; width:630px\" /></span></span></span></p>\r\n\r\n<p style=\"margin-left:0cm; margin-right:0cm; text-align:center\"><span style=\"font-size:16px\"><span style=\"color:#2ecc71\"><em><span style=\"font-family:Calibri,sans-serif\">(Thiết kế của Nguyễn Anh T&uacute;)</span></em></span></span></p>\r\n\r\n<p style=\"margin-left:0cm; margin-right:0cm; text-align:justify\"><span style=\"font-size:20px\"><span style=\"color:#8e44ad\"><span style=\"font-family:Calibri,sans-serif\">Để c&oacute; thể ho&agrave;n th&agrave;nh t&aacute;c phẩm của m&igrave;nh T&uacute; cũng cho biết, chỉ lập tr&igrave;nh cho board Arduino l&agrave; chưa đủ bởi lẽ mong muốn của T&uacute; l&agrave; đưa ng&ocirc;i nh&agrave; của m&igrave;nh h&ograve;a nhập v&agrave;o Internet to&agrave;n cầu v&igrave; vậy T&uacute; c&ograve;n phải t&igrave;m hiểu v&agrave; x&acirc;y dựng cả một server mini d&ugrave;ng để duy tr&igrave; hoạt động cho sản phẩm của m&igrave;nh tr&ecirc;n mạng Internet.</span></span></span></p>\r\n\r\n<p style=\"margin-left:0cm; margin-right:0cm; text-align:right\"><strong><span style=\"color:#8e44ad; font-family:Calibri, sans-serif\"><span style=\"font-size:20px\">THEO CMYK.COM</span></span></strong></p>\r\n','2019-04-28 18:25:02.892287','2019-04-28 18:25:02.892292',1,'',5,3),(2,'Máy tính kích thước bằng quả cam: 89 USD, hỗ trợ hiển thị ba màn 4K và mạnh gấp 10 lần Raspberry Pi 3','/media/1_473685.jpg','Dự án Udoo trên Kickstarter đã góp vốn vượt chỉ tiêu tới bốn lần cho một máy tính single board ','<p style=\"text-align:justify\"><em><strong><span style=\"font-size:20px\"><span style=\"color:#8e44ad\">Dự &aacute;n Udoo.org của Seco đ&atilde; gọi vốn th&agrave;nh c&ocirc;ng tr&ecirc;n&nbsp;</span><a href=\"https://www.kickstarter.com/projects/udoo/udoo-x86-the-most-powerful-maker-board-ever?ref=category_newest\" rel=\"nofollow\" target=\"_blank\"><span style=\"color:#8e44ad\">Kickstarter</span></a><span style=\"color:#8e44ad\">&nbsp;cho Udoo X86, m&aacute;y t&iacute;nh single board sử dụng kiến tr&uacute;c x86 thứ ba được gọi vốn từ cộng đồng m&agrave; kh&ocirc;ng phải đến từ Intel hay AMD. Với một vi xử l&iacute; Intel Braswell, n&oacute; cũng trở th&agrave;nh bo mạch x86 mạnh mẽ nhất hiện nay c&ugrave;ng với một cấu h&igrave;nh phần cứng mở ho&agrave;n to&agrave;n.</span></span></strong></em></p>\r\n\r\n<p style=\"text-align:justify\"><span style=\"color:#8e44ad\"><span style=\"font-size:20px\">Hiện Udoo x86 đ&atilde; đạt mức gấp hơn bốn lần mục ti&ecirc;u 100.000 USD của m&igrave;nh, v&agrave; với 52 ng&agrave;y c&ograve;n lại, vẫn c&ograve;n đ&oacute; rất nhiều bo mạch tại mức gi&aacute; thấp nhất. Với 89 USD, bạn sẽ c&oacute; được Udoo X86 Basic với 2GB RAM v&agrave; một SoC Atom x5-E8000, trong khi Udoo X86 Advanced c&oacute; mức gi&aacute; 129 USD, với 4GB RAM v&agrave; một SoC Celeron N3160 mạnh mẽ hơn. Cả hai đều bao gồm eMMC 8GB v&agrave; gửi h&agrave;ng v&agrave;o th&aacute;ng 11. M&aacute;y t&iacute;nh bo mạch đơn n&agrave;y sẽ hỗ trợ Linux cũng như Android v&agrave; Windows. Ngo&agrave;i ra c&ograve;n một phi&ecirc;n bản Udoo X86 Ultra &ldquo;khủng&rdquo; nhất sẽ được trang bị vi xử l&yacute; Pentium N3710 v&agrave; 8GB RAM, với mức gi&aacute; 209 USD.</span></span></p>\r\n\r\n<p style=\"text-align:justify\">&nbsp;</p>\r\n\r\n<p style=\"text-align:justify\"><span style=\"color:#8e44ad\"><span style=\"font-size:20px\"><img alt=\"\" id=\"img_218790\" src=\"http://genknews.genkcdn.vn/k:2016/663ad9d9e28eba4e37a02d381a43ce57-original-1461598884128-crop-1461598902337/may-tinh-kich-thuoc-bang-qua-cam-89-usd-ho-tro-hien-thi-ba-man-4k-va-manh-gap-10-lan-raspberry-pi-3.gif\" /></span></span></p>\r\n\r\n<p style=\"text-align:justify\"><span style=\"color:#8e44ad\"><span style=\"font-size:20px\">Atom x5-E8000 v&agrave; Celeron N3160 đều l&agrave; hai SoC bốn nh&acirc;n từ thế hệ Intel Braswell 14nm mới đ&acirc;y, với 2MB cache.</span></span></p>\r\n\r\n<p style=\"text-align:justify\"><span style=\"color:#8e44ad\"><span style=\"font-size:20px\">Trong khi những bo mạch với gi&aacute; tr&ecirc;n 89 USD như UP board chỉ trang bị x5-Z8300 với xung nhịp 1,33GHz với Burst Frequency 1,85GHz, th&igrave; Udoo X86 Basic được trang bị Atom x5-E8000 với xung nhịp 1,04GHz - Burst Frequency 2,0GHz. V&agrave; Celeron N3160 của phi&ecirc;n bản Advanced c&ograve;n c&oacute; xung nhịp 1,60GHz - Burst Frequency 2,24GHz.</span></span></p>\r\n\r\n<p style=\"text-align:justify\"><span style=\"color:#8e44ad\"><span style=\"font-size:20px\">Cả hai SoC Braswell n&agrave;y đều c&oacute; những vượt trội so với thế hệ Cherry Trail như hỗ trợ SATA v&agrave; khả năng c&ugrave;ng l&uacute;c hiển thị ba m&agrave;n h&igrave;nh 4K. Tuy nhi&ecirc;n th&igrave; mức ti&ecirc;u thụ điện năng lại cao hơn với 5W của Atom x5-E8000 v&agrave; 6W của Celeron N3160.</span></span></p>\r\n\r\n<p style=\"text-align:justify\"><span style=\"color:#8e44ad\"><span style=\"font-size:20px\">Nh&igrave;n chung, tuy chỉ nhấn mạnh v&agrave;o xung nhịp ở chế độ burst, dự &aacute;n Udoo n&agrave;y vẫn thực sự l&agrave;&nbsp;<em>&ldquo;maker board mạnh mẽ nhất từ trước đến giờ.&rdquo;</em>&nbsp;Theo điểm Sysbench cung cấp từ ch&iacute;nh Udoo, Udoo X86 Advanced sẽ mạnh hơn Raspberry Pi 3 Model B tới 10 lần.</span></span></p>\r\n\r\n<p style=\"text-align:justify\">&nbsp;</p>\r\n\r\n<p style=\"text-align:justify\"><span style=\"color:#8e44ad\"><span style=\"font-size:20px\"><img alt=\"\" id=\"img_218784\" src=\"http://genknews.genkcdn.vn/k:thumb_w/640/2016/df874e79bc9df838afaa83bb98738de0-original-1461598810451/may-tinh-kich-thuoc-bang-qua-cam-89-usd-ho-tro-hien-thi-ba-man-4k-va-manh-gap-10-lan-raspberry-pi-3.png\" /></span></span></p>\r\n\r\n<p style=\"text-align:justify\"><span style=\"color:#8e44ad\"><span style=\"font-size:20px\">M&ocirc; đun Curie với k&iacute;ch thước một l&aacute; tem n&agrave;y sẽ đem tới khả năng tương th&iacute;ch với m&ocirc;i trường lập tr&igrave;nh Arduino 101, để c&oacute; thể kết nối với những bo mạch mở rộng v&agrave; cảm biến. M&ocirc; đun n&agrave;y được kết nối với SoC Braswell qua một cổng USB nội bộ. Thiết kế n&agrave;y cho ph&eacute;p Curie c&oacute; thể hoạt động khi CPU đang tắt,&nbsp;<em>&ldquo;v&agrave; đ&aacute;nh thức n&oacute; khi c&oacute; g&igrave; đ&oacute; xảy ra,&rdquo;</em>&nbsp;tr&iacute;ch từ dự &aacute;n Udoo.</span></span></p>\r\n\r\n<p style=\"text-align:justify\"><span style=\"color:#8e44ad\"><span style=\"font-size:20px\"><iframe frameborder=\"no\" id=\"native_ad_ifr_504294_4235\" scrolling=\"no\"></iframe></span></span></p>\r\n\r\n<p style=\"text-align:justify\"><span style=\"color:#8e44ad\"><span style=\"font-size:20px\"><iframe height=\"0\" id=\"ads-place-4235\" scrolling=\"no\" src=\"javascript:if(typeof(admSspPageRg)!=\'undefined\'){admSspPageRg.draw(4235);}else{parent.admSspPageRg.draw(4235);}\" width=\"0\"></iframe></span></span></p>\r\n\r\n<p style=\"text-align:justify\"><span style=\"color:#8e44ad\"><span style=\"font-size:20px\">Dự &aacute;n Udoo cung cấp ba lựa chọn add-on l&agrave; starter kit, performance kit, v&agrave; cluster kit. Starter kit sẽ bao gồm d&acirc;y c&aacute;p, một adapter 12V, cũng như một vỏ bọc bằng acrylic, trong khi performance kit sẽ c&oacute; th&ecirc;m một SSD 32GB SATA, một m&ocirc; đun WiFi-ac/Bluetooth 4.0. Cluster kit sẽ cung cấp 4 adapter 12V, cho ph&eacute;p thiết lập những cụm m&aacute;y t&iacute;nh phục vụ t&iacute;nh to&aacute;n hiệu suất cao.</span></span></p>\r\n\r\n<p style=\"text-align:justify\">&nbsp;</p>\r\n\r\n<p style=\"text-align:justify\"><span style=\"color:#8e44ad\"><span style=\"font-size:20px\"><img alt=\"\" id=\"img_218789\" src=\"http://genknews.genkcdn.vn/k:thumb_w/640/2016/590246f7f79293a02854b1caf9256a0c-original-1461598944032-crop-1461598958008/may-tinh-kich-thuoc-bang-qua-cam-89-usd-ho-tro-hien-thi-ba-man-4k-va-manh-gap-10-lan-raspberry-pi-3.png\" /></span></span></p>\r\n\r\n<p style=\"text-align:justify\"><span style=\"color:#8e44ad\"><span style=\"font-size:20px\">C&ugrave;ng với 8GB eMMC, Udoo X86 cũng bao gồm một khe microSD cũng như SATA 3 v&agrave; M.2. Bo mạch c&oacute; hai cổng DisplayPort++ v&agrave; một cổng HDMI với CEC, sẽ cho ph&eacute;p bạn, lấy v&iacute; dụ, điều khiển m&aacute;y t&iacute;nh từ xa. Bạn cũng sẽ c&oacute; cổng S/PDIF, cũng như một jack &acirc;m thanh analog.</span></span></p>\r\n\r\n<p style=\"text-align:justify\"><span style=\"color:#8e44ad\"><span style=\"font-size:20px\">Một cổng Gigabit Ethernet cũng được trang bị nếu như bạn kh&ocirc;ng sử dụng m&ocirc; đun kh&ocirc;ng d&acirc;y, v&agrave; m&ocirc; đun Curie cũng hỗ trợ kết nối Bluetooth Low Energy. Những th&agrave;nh phần kh&aacute;c bao gồm ba cổng USB 3.0, một đầu nối GPIO 20 pin. Một pinout Arduino sẽ được điểu khiển bởi m&ocirc; đun Curie, để c&oacute; thể sử dụng với những interface bổ sung.</span></span></p>\r\n\r\n<p style=\"text-align:justify\">&nbsp;</p>\r\n\r\n<p style=\"text-align:justify\"><span style=\"color:#8e44ad\"><span style=\"font-size:20px\"><img alt=\"\" id=\"img_218792\" src=\"http://genknews.genkcdn.vn/k:thumb_w/640/2016/9fa6bfe1a70b1db257625c3fe2fa1658-original-1461599055517-crop-1461599069970/may-tinh-kich-thuoc-bang-qua-cam-89-usd-ho-tro-hien-thi-ba-man-4k-va-manh-gap-10-lan-raspberry-pi-3.png\" /></span></span></p>\r\n\r\n<p style=\"text-align:justify\"><span style=\"color:#8e44ad\"><span style=\"font-size:20px\">Cấu h&igrave;nh tổng qu&aacute;t của Udoo X86:</span></span></p>\r\n\r\n<p style=\"text-align:justify\">&nbsp;</p>\r\n\r\n<p style=\"text-align:justify\"><span style=\"color:#8e44ad\"><span style=\"font-size:20px\"><img alt=\"\" id=\"img_218793\" src=\"http://genknews.genkcdn.vn/k:thumb_w/640/2016/07848ed1d3d45c9320f556e559fab716-original-1461599514825/may-tinh-kich-thuoc-bang-qua-cam-89-usd-ho-tro-hien-thi-ba-man-4k-va-manh-gap-10-lan-raspberry-pi-3.png\" /></span></span></p>\r\n\r\n<p style=\"text-align:right\"><br />\r\n<span style=\"color:#8e44ad\"><span style=\"font-size:20px\"><em>Tổng hợp.</em></span></span></p>\r\n','2019-04-28 18:27:47.866541','2019-04-28 18:27:47.866546',1,'',5,3),(3,'Phát hành phiên bản Alice 3.5','/media/how-tos.png','Ra mắt phiên bản Alice 3.5','<p><span style=\"font-size:18px\"><span style=\"font-family:Times New Roman,Times,serif\">We are excited to announce a new release of Alice 3 version 3.5. You can download the newest version&nbsp;<a href=\"https://www.alice.org/get-alice/alice-3/\">here</a>. This release includes many performance improvements under the hood as well as some often requested features and bug fixes.</span></span></p>\r\n\r\n<p><span style=\"font-size:18px\"><span style=\"font-family:Times New Roman,Times,serif\"><strong>New Features and Feature Improvements</strong></span></span></p>\r\n\r\n<p><span style=\"font-size:18px\"><span style=\"font-family:Times New Roman,Times,serif\">&bull; One Shot list in scene editor now includes all possible procedures<br />\r\n&bull; sModel type now supports say and think (shapes can now talk!)<br />\r\n&bull; The compare list was extended to include color and paint<br />\r\n&bull; The Default number list now includes 0<br />\r\n&bull; Added set and get indexed value into procedure and function list for all array properties<br />\r\n&bull; Improved bounding box for camera to enable for collision and proximity events<br />\r\n&bull; Improved ability to open an Alice world from save file</span></span></p>\r\n\r\n<p><span style=\"font-size:18px\"><span style=\"font-family:Times New Roman,Times,serif\"><strong>Bug Fixes</strong></span></span></p>\r\n\r\n<p><span style=\"font-size:18px\"><span style=\"font-family:Times New Roman,Times,serif\">&bull; Fixed a striation of textures when objects are in close proximity&nbsp;<br />\r\n&bull; Key Events were blocking when multiple listeners used same inputs this has been resolved to insure all key events are processed<br />\r\n&bull; Fixed an issue that was causing functions with nested conditionals to return a false &ldquo;missing return value&rdquo; &nbsp;that was requiring unnecessary code to resolve.&nbsp;<br />\r\n&bull; Fixed an issue that was causing odd behavior when scaling and resizing box objects<br />\r\n&bull; Vehicle not reporting as error when correctly implemented<br />\r\n&bull; Marker buttons are now updating correctly when making a selection change<br />\r\n&bull; Fixed issue with square dune resource breaking worlds</span></span></p>\r\n\r\n<p><span style=\"font-size:18px\"><span style=\"font-family:Times New Roman,Times,serif\"><strong>Stability and Performance Improvements</strong></span></span></p>\r\n\r\n<p><span style=\"font-size:18px\"><span style=\"font-family:Times New Roman,Times,serif\">&bull; Improved code execution to continue running in more cases<br />\r\n&bull; Cleaned up several recoverable errors that resulted in angry queen and other performance issues</span></span></p>\r\n\r\n<p><span style=\"font-size:18px\"><span style=\"font-family:Times New Roman,Times,serif\"><strong>NetBeans Bug Fixes</strong></span></span></p>\r\n\r\n<p><span style=\"font-size:18px\"><span style=\"font-family:Times New Roman,Times,serif\">&bull; Fixed bugs on NetBeans project import and code generation.<br />\r\n&bull; Fixed NetBeans bugs for incorrect order of operations and processing parentheses that affected conditionals and math</span></span></p>\r\n\r\n<p><span style=\"font-size:18px\"><span style=\"font-family:Times New Roman,Times,serif\">Link Download:&nbsp;<a href=\"http://www.alice.org/get-alice/alice-3/\">Link</a></span></span></p>\r\n','2019-05-02 21:44:37.931677','2019-05-02 21:44:37.931683',1,'',6,2),(4,'Phiên bản thử nghiệm Alice 3','/media/research.png','Ra mắt phiên bản thử nghiệm Alice 3','<p><span style=\"font-size:18px\"><span style=\"font-family:Times New Roman,Times,serif\">This version of Alice 3 is our unofficial release that includes the ability to import custom models into Alice. It is important to note that if you elect to use this version that it will continue to be updated as we and the community test and improve this feature. &nbsp;Please check back often to insure you are using the newest version.</span></span></p>\r\n\r\n<p><span style=\"font-size:18px\"><span style=\"font-family:Times New Roman,Times,serif\">Current Build Number: 191</span></span></p>\r\n\r\n<p><span style=\"font-size:18px\"><span style=\"font-family:Times New Roman,Times,serif\">* Worlds built using this version and models imported using this version will not work with our current official release.&nbsp;<br />\r\n* We will do our best but we make no guarantees that future versions of this build will not break worlds or invalidate models that have already been imported.</span></span></p>\r\n\r\n<p><span style=\"font-size:18px\"><span style=\"font-family:Times New Roman,Times,serif\">How to build models that will properly import (this has been included as a google doc to support continuous updates so check back often):</span></span></p>\r\n\r\n<p><span style=\"font-size:18px\"><span style=\"font-family:Times New Roman,Times,serif\"><a href=\"https://docs.google.com/document/d/1ZkFVOPCHJGAswV2aAKF0fnMl3GJL_duzP5Sr7yeo2nE/edit?usp=sharing\" onclick=\"trackOutboundLink(\'http://www.alice.org/\'); return=\'\' false=\'\';\" rel=\"noopener\" target=\"_blank\">Import Model Requirements and Checklist</a></span></span></p>\r\n\r\n<p><span style=\"font-size:18px\"><span style=\"font-family:Times New Roman,Times,serif\">Current known issues and features being worked on:<br />\r\n&ndash; Flyer and Slitherer classes are not supported for import due to the requirement of included arrays and poses&nbsp;<br />\r\n&mdash; future development to include the ability to specify joints as built in arrays&nbsp;<br />\r\n&mdash; future development to explore the ability to import poses or include a pose building tool in Alice&nbsp;<br />\r\n&ndash; Testing and detailing import process for other modeling applications</span></span></p>\r\n\r\n<p><span style=\"font-size:18px\"><span style=\"font-family:Times New Roman,Times,serif\">If you chose to help us with testing this new feature you can give us feedback through either of these channels:<br />\r\n&ndash; we will be recieving bugs from within Alice if the Angry Queen is encountered so please submit. &nbsp;<br />\r\n&ndash; You can also use our&nbsp;<a href=\"http://www.alice.org/support/contact/\" onclick=\"trackOutboundLink(\'http://www.alice.org/\'); return=\'\' false=\'\';\" rel=\"noopener\" target=\"_blank\">contact form</a>&nbsp;to send us feedback (please select reporting a bug and the version Alice 3 Beta)</span></span></p>\r\n\r\n<p><span style=\"font-size:18px\"><span style=\"font-family:Times New Roman,Times,serif\">Link Download:&nbsp;<a href=\"http://www.alice.org/get-alice/alice-3-beta/\">Link</a></span></span></p>\r\n','2019-05-02 21:46:15.450241','2019-05-02 21:46:15.450245',1,'',6,2);
/*!40000 ALTER TABLE `news` ENABLE KEYS */;
UNLOCK TABLES;

--
-- Table structure for table `newsreply`
--

DROP TABLE IF EXISTS `newsreply`;
/*!40101 SET @saved_cs_client     = @@character_set_client */;
 SET character_set_client = utf8mb4 ;
CREATE TABLE `newsreply` (
  `NewsReplyID` int(11) NOT NULL AUTO_INCREMENT,
  `Content` longtext COLLATE utf8_unicode_ci,
  `CreateDate` datetime(6) DEFAULT NULL,
  `EditDate` datetime(6) DEFAULT NULL,
  `IsEnable` int(11) DEFAULT NULL,
  `Note` varchar(250) COLLATE utf8_unicode_ci DEFAULT NULL,
  `AccountID` int(11) DEFAULT NULL,
  `NewsID` int(11) DEFAULT NULL,
  PRIMARY KEY (`NewsReplyID`),
  KEY `newsreply_AccountID_b67a3a49_fk_account_AccountID` (`AccountID`),
  KEY `newsreply_NewsID_68ac7d29_fk_news_NewsID` (`NewsID`),
  CONSTRAINT `newsreply_AccountID_b67a3a49_fk_account_AccountID` FOREIGN KEY (`AccountID`) REFERENCES `account` (`AccountID`),
  CONSTRAINT `newsreply_NewsID_68ac7d29_fk_news_NewsID` FOREIGN KEY (`NewsID`) REFERENCES `news` (`NewsID`)
) ENGINE=InnoDB AUTO_INCREMENT=13 DEFAULT CHARSET=utf8 COLLATE=utf8_unicode_ci;
/*!40101 SET character_set_client = @saved_cs_client */;

--
-- Dumping data for table `newsreply`
--

LOCK TABLES `newsreply` WRITE;
/*!40000 ALTER TABLE `newsreply` DISABLE KEYS */;
INSERT INTO `newsreply` VALUES (2,'<p>Đ&atilde; tải v&agrave; c&agrave;i đặt th&agrave;nh c&ocirc;ng phi&ecirc;n bản thử nghiệm!</p>\n','2019-05-08 20:56:32.792873','2019-05-08 20:56:32.792881',1,'',40,4),(3,'<p>B&agrave;i viết rất hay!</p>\n','2019-05-08 20:56:47.351268','2019-05-08 20:56:47.351277',1,'',40,1),(4,'<p>B&agrave;i viết rất hay!</p>\n','2019-05-08 20:57:06.479586','2019-05-08 20:57:06.479595',1,'',40,2),(5,'<p>Đ&atilde; tải v&agrave; c&agrave;i đặt th&agrave;nh c&ocirc;ng!</p>\n','2019-05-08 20:57:56.742093','2019-05-08 20:57:56.742101',1,'',40,3),(6,'<p>B&agrave;i viết hay!</p>\n','2019-05-08 21:06:41.091678','2019-05-08 21:06:41.091686',1,'',41,2),(7,'<p>Th&ocirc;ng tin rất hữu &iacute;ch!</p>\n','2019-05-08 21:06:58.349183','2019-05-08 21:06:58.349192',1,'',41,4),(8,'<p>Th&ocirc;ng tin rất hữu &iacute;ch!</p>\n','2019-05-08 21:07:14.431833','2019-05-08 21:07:14.431841',1,'',41,3),(9,'<p>Th&ocirc;ng tin rất c&oacute; &iacute;ch!</p>\n','2019-05-08 21:15:45.465264','2019-05-08 21:15:45.465270',1,'',42,4),(10,'<p>Th&ocirc;ng tin rất c&oacute; &iacute;ch!</p>\n','2019-05-08 21:16:06.208091','2019-05-08 21:16:06.208097',1,'',42,3),(11,'<p>B&agrave;i viết hay v&agrave; th&uacute; vị!</p>\n','2019-05-08 21:16:22.920028','2019-05-08 21:16:22.920033',1,'',42,2),(12,'<p>B&agrave;i viết hay v&agrave; th&uacute; vị!</p>\n','2019-05-08 21:16:37.090429','2019-05-08 21:16:37.090436',1,'',42,1);
/*!40000 ALTER TABLE `newsreply` ENABLE KEYS */;
UNLOCK TABLES;

--
-- Table structure for table `online`
--

DROP TABLE IF EXISTS `online`;
/*!40101 SET @saved_cs_client     = @@character_set_client */;
 SET character_set_client = utf8mb4 ;
CREATE TABLE `online` (
  `OnlineID` int(11) NOT NULL AUTO_INCREMENT,
  `Isonline` int(11) DEFAULT NULL,
  `AccountID` int(11) DEFAULT NULL,
  PRIMARY KEY (`OnlineID`),
  KEY `online_AccountID_94a239e2_fk_account_AccountID` (`AccountID`),
  CONSTRAINT `online_AccountID_94a239e2_fk_account_AccountID` FOREIGN KEY (`AccountID`) REFERENCES `account` (`AccountID`)
) ENGINE=InnoDB DEFAULT CHARSET=utf8 COLLATE=utf8_unicode_ci;
/*!40101 SET character_set_client = @saved_cs_client */;

--
-- Dumping data for table `online`
--

LOCK TABLES `online` WRITE;
/*!40000 ALTER TABLE `online` DISABLE KEYS */;
/*!40000 ALTER TABLE `online` ENABLE KEYS */;
UNLOCK TABLES;

--
-- Table structure for table `projectshare`
--

DROP TABLE IF EXISTS `projectshare`;
/*!40101 SET @saved_cs_client     = @@character_set_client */;
 SET character_set_client = utf8mb4 ;
CREATE TABLE `projectshare` (
  `ProjectShareTopicID` int(11) NOT NULL AUTO_INCREMENT,
  `ProjectShareTopicName` varchar(250) COLLATE utf8_unicode_ci DEFAULT NULL,
  `Description` varchar(250) COLLATE utf8_unicode_ci DEFAULT NULL,
  `Content` longtext COLLATE utf8_unicode_ci,
  `Avatar` varchar(250) COLLATE utf8_unicode_ci DEFAULT NULL,
  `CreateDate` datetime(6) DEFAULT NULL,
  `EditDate` datetime(6) DEFAULT NULL,
  `ViewCount` int(11) DEFAULT NULL,
  `LikeCount` int(11) DEFAULT NULL,
  `Link` varchar(250) COLLATE utf8_unicode_ci DEFAULT NULL,
  `IsEnable` int(11) DEFAULT NULL,
  `Note` varchar(250) COLLATE utf8_unicode_ci DEFAULT NULL,
  `AccountID` int(11) DEFAULT NULL,
  `EnviromentCateID` int(11) DEFAULT NULL,
  PRIMARY KEY (`ProjectShareTopicID`),
  KEY `projectshare_AccountID_4e65df9e_fk_account_AccountID` (`AccountID`),
  KEY `projectshare_EnviromentCateID_f5b8bcec_fk_enviromen` (`EnviromentCateID`),
  CONSTRAINT `projectshare_AccountID_4e65df9e_fk_account_AccountID` FOREIGN KEY (`AccountID`) REFERENCES `account` (`AccountID`),
  CONSTRAINT `projectshare_EnviromentCateID_f5b8bcec_fk_enviromen` FOREIGN KEY (`EnviromentCateID`) REFERENCES `enviromentcate` (`EnviromentCateID`)
) ENGINE=InnoDB AUTO_INCREMENT=9 DEFAULT CHARSET=utf8 COLLATE=utf8_unicode_ci;
/*!40101 SET character_set_client = @saved_cs_client */;

--
-- Dumping data for table `projectshare`
--

LOCK TABLES `projectshare` WRITE;
/*!40000 ALTER TABLE `projectshare` DISABLE KEYS */;
INSERT INTO `projectshare` VALUES (1,'ĐÈN LED MA THUẬT','Dùng  Arduino để điều khiển đèn Led sáng- tắt là một điều khá đơn giản. VẬn dụng nó, chúng ta có thể tạo ra những thứ tuyệt vời như mô phỏng đèn tín hiệu giao thông chẳng hạn!','<p style=\"margin-left:0cm; margin-right:0cm; text-align:center\"><span style=\"font-size:11pt\"><span style=\"font-family:Calibri,sans-serif\"><strong><span style=\"font-size:24.0pt\"><span style=\"font-family:&quot;Times New Roman&quot;,serif\"><span style=\"color:red\">L&Agrave;M M&Ocirc; H&Igrave;NH Đ&Egrave;N T&Iacute;N HIỆU ĐƠN GIẢN VỚI ATTINY13</span></span></span></strong></span></span></p>\r\n\r\n<div style=\"border-bottom:solid #1ba1e2 1.5pt; padding:0cm 0cm 0cm 0cm\">\r\n<p style=\"margin-left:0cm; margin-right:0cm; text-align:center\"><img alt=\"\" src=\"/media/2019/04/28/b2cc17f677d0c8e8f51e06f206e3624b.jpg\" style=\"height:515px; width:650px\" /></p>\r\n</div>\r\n\r\n<p style=\"margin-left:0cm; margin-right:0cm; text-align:justify\"><span style=\"font-size:11pt\"><span style=\"font-family:Calibri,sans-serif\">&nbsp;<strong><span style=\"font-size:18.0pt\"><span style=\"font-family:&quot;Times New Roman&quot;,serif\"><span style=\"color:darkorange\">Giới thiệu</span></span></span></strong></span></span></p>\r\n\r\n<p style=\"margin-left:0cm; margin-right:0cm; text-align:justify\"><span style=\"color:#8e44ad\"><span style=\"font-size:11pt\"><span style=\"font-family:Calibri,sans-serif\"><span style=\"font-size:13.0pt\"><span style=\"font-family:&quot;Times New Roman&quot;,serif\">S&aacute;ng sớm n&agrave;o đi ra ng&otilde; phố, điều đầu ti&ecirc;n c&aacute;c bạn chạm tr&aacute;ng ch&iacute;nh l&agrave; d&ograve;ng người qua lại tấp nập. Với d&ograve;ng người v&agrave; phương tiện đ&ocirc;ng đ&uacute;c như thế th&igrave; sẽ thật sự hỗn loạn nếu bất kỳ ai cũng c&oacute; thể di chuyển theo &yacute; muốn của m&igrave;nh. Cần thiết phải c&oacute; 1 c&ocirc;ng cụ hỗ trợ cho c&aacute;c chủ c&ocirc;ng an giao th&ocirc;ng trong việc điều hướng người đi lại, ch&iacute;nh v&igrave; lẽ đ&oacute; m&agrave; Đ&egrave;n giao th&ocirc;ng ra đời. </span></span></span></span></span></p>\r\n\r\n<p style=\"margin-left:0cm; margin-right:0cm; text-align:justify\"><span style=\"color:#8e44ad\"><span style=\"font-size:11pt\"><span style=\"font-family:Calibri,sans-serif\"><span style=\"font-size:13.0pt\"><span style=\"font-family:&quot;Times New Roman&quot;,serif\">Đ&egrave;n giao th&ocirc;ng đ&atilde; qu&aacute; quen thuộc với c&aacute;c bạn phải kh&ocirc;ng n&agrave;o. Với những &aacute;nh đ&egrave;n đầy m&agrave;u sắc n&agrave;y, bạn c&oacute; tạo th&agrave;nh một cột đ&egrave;n giao th&ocirc;ng cực k&igrave; đơn giản cho sa b&agrave;n của bạn. H&ocirc;m nay, ch&uacute;ng ta sẽ d&agrave;nh ra khoảng 20 ph&uacute;t để l&agrave;m mạch đ&egrave;n đầy s&aacute;ng tạo n&agrave;y nh&eacute;. Qua b&agrave;i viết n&agrave;y, hi vọng bạn sẽ học c&aacute;ch sử dụng <strong>ATTiny13</strong> để lập tr&igrave;nh những ứng dụng y&ecirc;u cầu k&iacute;ch thước b&eacute; nh&eacute;.</span></span></span></span></span></p>\r\n\r\n<p style=\"margin-left:0cm; margin-right:0cm\"><span style=\"font-size:11pt\"><span style=\"font-family:Calibri,sans-serif\"><strong><span style=\"font-size:18.0pt\"><span style=\"font-family:&quot;Times New Roman&quot;,serif\"><span style=\"color:darkorange\">Kiến thức cần biết</span></span></span></strong></span></span></p>\r\n\r\n<ol>\r\n	<li><span style=\"font-size:11pt\"><span style=\"font-family:Calibri,sans-serif\"><a href=\"http://arduino.vn/bai-viet/169-bai-2-attiny13-tro-thu-dac-luc-cua-arduino-lap-trinh-no\"><span style=\"font-size:13.0pt\"><span style=\"font-family:&quot;Times New Roman&quot;,serif\"><span style=\"color:#2086bf\">Lập tr&igrave;nh vi điều khiển ATTiny13 bằng Arduino</span></span></span></a></span></span></li>\r\n</ol>\r\n\r\n<p style=\"margin-left:0cm; margin-right:0cm\"><span style=\"font-size:11pt\"><span style=\"font-family:Calibri,sans-serif\"><strong><span style=\"font-size:18.0pt\"><span style=\"font-family:&quot;Times New Roman&quot;,serif\"><span style=\"color:darkorange\">Phần cứng</span></span></span></strong></span></span></p>\r\n\r\n<ul>\r\n	<li><span style=\"font-size:11pt\"><span style=\"color:#262626\"><span style=\"font-family:Calibri,sans-serif\"><a href=\"http://arduino.vn/bai-viet/42-arduino-uno-r3\" target=\"_blank\"><span style=\"font-size:10.0pt\"><span style=\"background-color:#1ba1e2\"><span style=\"font-family:&quot;Times New Roman&quot;,serif\"><span style=\"color:white\">Arduino Uno</span></span></span></span></a></span></span></span></li>\r\n	<li><span style=\"font-size:11pt\"><span style=\"color:#262626\"><span style=\"font-family:Calibri,sans-serif\"><a href=\"http://k1.arduino.vn/img/2014/05/28/0/517_1231-1401211379-0--breadboard.jpg\" target=\"_blank\"><span style=\"font-size:10.0pt\"><span style=\"background-color:#1ba1e2\"><span style=\"font-family:&quot;Times New Roman&quot;,serif\"><span style=\"color:white\">Breadboard</span></span></span></span></a></span></span></span></li>\r\n	<li><span style=\"font-size:11pt\"><span style=\"color:#262626\"><span style=\"font-family:Calibri,sans-serif\"><a href=\"http://machtudong.vn/image/cache/data/dung-cu-khac/cap/breadboard-cable-65-500x500.jpg\" target=\"_blank\"><span style=\"font-size:10.0pt\"><span style=\"background-color:#1ba1e2\"><span style=\"font-family:&quot;Times New Roman&quot;,serif\"><span style=\"color:white\">D&acirc;y cắm breadboard</span></span></span></span></a></span></span></span></li>\r\n	<li><span style=\"font-size:11pt\"><span style=\"color:#262626\"><span style=\"font-family:Calibri,sans-serif\"><span style=\"font-size:13.0pt\"><span style=\"font-family:&quot;Times New Roman&quot;,serif\">3 điện trở&nbsp;</span></span><a href=\"http://k2.arduino.vn/img/2014/05/27/0/481_8821-1401207510-0-resistor560ohm.jpg\" target=\"_blank\"><span style=\"font-size:10.0pt\"><span style=\"background-color:#1ba1e2\"><span style=\"font-family:&quot;Times New Roman&quot;,serif\"><span style=\"color:white\">560 Ohm</span></span></span></span></a><span style=\"font-size:13.0pt\"><span style=\"font-family:&quot;Times New Roman&quot;,serif\">&nbsp;(hoặc&nbsp;</span></span><a href=\"http://k2.arduino.vn/img/2014/05/27/0/482_8821-1401207697-0-220-ohms-5-axial-resistor.500x333.jpg\" target=\"_blank\"><span style=\"font-size:10.0pt\"><span style=\"background-color:#1ba1e2\"><span style=\"font-family:&quot;Times New Roman&quot;,serif\"><span style=\"color:white\">220 Ohm</span></span></span></span></a><span style=\"font-size:13.0pt\"><span style=\"font-family:&quot;Times New Roman&quot;,serif\">&nbsp;hoặc&nbsp;</span></span><a href=\"http://k3.arduino.vn/img/2014/05/27/0/484_8121-1401207819-0-1-kiloohm-5-axial-resistor.750x500.jpg\" target=\"_blank\"><span style=\"font-size:10.0pt\"><span style=\"background-color:#1ba1e2\"><span style=\"font-family:&quot;Times New Roman&quot;,serif\"><span style=\"color:white\">1kOhm</span></span></span></span></a><span style=\"font-size:13.0pt\"><span style=\"font-family:&quot;Times New Roman&quot;,serif\">)</span></span></span></span></span></li>\r\n	<li><span style=\"font-size:11pt\"><span style=\"color:#262626\"><span style=\"font-family:Calibri,sans-serif\"><span style=\"font-size:13.0pt\"><span style=\"font-family:&quot;Times New Roman&quot;,serif\">3 đ&egrave;n LED m&agrave;u (</span></span><a href=\"http://k3.arduino.vn/img/2014/08/19/0/722_8121-1408450755-0-led-red.jpg\"><span style=\"font-size:13.0pt\"><span style=\"font-family:&quot;Times New Roman&quot;,serif\"><span style=\"color:#2086bf\">đỏ</span></span></span></a><span style=\"font-size:13.0pt\"><span style=\"font-family:&quot;Times New Roman&quot;,serif\">,&nbsp;</span></span><a href=\"http://k2.arduino.vn/img/2014/08/19/0/728_8821-1408450840-0-5mm-yellow-led.jpg\" target=\"_blank\"><span style=\"font-size:10.0pt\"><span style=\"background-color:#1ba1e2\"><span style=\"font-family:&quot;Times New Roman&quot;,serif\"><span style=\"color:white\">v&agrave;ng</span></span></span></span></a><span style=\"font-size:13.0pt\"><span style=\"font-family:&quot;Times New Roman&quot;,serif\">,&nbsp;</span></span><a href=\"http://k3.arduino.vn/img/2014/08/19/0/723_8121-1408450884-0-led-5mm-green-460x460.png\" target=\"_blank\"><span style=\"font-size:10.0pt\"><span style=\"background-color:#1ba1e2\"><span style=\"font-family:&quot;Times New Roman&quot;,serif\"><span style=\"color:white\">xanh</span></span></span></span></a><span style=\"font-size:13.0pt\"><span style=\"font-family:&quot;Times New Roman&quot;,serif\">)</span></span></span></span></span></li>\r\n	<li><span style=\"font-size:11pt\"><span style=\"color:#262626\"><span style=\"font-family:Calibri,sans-serif\"><span style=\"font-size:13.0pt\"><span style=\"font-family:&quot;Times New Roman&quot;,serif\">1&nbsp;</span></span><a href=\"http://k1.arduino.vn/img/2014/06/14/0/604_12320-1402728667-0-attiny13.jpg\" target=\"_blank\"><span style=\"font-size:10.0pt\"><span style=\"background-color:#1ba1e2\"><span style=\"font-family:&quot;Times New Roman&quot;,serif\"><span style=\"color:white\">ATTiny13</span></span></span></span></a></span></span></span></li>\r\n</ul>\r\n\r\n<p style=\"margin-left:0cm; margin-right:0cm\"><span style=\"font-size:11pt\"><span style=\"font-family:Calibri,sans-serif\"><strong><span style=\"font-size:18.0pt\"><span style=\"font-family:&quot;Times New Roman&quot;,serif\"><span style=\"color:darkorange\">Lắp mạch</span></span></span></strong></span></span></p>\r\n\r\n<p style=\"text-align:center\"><img src=\"/media/2019/04/28/image.png\" style=\"height:585px; width:350px\" /></p>\r\n\r\n<p style=\"margin-left:0cm; margin-right:0cm\"><span style=\"font-size:11pt\"><span style=\"font-family:Calibri,sans-serif\"><strong><span style=\"font-size:18.0pt\"><span style=\"font-family:&quot;Times New Roman&quot;,serif\"><span style=\"color:darkorange\">Lập tr&igrave;nh v&agrave; giải th&iacute;ch</span></span></span></strong></span></span></p>\r\n\r\n<p style=\"margin-left:0cm; margin-right:0cm; text-align:justify\"><span style=\"font-size:11pt\"><span style=\"font-family:Calibri,sans-serif\"><span style=\"color:#8e44ad\"><span style=\"font-size:13.0pt\"><span style=\"font-family:&quot;Times New Roman&quot;,serif\">Mục đ&iacute;ch của b&agrave;i n&agrave;y l&agrave; gi&uacute;p c&aacute;c bạn thực h&agrave;nh với vi điều khiển ATTiny13, v&igrave; vậy phần lập tr&igrave;nh v&ocirc; c&ugrave;ng đơn giản, v&agrave; chỉ bao gồm c&aacute;c h&agrave;m&nbsp;</span></span></span><a href=\"http://arduino.vn/reference/pinmode\" target=\"_blank\"><span style=\"color:#8e44ad\"><span style=\"font-size:10.0pt\"><span style=\"background-color:#1ba1e2\"><span style=\"font-family:&quot;Times New Roman&quot;,serif\">pinMode</span></span></span></span></a><span style=\"color:#8e44ad\"><span style=\"font-size:13.0pt\"><span style=\"font-family:&quot;Times New Roman&quot;,serif\">,&nbsp;</span></span></span><a href=\"http://arduino.vn/reference/delay\" target=\"_blank\"><span style=\"color:#8e44ad\"><span style=\"font-size:10.0pt\"><span style=\"background-color:#1ba1e2\"><span style=\"font-family:&quot;Times New Roman&quot;,serif\">delay</span></span></span></span></a><span style=\"color:#8e44ad\"><span style=\"font-size:13.0pt\"><span style=\"font-family:&quot;Times New Roman&quot;,serif\">&nbsp;v&agrave;&nbsp;</span></span></span><a href=\"http://arduino.vn/reference/digitalwrite\" target=\"_blank\"><span style=\"color:#8e44ad\"><span style=\"font-size:10.0pt\"><span style=\"background-color:#1ba1e2\"><span style=\"font-family:&quot;Times New Roman&quot;,serif\">digitalWrite</span></span></span></span></a><span style=\"color:#8e44ad\"><span style=\"font-size:13.0pt\"><span style=\"font-family:&quot;Times New Roman&quot;,serif\">! </span></span></span></span></span></p>\r\n\r\n<p style=\"margin-left:0cm; margin-right:0cm\"><span style=\"font-size:11pt\"><span style=\"font-family:Calibri,sans-serif\"><span style=\"font-size:11.5pt\"><span style=\"font-family:&quot;Courier New&quot;\">int greenled = 0;</span></span></span></span></p>\r\n\r\n<p style=\"margin-left:0cm; margin-right:0cm\"><span style=\"font-size:11pt\"><span style=\"font-family:Calibri,sans-serif\"><span style=\"font-size:11.5pt\"><span style=\"font-family:&quot;Courier New&quot;\">int yellowled = 1;</span></span></span></span></p>\r\n\r\n<p style=\"margin-left:0cm; margin-right:0cm\"><span style=\"font-size:11pt\"><span style=\"font-family:Calibri,sans-serif\"><span style=\"font-size:11.5pt\"><span style=\"font-family:&quot;Courier New&quot;\">int redled = 4;</span></span></span></span></p>\r\n\r\n<p style=\"margin-left:0cm; margin-right:0cm\">&nbsp;</p>\r\n\r\n<p style=\"margin-left:0cm; margin-right:0cm\"><span style=\"font-size:11pt\"><span style=\"font-family:Calibri,sans-serif\"><span style=\"font-size:11.5pt\"><span style=\"font-family:&quot;Courier New&quot;\">void setup()</span></span></span></span></p>\r\n\r\n<p style=\"margin-left:0cm; margin-right:0cm\"><span style=\"font-size:11pt\"><span style=\"font-family:Calibri,sans-serif\"><span style=\"font-size:11.5pt\"><span style=\"font-family:&quot;Courier New&quot;\">{</span></span></span></span></p>\r\n\r\n<p style=\"margin-left:0cm; margin-right:0cm\"><span style=\"font-size:11pt\"><span style=\"font-family:Calibri,sans-serif\"><span style=\"font-size:11.5pt\"><span style=\"font-family:&quot;Courier New&quot;\">&nbsp; //pinMode c&aacute;c đ&egrave;n led</span></span></span></span></p>\r\n\r\n<p style=\"margin-left:0cm; margin-right:0cm\"><span style=\"font-size:11pt\"><span style=\"font-family:Calibri,sans-serif\">&nbsp; </span></span></p>\r\n\r\n<p style=\"margin-left:0cm; margin-right:0cm\"><span style=\"font-size:11pt\"><span style=\"font-family:Calibri,sans-serif\"><span style=\"font-size:11.5pt\"><span style=\"font-family:&quot;Courier New&quot;\">&nbsp; pinMode(greenled, OUTPUT);</span></span></span></span></p>\r\n\r\n<p style=\"margin-left:0cm; margin-right:0cm\"><span style=\"font-size:11pt\"><span style=\"font-family:Calibri,sans-serif\"><span style=\"font-size:11.5pt\"><span style=\"font-family:&quot;Courier New&quot;\">&nbsp; pinMode(yellowled, OUTPUT);</span></span></span></span></p>\r\n\r\n<p style=\"margin-left:0cm; margin-right:0cm\"><span style=\"font-size:11pt\"><span style=\"font-family:Calibri,sans-serif\"><span style=\"font-size:11.5pt\"><span style=\"font-family:&quot;Courier New&quot;\">&nbsp; pinMode(redled, OUTPUT);</span></span></span></span></p>\r\n\r\n<p style=\"margin-left:0cm; margin-right:0cm\"><span style=\"font-size:11pt\"><span style=\"font-family:Calibri,sans-serif\"><span style=\"font-size:11.5pt\"><span style=\"font-family:&quot;Courier New&quot;\">&nbsp; // c&agrave;i đặt timer</span></span></span></span></p>\r\n\r\n<p style=\"margin-left:0cm; margin-right:0cm\"><span style=\"font-size:11pt\"><span style=\"font-family:Calibri,sans-serif\"><span style=\"font-size:11.5pt\"><span style=\"font-family:&quot;Courier New&quot;\">&nbsp; TCCR0B |=&nbsp; _BV(CS02)&nbsp; ; </span></span></span></span></p>\r\n\r\n<p style=\"margin-left:0cm; margin-right:0cm\"><span style=\"font-size:11pt\"><span style=\"font-family:Calibri,sans-serif\"><span style=\"font-size:11.5pt\"><span style=\"font-family:&quot;Courier New&quot;\">}</span></span></span></span></p>\r\n\r\n<p style=\"margin-left:0cm; margin-right:0cm\">&nbsp;</p>\r\n\r\n<p style=\"margin-left:0cm; margin-right:0cm\"><span style=\"font-size:11pt\"><span style=\"font-family:Calibri,sans-serif\"><span style=\"font-size:11.5pt\"><span style=\"font-family:&quot;Courier New&quot;\">void _delay(word time = 1) { // X&acirc;y dựng lại h&agrave;m delay</span></span></span></span></p>\r\n\r\n<p style=\"margin-left:0cm; margin-right:0cm\"><span style=\"font-size:11pt\"><span style=\"font-family:Calibri,sans-serif\"><span style=\"font-size:11.5pt\"><span style=\"font-family:&quot;Courier New&quot;\">&nbsp; for (word i = 1; i&lt;=time;i++) {</span></span></span></span></p>\r\n\r\n<p style=\"margin-left:0cm; margin-right:0cm\"><span style=\"font-size:11pt\"><span style=\"font-family:Calibri,sans-serif\"><span style=\"font-size:11.5pt\"><span style=\"font-family:&quot;Courier New&quot;\">&nbsp;&nbsp;&nbsp; delayMicroseconds(150);</span></span></span></span></p>\r\n\r\n<p style=\"margin-left:0cm; margin-right:0cm\"><span style=\"font-size:11pt\"><span style=\"font-family:Calibri,sans-serif\"><span style=\"font-size:11.5pt\"><span style=\"font-family:&quot;Courier New&quot;\">&nbsp; }</span></span></span></span></p>\r\n\r\n<p style=\"margin-left:0cm; margin-right:0cm\"><span style=\"font-size:11pt\"><span style=\"font-family:Calibri,sans-serif\"><span style=\"font-size:11.5pt\"><span style=\"font-family:&quot;Courier New&quot;\">}</span></span></span></span></p>\r\n\r\n<p style=\"margin-left:0cm; margin-right:0cm\">&nbsp;</p>\r\n\r\n<p style=\"margin-left:0cm; margin-right:0cm\"><span style=\"font-size:11pt\"><span style=\"font-family:Calibri,sans-serif\"><span style=\"font-size:11.5pt\"><span style=\"font-family:&quot;Courier New&quot;\">void loop()</span></span></span></span></p>\r\n\r\n<p style=\"margin-left:0cm; margin-right:0cm\"><span style=\"font-size:11pt\"><span style=\"font-family:Calibri,sans-serif\"><span style=\"font-size:11.5pt\"><span style=\"font-family:&quot;Courier New&quot;\">{</span></span></span></span></p>\r\n\r\n<p style=\"margin-left:0cm; margin-right:0cm\"><span style=\"font-size:11pt\"><span style=\"font-family:Calibri,sans-serif\"><span style=\"font-size:11.5pt\"><span style=\"font-family:&quot;Courier New&quot;\">&nbsp; digitalWrite(greenled, HIGH); //Bật đ&egrave;n xanh trong 5 gi&acirc;y</span></span></span></span></p>\r\n\r\n<p style=\"margin-left:0cm; margin-right:0cm\"><span style=\"font-size:11pt\"><span style=\"font-family:Calibri,sans-serif\"><span style=\"font-size:11.5pt\"><span style=\"font-family:&quot;Courier New&quot;\">&nbsp; _delay(5000);</span></span></span></span></p>\r\n\r\n<p style=\"margin-left:0cm; margin-right:0cm\"><span style=\"font-size:11pt\"><span style=\"font-family:Calibri,sans-serif\"><span style=\"font-size:11.5pt\"><span style=\"font-family:&quot;Courier New&quot;\">&nbsp; digitalWrite(greenled, LOW); //Tắt đ&egrave;n xanh, bật đ&egrave;n v&agrave;ng trong 1 gi&acirc;y</span></span></span></span></p>\r\n\r\n<p style=\"margin-left:0cm; margin-right:0cm\"><span style=\"font-size:11pt\"><span style=\"font-family:Calibri,sans-serif\"><span style=\"font-size:11.5pt\"><span style=\"font-family:&quot;Courier New&quot;\">&nbsp; digitalWrite(yellowled, HIGH);</span></span></span></span></p>\r\n\r\n<p style=\"margin-left:0cm; margin-right:0cm\"><span style=\"font-size:11pt\"><span style=\"font-family:Calibri,sans-serif\"><span style=\"font-size:11.5pt\"><span style=\"font-family:&quot;Courier New&quot;\">&nbsp; _delay(1000);</span></span></span></span></p>\r\n\r\n<p style=\"margin-left:0cm; margin-right:0cm\"><span style=\"font-size:11pt\"><span style=\"font-family:Calibri,sans-serif\"><span style=\"font-size:11.5pt\"><span style=\"font-family:&quot;Courier New&quot;\">&nbsp; digitalWrite(yellowled, LOW); //tắt đ&egrave;n v&agrave;ng bật đ&egrave;n đỏ trong 5 gi&acirc;y</span></span></span></span></p>\r\n\r\n<p style=\"margin-left:0cm; margin-right:0cm\"><span style=\"font-size:11pt\"><span style=\"font-family:Calibri,sans-serif\"><span style=\"font-size:11.5pt\"><span style=\"font-family:&quot;Courier New&quot;\">&nbsp; digitalWrite(redled, HIGH);</span></span></span></span></p>\r\n\r\n<p style=\"margin-left:0cm; margin-right:0cm\"><span style=\"font-size:11pt\"><span style=\"font-family:Calibri,sans-serif\"><span style=\"font-size:11.5pt\"><span style=\"font-family:&quot;Courier New&quot;\">&nbsp; _delay(5000);</span></span></span></span></p>\r\n\r\n<p style=\"margin-left:0cm; margin-right:0cm\"><span style=\"font-size:11pt\"><span style=\"font-family:Calibri,sans-serif\"><span style=\"font-size:11.5pt\"><span style=\"font-family:&quot;Courier New&quot;\">&nbsp; digitalWrite(redled,LOW);//Tắt đ&egrave;n đỏ</span></span></span></span></p>\r\n\r\n<p style=\"margin-left:0cm; margin-right:0cm\"><span style=\"font-size:11pt\"><span style=\"font-family:Calibri,sans-serif\"><span style=\"font-size:11.5pt\"><span style=\"font-family:&quot;Courier New&quot;\">}</span></span></span></span></p>\r\n\r\n<p style=\"margin-left:0cm; margin-right:0cm\"><span style=\"color:#8e44ad\"><span style=\"font-size:11pt\"><span style=\"font-family:Calibri,sans-serif\"><span style=\"font-size:13.0pt\"><span style=\"font-family:&quot;Times New Roman&quot;,serif\">Khi bạn &quot;l&ecirc;n mạch&quot; th&igrave; n&oacute; đơn giản như thế n&agrave;y n&egrave; :D</span></span></span></span></span></p>\r\n\r\n<p style=\"margin-left:0cm; margin-right:0cm; text-align:center\"><img src=\"/media/2019/04/28/image_jiq3ePp.png\" style=\"height:270px; width:624px\" /><span style=\"font-size:11pt\"><span style=\"font-family:Calibri,sans-serif\">&nbsp;</span></span></p>\r\n\r\n<p style=\"margin-left:0cm; margin-right:0cm; text-align:justify\"><span style=\"font-size:11pt\"><span style=\"font-family:Calibri,sans-serif\"><strong><span style=\"font-size:18.0pt\"><span style=\"font-family:&quot;Times New Roman&quot;,serif\"><span style=\"color:darkorange\">Kết luận</span></span></span></strong></span></span></p>\r\n\r\n<p style=\"margin-left:0cm; margin-right:0cm; text-align:justify\"><span style=\"color:#8e44ad\"><span style=\"font-size:11pt\"><span style=\"font-family:Calibri,sans-serif\"><span style=\"font-size:13.0pt\"><span style=\"font-family:&quot;Times New Roman&quot;,serif\">Con m&egrave;o n&oacute; k&ecirc;u meo meo, đ&oacute; l&agrave; điều hiển nhi&ecirc;n phải kh&ocirc;ng n&agrave;o? V&igrave; vậy chuyện thất bại ở những lần đầu thực h&agrave;nh l&agrave; điều kh&ocirc;ng thể tr&aacute;nh được. Đừng lo lắng, bạn đ&atilde; c&oacute; mục ti&ecirc;u, việc cần l&agrave;m b&acirc;y giờ l&agrave; theo đuổi mục ti&ecirc;u n&agrave;y&hellip; c&oacute; cố gắng l&agrave; l&agrave;m được ngay th&ocirc;i, hi vọng qua b&agrave;i viết n&agrave;y, bạn sẽ c&agrave;ng ho&agrave;n thiện c&aacute;c kĩ năng của m&igrave;nh v&agrave; ho&agrave;n thiện c&aacute;c dự &aacute;n t&aacute;o bạo hơn!</span></span></span></span></span></p>\r\n\r\n<p style=\"margin-left:0cm; margin-right:0cm\"><span style=\"font-size:11pt\"><span style=\"font-family:Calibri,sans-serif\">&nbsp;&nbsp;&nbsp;&nbsp;&nbsp;&nbsp;&nbsp;&nbsp;&nbsp;&nbsp;&nbsp;&nbsp;&nbsp;&nbsp;&nbsp;&nbsp;&nbsp;&nbsp;&nbsp;&nbsp;&nbsp;&nbsp;&nbsp;&nbsp;&nbsp;&nbsp;&nbsp;&nbsp;&nbsp;&nbsp;&nbsp;&nbsp;&nbsp;&nbsp;&nbsp;&nbsp;&nbsp;&nbsp;&nbsp;&nbsp;&nbsp;&nbsp;&nbsp;&nbsp;&nbsp;&nbsp;&nbsp;&nbsp;&nbsp;&nbsp;&nbsp;&nbsp;&nbsp;&nbsp;&nbsp;&nbsp;&nbsp;&nbsp;&nbsp;&nbsp;&nbsp;&nbsp;&nbsp;&nbsp;&nbsp;&nbsp;&nbsp;&nbsp;&nbsp;&nbsp;&nbsp;&nbsp;&nbsp;&nbsp;&nbsp;&nbsp;&nbsp;&nbsp;&nbsp;&nbsp;&nbsp;&nbsp;&nbsp;&nbsp;&nbsp;&nbsp;&nbsp;&nbsp;&nbsp;&nbsp;&nbsp;&nbsp;&nbsp;&nbsp;&nbsp;&nbsp;&nbsp;&nbsp;&nbsp;&nbsp;&nbsp;&nbsp;&nbsp;&nbsp;&nbsp;&nbsp;&nbsp;&nbsp;&nbsp;&nbsp;&nbsp;&nbsp;&nbsp;&nbsp;&nbsp;&nbsp;&nbsp;&nbsp;&nbsp;&nbsp;&nbsp;&nbsp;&nbsp;&nbsp;&nbsp;&nbsp;&nbsp;&nbsp;&nbsp;&nbsp;&nbsp;&nbsp;&nbsp;&nbsp;&nbsp;&nbsp;&nbsp;&nbsp;&nbsp;&nbsp;&nbsp;&nbsp;&nbsp;&nbsp;&nbsp;&nbsp;&nbsp;&nbsp;&nbsp;&nbsp;&nbsp;&nbsp;&nbsp;&nbsp;&nbsp;&nbsp;&nbsp;&nbsp;<span style=\"color:#e74c3c\">&nbsp; Tham khảo Arduino.vn</span></span></span></p>\r\n','/media/psd-hand-drawn-traffic-icon-traffic-lights-heypik-6JU45XV.jpg','2019-04-28 17:10:57.800768','2019-04-28 17:10:57.800773',17,0,'',1,'',5,3),(2,'NHIỆT KẾ THỜI 4.0','Với dự án \" Nhiệt kế thời 4.0\" chúng ta có thể tạo ra cho mình một thiết bị kiểm tra nhiệt độ phòng và hiển thị nó ra màn hình LCD. ','<p style=\"margin-left:0cm; margin-right:0cm; text-align:center\"><span style=\"font-size:48px\"><span style=\"font-family:Calibri,sans-serif\"><strong><span style=\"font-family:&quot;Times New Roman&quot;,serif\"><span style=\"color:red\">ĐỌC NHIỆT ĐỘ - ĐỘ ẨM V&Agrave; XUẤT RA M&Agrave;N H&Igrave;NH LCD</span></span></strong></span></span></p>\r\n\r\n<div style=\"border-bottom:solid #1ba1e2 1.5pt; padding:0cm 0cm 0cm 0cm\">\r\n<p style=\"margin-left:0cm; margin-right:0cm; text-align:justify\">&nbsp;</p>\r\n</div>\r\n\r\n<p style=\"margin-left:0cm; margin-right:0cm; text-align:justify\"><span style=\"font-size:11pt\"><span style=\"font-family:Calibri,sans-serif\"><strong><span style=\"font-size:18.0pt\"><span style=\"font-family:&quot;Times New Roman&quot;,serif\"><span style=\"color:darkorange\">1. Giới thiệu</span></span></span></strong></span></span></p>\r\n\r\n<p style=\"margin-left:0cm; margin-right:0cm; text-align:justify\"><em><span style=\"color:#16a085\"><span style=\"font-size:11pt\"><span style=\"font-family:Calibri,sans-serif\"><span style=\"font-size:13.0pt\"><span style=\"font-family:&quot;Times New Roman&quot;,serif\">B&agrave;i viết n&agrave;y sẽ hướng dẫn c&aacute;c bạn c&aacute;ch đọc nhiệt độ - độ ẩm từ cảm biến v&agrave; xuất ra m&agrave;n h&igrave;nh LCD. Hy vọng rằng qua b&agrave;i viết n&agrave;y, bạn sẽ dần hiểu được Arduino tạo cho người d&ugrave;ng một sự đơn giản v&agrave; tiện lợi đến mức n&agrave;o.</span></span></span></span></span></em></p>\r\n\r\n<p style=\"margin-left:0cm; margin-right:0cm; text-align:justify\"><span style=\"font-size:11pt\"><span style=\"font-family:Calibri,sans-serif\"><strong><span style=\"font-size:18.0pt\"><span style=\"font-family:&quot;Times New Roman&quot;,serif\"><span style=\"color:darkorange\">2. Nội dung ch&iacute;nh</span></span></span></strong></span></span></p>\r\n\r\n<ul>\r\n	<li style=\"text-align:justify\"><span style=\"font-size:11pt\"><span style=\"font-family:Calibri,sans-serif\"><span style=\"font-size:13.0pt\"><span style=\"font-family:&quot;Times New Roman&quot;,serif\"><span style=\"color:#16a085\">Đọc dữ liệu từ cảm biến nhiệt độ - độ ẩm DHT11</span><a href=\"http://arduino.vn/bai-viet/91-doc-nhiet-do-do-am-va-xuat-ra-man-hinh-lcd\"><span style=\"color:#16a085\">.</span></a></span></span></span></span></li>\r\n	<li style=\"text-align:justify\"><span style=\"color:#16a085\"><span style=\"font-size:11pt\"><span style=\"font-family:Calibri,sans-serif\"><span style=\"font-size:13.0pt\"><span style=\"font-family:&quot;Times New Roman&quot;,serif\">Sử dụng m&agrave;n h&igrave;nh LCD để xuất th&ocirc;ng tin.</span></span></span></span></span></li>\r\n</ul>\r\n\r\n<p style=\"margin-left:0cm; margin-right:0cm; text-align:justify\"><span style=\"font-size:11pt\"><span style=\"font-family:Calibri,sans-serif\"><strong><span style=\"font-size:18.0pt\"><span style=\"font-family:&quot;Times New Roman&quot;,serif\"><span style=\"color:darkorange\">3. Phần cứng cần thiết</span></span></span></strong></span></span></p>\r\n\r\n<ul>\r\n	<li style=\"text-align:justify\"><span style=\"font-size:11pt\"><span style=\"color:#262626\"><span style=\"font-family:Calibri,sans-serif\"><span style=\"font-size:13.0pt\"><span style=\"font-family:&quot;Times New Roman&quot;,serif\"><a href=\"http://k1.arduino.vn/img/2014/05/28/0/530_1231-1401273287-0-lcd162b.jpg\" target=\"_blank\"><span style=\"font-size:10.0pt\"><span style=\"background-color:#1ba1e2\"><span style=\"color:white\">M&agrave;n h&igrave;nh LCD 16 x 2</span></span></span></a></span></span></span></span></span></li>\r\n	<li style=\"text-align:justify\"><span style=\"font-size:11pt\"><span style=\"color:#262626\"><span style=\"font-family:Calibri,sans-serif\"><span style=\"font-size:13.0pt\"><span style=\"font-family:&quot;Times New Roman&quot;,serif\"><a href=\"http://arduino-info.wikispaces.com/LCD-Blue-I2C\"><span style=\"color:#2086bf\">Mạch điều khiển m&agrave;n h&igrave;nh LCD sử dụng giao tiếp I2C</span></a></span></span></span></span></span></li>\r\n	<li style=\"text-align:justify\"><span style=\"font-size:11pt\"><span style=\"color:#262626\"><span style=\"font-family:Calibri,sans-serif\"><span style=\"font-size:13.0pt\"><span style=\"font-family:&quot;Times New Roman&quot;,serif\"><a href=\"http://k2.arduino.vn/img/2014/05/28/0/495_8821-1401273496-0-dht11---tim-vi-google---mozilla-firefox.jpg\" target=\"_blank\"><span style=\"color:#2086bf\">Cảm biến nhiệt độ - độ ẩm DHT11</span></a></span></span></span></span></span></li>\r\n	<li style=\"text-align:justify\"><span style=\"font-size:11pt\"><span style=\"color:#262626\"><span style=\"font-family:Calibri,sans-serif\"><span style=\"font-size:13.0pt\"><span style=\"font-family:&quot;Times New Roman&quot;,serif\"><a href=\"http://arduino.vn/bai-viet/42-arduino-uno-r3\" target=\"_blank\"><span style=\"color:#2086bf\">Arduino UNO R3 (hoặc tương đương)</span></a></span></span></span></span></span></li>\r\n	<li style=\"text-align:justify\"><span style=\"font-size:11pt\"><span style=\"color:#262626\"><span style=\"font-family:Calibri,sans-serif\"><span style=\"font-size:13.0pt\"><span style=\"font-family:&quot;Times New Roman&quot;,serif\"><a href=\"http://k1.arduino.vn/img/2014/05/28/0/517_1231-1401211379-0--breadboard.jpg\" target=\"_blank\"><span style=\"font-size:10.0pt\"><span style=\"background-color:#1ba1e2\"><span style=\"color:white\">Breadboard</span></span></span></a></span></span></span></span></span></li>\r\n	<li style=\"text-align:justify\"><span style=\"font-size:11pt\"><span style=\"color:#262626\"><span style=\"font-family:Calibri,sans-serif\"><span style=\"font-size:13.0pt\"><span style=\"font-family:&quot;Times New Roman&quot;,serif\"><a href=\"http://machtudong.vn/image/cache/data/dung-cu-khac/cap/breadboard-cable-65-500x500.jpg\" target=\"_blank\"><span style=\"font-size:10.0pt\"><span style=\"background-color:#1ba1e2\"><span style=\"color:white\">D&acirc;y cắm breadboard</span></span></span></a></span></span></span></span></span></li>\r\n</ul>\r\n\r\n<p style=\"margin-left:0cm; margin-right:0cm; text-align:justify\"><span style=\"font-size:11pt\"><span style=\"font-family:Calibri,sans-serif\"><strong><span style=\"font-size:18.0pt\"><span style=\"font-family:&quot;Times New Roman&quot;,serif\"><span style=\"color:darkorange\">4. Cảm biến DHT11</span></span></span></strong></span></span></p>\r\n\r\n<p style=\"margin-left:0cm; margin-right:0cm; text-align:center\"><span style=\"font-size:11pt\"><span style=\"font-family:Calibri,sans-serif\"><span style=\"font-size:13.0pt\"><span style=\"font-family:&quot;Times New Roman&quot;,serif\"><span style=\"color:#2086bf\"><img alt=\"http://k3.arduino.vn/img/2014/05/27/0/481_81220-1401185335-0-dht-11-truoc-300x250.jpg\" src=\"http://k3.arduino.vn/img/2014/05/27/0/481_81220-1401185335-0-dht-11-truoc-300x250.jpg\" style=\"height:258px; width:310px\" /></span></span></span></span></span></p>\r\n\r\n<p style=\"margin-left:0cm; margin-right:0cm; text-align:justify\"><span style=\"color:#16a085\"><span style=\"font-size:11pt\"><span style=\"font-family:Calibri,sans-serif\"><span style=\"font-size:13.0pt\"><span style=\"font-family:&quot;Times New Roman&quot;,serif\">Cảm biến DHT11 đ&atilde; được t&iacute;ch hợp trong một mạch duy nhất, bạn chỉ việc nối d&acirc;y nguồn (Vcc, GND) v&agrave; d&acirc;y t&iacute;n hiệu (Signal) v&agrave;o mạch Arduino l&agrave; xong.</span></span></span></span></span></p>\r\n\r\n<p style=\"margin-left:0cm; margin-right:0cm; text-align:justify\"><span style=\"color:#16a085\"><span style=\"font-size:11pt\"><span style=\"font-family:Calibri,sans-serif\"><strong><span style=\"font-size:13.0pt\"><span style=\"font-family:&quot;Times New Roman&quot;,serif\">Th&ocirc;ng số kĩ thuật</span></span></strong></span></span></span></p>\r\n\r\n<ul>\r\n	<li style=\"text-align:justify\"><span style=\"color:#16a085\"><span style=\"font-size:11pt\"><span style=\"font-family:Calibri,sans-serif\"><span style=\"font-size:13.0pt\"><span style=\"font-family:&quot;Times New Roman&quot;,serif\">Điện &aacute;p hoạt động: 3-5.5V DC</span></span></span></span></span></li>\r\n	<li style=\"text-align:justify\"><span style=\"color:#16a085\"><span style=\"font-size:11pt\"><span style=\"font-family:Calibri,sans-serif\"><span style=\"font-size:13.0pt\"><span style=\"font-family:&quot;Times New Roman&quot;,serif\">Ngưỡng độ ẩm: 20 - 90%</span></span></span></span></span></li>\r\n	<li style=\"text-align:justify\"><span style=\"color:#16a085\"><span style=\"font-size:11pt\"><span style=\"font-family:Calibri,sans-serif\"><span style=\"font-size:13.0pt\"><span style=\"font-family:&quot;Times New Roman&quot;,serif\">Sai số độ ẩm:&nbsp;&plusmn; 5%</span></span></span></span></span></li>\r\n	<li style=\"text-align:justify\"><span style=\"color:#16a085\"><span style=\"font-size:11pt\"><span style=\"font-family:Calibri,sans-serif\"><span style=\"font-size:13.0pt\"><span style=\"font-family:&quot;Times New Roman&quot;,serif\">Ngưỡng nhiệt độ: 0 - 55</span></span><sup><span style=\"font-size:9.5pt\"><span style=\"font-family:&quot;Times New Roman&quot;,serif\">o</span></span></sup><span style=\"font-size:13.0pt\"><span style=\"font-family:&quot;Times New Roman&quot;,serif\">C</span></span></span></span></span></li>\r\n	<li style=\"text-align:justify\"><span style=\"color:#16a085\"><span style=\"font-size:11pt\"><span style=\"font-family:Calibri,sans-serif\"><span style=\"font-size:13.0pt\"><span style=\"font-family:&quot;Times New Roman&quot;,serif\">Sai số nhiệt độ:&nbsp;&plusmn; 2</span></span><sup><span style=\"font-size:9.5pt\"><span style=\"font-family:&quot;Times New Roman&quot;,serif\">oC</span></span></sup></span></span></span></li>\r\n</ul>\r\n\r\n<p style=\"margin-left:0cm; margin-right:0cm; text-align:justify\"><span style=\"font-size:11pt\"><span style=\"font-family:Calibri,sans-serif\"><strong><span style=\"font-size:12.0pt\"><span style=\"font-family:&quot;Times New Roman&quot;,serif\"><span style=\"color:red\">Download v&agrave; c&agrave;i đặt thư viện hỗ trợ sử dụng DHT11:&nbsp;</span></span></span></strong><strong><em><u><span style=\"font-size:12.0pt\"><span style=\"font-family:&quot;Times New Roman&quot;,serif\"><a href=\"http://k1.arduino.vn/img/2014/05/28/0/527_12320-1401263494-0-dht11.zip\" target=\"_blank\"><span style=\"font-size:9.5pt\"><span style=\"background-color:#1ba1e2\"><span style=\"color:red\">download tại đ&acirc;y</span></span></span></a></span></span></u></em></strong></span></span></p>\r\n\r\n<p style=\"margin-left:0cm; margin-right:0cm; text-align:justify\"><span style=\"font-size:11pt\"><span style=\"font-family:Calibri,sans-serif\"><strong><span style=\"font-size:13.0pt\"><span style=\"font-family:&quot;Times New Roman&quot;,serif\">Kết nối cảm biến DHT11 với mạch Arduino</span></span></strong></span></span></p>\r\n\r\n<table align=\"center\" cellspacing=\"0\" class=\"Table\" style=\"border-collapse:collapse; border:none; width:375.0pt\">\r\n	<tbody>\r\n		<tr>\r\n			<td style=\"background-color:#eeeeee; width:225.0pt\">\r\n			<p style=\"margin-left:0cm; margin-right:0cm; text-align:justify\"><span style=\"font-size:11pt\"><span style=\"font-family:Calibri,sans-serif\"><strong><span style=\"font-size:12.0pt\"><span style=\"font-family:&quot;Times New Roman&quot;,serif\">DHT11</span></span></strong></span></span></p>\r\n			</td>\r\n			<td style=\"background-color:#eeeeee; width:225.0pt\">\r\n			<p style=\"margin-left:0cm; margin-right:0cm; text-align:justify\"><span style=\"font-size:11pt\"><span style=\"font-family:Calibri,sans-serif\"><strong><span style=\"font-size:12.0pt\"><span style=\"font-family:&quot;Times New Roman&quot;,serif\">Arduino UNO R3</span></span></strong></span></span></p>\r\n			</td>\r\n		</tr>\r\n		<tr>\r\n			<td>\r\n			<p style=\"margin-left:0cm; margin-right:0cm; text-align:justify\"><span style=\"font-size:11pt\"><span style=\"font-family:Calibri,sans-serif\"><span style=\"font-size:12.0pt\"><span style=\"font-family:&quot;Times New Roman&quot;,serif\">GND</span></span></span></span></p>\r\n			</td>\r\n			<td>\r\n			<p style=\"margin-left:0cm; margin-right:0cm; text-align:justify\"><span style=\"font-size:11pt\"><span style=\"font-family:Calibri,sans-serif\"><span style=\"font-size:12.0pt\"><span style=\"font-family:&quot;Times New Roman&quot;,serif\">GND</span></span></span></span></p>\r\n			</td>\r\n		</tr>\r\n		<tr>\r\n			<td style=\"background-color:#eeeeee\">\r\n			<p style=\"margin-left:0cm; margin-right:0cm; text-align:justify\"><span style=\"font-size:11pt\"><span style=\"font-family:Calibri,sans-serif\"><span style=\"font-size:12.0pt\"><span style=\"font-family:&quot;Times New Roman&quot;,serif\">Vcc</span></span></span></span></p>\r\n			</td>\r\n			<td style=\"background-color:#eeeeee\">\r\n			<p style=\"margin-left:0cm; margin-right:0cm; text-align:justify\"><span style=\"font-size:11pt\"><span style=\"font-family:Calibri,sans-serif\"><span style=\"font-size:12.0pt\"><span style=\"font-family:&quot;Times New Roman&quot;,serif\">5V</span></span></span></span></p>\r\n			</td>\r\n		</tr>\r\n		<tr>\r\n			<td>\r\n			<p style=\"margin-left:0cm; margin-right:0cm; text-align:justify\"><span style=\"font-size:11pt\"><span style=\"font-family:Calibri,sans-serif\"><span style=\"font-size:12.0pt\"><span style=\"font-family:&quot;Times New Roman&quot;,serif\">Signal</span></span></span></span></p>\r\n			</td>\r\n			<td>\r\n			<p style=\"margin-left:0cm; margin-right:0cm; text-align:justify\"><span style=\"font-size:11pt\"><span style=\"font-family:Calibri,sans-serif\"><span style=\"font-size:12.0pt\"><span style=\"font-family:&quot;Times New Roman&quot;,serif\">D2</span></span></span></span></p>\r\n			</td>\r\n		</tr>\r\n	</tbody>\r\n</table>\r\n\r\n<p style=\"margin-left:0cm; margin-right:0cm; text-align:justify\"><span style=\"color:#16a085\"><span style=\"font-size:11pt\"><span style=\"font-family:Calibri,sans-serif\"><strong><span style=\"font-size:13.0pt\"><span style=\"font-family:&quot;Times New Roman&quot;,serif\">Lập tr&igrave;nh</span></span></strong></span></span></span></p>\r\n\r\n<div style=\"border-left:solid #cccccc 2.25pt; margin-left:18.0pt; margin-right:0cm; padding:0cm 0cm 0cm 6.0pt\">\r\n<ol>\r\n	<li style=\"text-align:justify\"><span style=\"font-size:11pt\"><span style=\"font-family:Calibri,sans-serif\"><span style=\"font-size:10.5pt\"><span style=\"font-family:&quot;Courier New&quot;\"><span style=\"color:#880000\">// Gọi thư viện DHT11</span></span></span></span></span></li>\r\n	<li style=\"text-align:justify\"><span style=\"font-size:11pt\"><span style=\"font-family:Calibri,sans-serif\"><span style=\"font-size:10.5pt\"><span style=\"font-family:&quot;Courier New&quot;\"><span style=\"color:#880000\">#include</span></span></span> <span style=\"font-size:10.5pt\"><span style=\"font-family:&quot;Courier New&quot;\"><span style=\"color:#008800\">&quot;DHT.h&quot;</span></span></span>&nbsp;&nbsp;&nbsp;&nbsp;&nbsp;&nbsp;&nbsp;&nbsp;&nbsp;&nbsp;&nbsp; </span></span></li>\r\n	<li style=\"text-align:justify\"><span style=\"font-size:11pt\"><span style=\"font-family:Calibri,sans-serif\">&nbsp;</span></span></li>\r\n	<li style=\"text-align:justify\"><span style=\"font-size:11pt\"><span style=\"font-family:Calibri,sans-serif\"><span style=\"font-size:10.5pt\"><span style=\"font-family:&quot;Courier New&quot;\"><span style=\"color:#000088\">const</span></span></span> <span style=\"font-size:10.5pt\"><span style=\"font-family:&quot;Courier New&quot;\"><span style=\"color:#000088\">int</span></span></span><span style=\"font-size:10.5pt\"><span style=\"font-family:&quot;Courier New&quot;\"><span style=\"color:black\"> DHTPIN </span></span></span><span style=\"font-size:10.5pt\"><span style=\"font-family:&quot;Courier New&quot;\"><span style=\"color:#666600\">=</span></span></span> <span style=\"font-size:10.5pt\"><span style=\"font-family:&quot;Courier New&quot;\"><span style=\"color:#006666\">2</span></span></span><span style=\"font-size:10.5pt\"><span style=\"font-family:&quot;Courier New&quot;\"><span style=\"color:#666600\">;</span></span></span>&nbsp;&nbsp;&nbsp;&nbsp;&nbsp;&nbsp; <span style=\"font-size:10.5pt\"><span style=\"font-family:&quot;Courier New&quot;\"><span style=\"color:#880000\">//Đọc dữ liệu từ DHT11 ở ch&acirc;n 2 tr&ecirc;n mạch Arduino</span></span></span></span></span></li>\r\n	<li style=\"text-align:justify\"><span style=\"font-size:11pt\"><span style=\"font-family:Calibri,sans-serif\"><span style=\"font-size:10.5pt\"><span style=\"font-family:&quot;Courier New&quot;\"><span style=\"color:#000088\">const</span></span></span> <span style=\"font-size:10.5pt\"><span style=\"font-family:&quot;Courier New&quot;\"><span style=\"color:#000088\">int</span></span></span><span style=\"font-size:10.5pt\"><span style=\"font-family:&quot;Courier New&quot;\"><span style=\"color:black\"> DHTTYPE </span></span></span><span style=\"font-size:10.5pt\"><span style=\"font-family:&quot;Courier New&quot;\"><span style=\"color:#666600\">=</span></span></span><span style=\"font-size:10.5pt\"><span style=\"font-family:&quot;Courier New&quot;\"><span style=\"color:black\"> DHT11</span></span></span><span style=\"font-size:10.5pt\"><span style=\"font-family:&quot;Courier New&quot;\"><span style=\"color:#666600\">;</span></span></span>&nbsp; <span style=\"font-size:10.5pt\"><span style=\"font-family:&quot;Courier New&quot;\"><span style=\"color:#880000\">//Khai b&aacute;o loại cảm biến, c&oacute; 2 loại l&agrave; DHT11 v&agrave; DHT22</span></span></span></span></span></li>\r\n	<li style=\"text-align:justify\"><span style=\"font-size:11pt\"><span style=\"font-family:Calibri,sans-serif\">&nbsp;</span></span></li>\r\n	<li style=\"text-align:justify\"><span style=\"font-size:11pt\"><span style=\"font-family:Calibri,sans-serif\"><span style=\"font-size:10.5pt\"><span style=\"font-family:&quot;Courier New&quot;\"><span style=\"color:black\">DHT dht</span></span></span><span style=\"font-size:10.5pt\"><span style=\"font-family:&quot;Courier New&quot;\"><span style=\"color:#666600\">(</span></span></span><span style=\"font-size:10.5pt\"><span style=\"font-family:&quot;Courier New&quot;\"><span style=\"color:black\">DHTPIN</span></span></span><span style=\"font-size:10.5pt\"><span style=\"font-family:&quot;Courier New&quot;\"><span style=\"color:#666600\">,</span></span></span><span style=\"font-size:10.5pt\"><span style=\"font-family:&quot;Courier New&quot;\"><span style=\"color:black\"> DHTTYPE</span></span></span><span style=\"font-size:10.5pt\"><span style=\"font-family:&quot;Courier New&quot;\"><span style=\"color:#666600\">);</span></span></span></span></span></li>\r\n	<li style=\"text-align:justify\"><span style=\"font-size:11pt\"><span style=\"font-family:Calibri,sans-serif\">&nbsp;</span></span></li>\r\n	<li style=\"text-align:justify\"><span style=\"font-size:11pt\"><span style=\"font-family:Calibri,sans-serif\"><span style=\"font-size:10.5pt\"><span style=\"font-family:&quot;Courier New&quot;\"><span style=\"color:#000088\">void</span></span></span><span style=\"font-size:10.5pt\"><span style=\"font-family:&quot;Courier New&quot;\"><span style=\"color:black\"> setup</span></span></span><span style=\"font-size:10.5pt\"><span style=\"font-family:&quot;Courier New&quot;\"><span style=\"color:#666600\">()</span></span></span> <span style=\"font-size:10.5pt\"><span style=\"font-family:&quot;Courier New&quot;\"><span style=\"color:#666600\">{</span></span></span></span></span></li>\r\n	<li style=\"text-align:justify\"><span style=\"font-size:11pt\"><span style=\"font-family:Calibri,sans-serif\">&nbsp;&nbsp;<span style=\"font-size:10.5pt\"><span style=\"font-family:&quot;Courier New&quot;\"><span style=\"color:#660066\">Serial</span></span></span><span style=\"font-size:10.5pt\"><span style=\"font-family:&quot;Courier New&quot;\"><span style=\"color:#666600\">.</span></span></span><span style=\"font-size:10.5pt\"><span style=\"font-family:&quot;Courier New&quot;\"><span style=\"color:#000088\">begin</span></span></span><span style=\"font-size:10.5pt\"><span style=\"font-family:&quot;Courier New&quot;\"><span style=\"color:#666600\">(</span></span></span><span style=\"font-size:10.5pt\"><span style=\"font-family:&quot;Courier New&quot;\"><span style=\"color:#006666\">9600</span></span></span><span style=\"font-size:10.5pt\"><span style=\"font-family:&quot;Courier New&quot;\"><span style=\"color:#666600\">);</span></span></span></span></span></li>\r\n	<li style=\"text-align:justify\"><span style=\"font-size:11pt\"><span style=\"font-family:Calibri,sans-serif\"><span style=\"font-size:10.5pt\"><span style=\"font-family:&quot;Courier New&quot;\"><span style=\"color:black\">&nbsp;&nbsp;dht</span></span></span><span style=\"font-size:10.5pt\"><span style=\"font-family:&quot;Courier New&quot;\"><span style=\"color:#666600\">.</span></span></span><span style=\"font-size:10.5pt\"><span style=\"font-family:&quot;Courier New&quot;\"><span style=\"color:#000088\">begin</span></span></span><span style=\"font-size:10.5pt\"><span style=\"font-family:&quot;Courier New&quot;\"><span style=\"color:#666600\">();</span></span></span>&nbsp;&nbsp;&nbsp;&nbsp;&nbsp;&nbsp;&nbsp;&nbsp; <span style=\"font-size:10.5pt\"><span style=\"font-family:&quot;Courier New&quot;\"><span style=\"color:#880000\">// Khởi động cảm biến</span></span></span></span></span></li>\r\n	<li style=\"text-align:justify\"><span style=\"font-size:11pt\"><span style=\"font-family:Calibri,sans-serif\"><span style=\"font-size:10.5pt\"><span style=\"font-family:&quot;Courier New&quot;\"><span style=\"color:#666600\">}</span></span></span></span></span></li>\r\n	<li style=\"text-align:justify\"><span style=\"font-size:11pt\"><span style=\"font-family:Calibri,sans-serif\">&nbsp;</span></span></li>\r\n	<li style=\"text-align:justify\"><span style=\"font-size:11pt\"><span style=\"font-family:Calibri,sans-serif\"><span style=\"font-size:10.5pt\"><span style=\"font-family:&quot;Courier New&quot;\"><span style=\"color:#000088\">void</span></span></span><span style=\"font-size:10.5pt\"><span style=\"font-family:&quot;Courier New&quot;\"><span style=\"color:black\"> loop</span></span></span><span style=\"font-size:10.5pt\"><span style=\"font-family:&quot;Courier New&quot;\"><span style=\"color:#666600\">()</span></span></span> <span style=\"font-size:10.5pt\"><span style=\"font-family:&quot;Courier New&quot;\"><span style=\"color:#666600\">{</span></span></span></span></span></li>\r\n	<li style=\"text-align:justify\"><span style=\"font-size:11pt\"><span style=\"font-family:Calibri,sans-serif\">&nbsp;&nbsp;<span style=\"font-size:10.5pt\"><span style=\"font-family:&quot;Courier New&quot;\"><span style=\"color:#000088\">float</span></span></span><span style=\"font-size:10.5pt\"><span style=\"font-family:&quot;Courier New&quot;\"><span style=\"color:black\"> h </span></span></span><span style=\"font-size:10.5pt\"><span style=\"font-family:&quot;Courier New&quot;\"><span style=\"color:#666600\">=</span></span></span><span style=\"font-size:10.5pt\"><span style=\"font-family:&quot;Courier New&quot;\"><span style=\"color:black\"> dht</span></span></span><span style=\"font-size:10.5pt\"><span style=\"font-family:&quot;Courier New&quot;\"><span style=\"color:#666600\">.</span></span></span><span style=\"font-size:10.5pt\"><span style=\"font-family:&quot;Courier New&quot;\"><span style=\"color:black\">readHumidity</span></span></span><span style=\"font-size:10.5pt\"><span style=\"font-family:&quot;Courier New&quot;\"><span style=\"color:#666600\">();</span></span></span>&nbsp;&nbsp;&nbsp; <span style=\"font-size:10.5pt\"><span style=\"font-family:&quot;Courier New&quot;\"><span style=\"color:#880000\">//Đọc độ ẩm</span></span></span></span></span></li>\r\n	<li style=\"text-align:justify\"><span style=\"font-size:11pt\"><span style=\"font-family:Calibri,sans-serif\">&nbsp;&nbsp;<span style=\"font-size:10.5pt\"><span style=\"font-family:&quot;Courier New&quot;\"><span style=\"color:#000088\">float</span></span></span><span style=\"font-size:10.5pt\"><span style=\"font-family:&quot;Courier New&quot;\"><span style=\"color:black\"> t </span></span></span><span style=\"font-size:10.5pt\"><span style=\"font-family:&quot;Courier New&quot;\"><span style=\"color:#666600\">=</span></span></span><span style=\"font-size:10.5pt\"><span style=\"font-family:&quot;Courier New&quot;\"><span style=\"color:black\"> dht</span></span></span><span style=\"font-size:10.5pt\"><span style=\"font-family:&quot;Courier New&quot;\"><span style=\"color:#666600\">.</span></span></span><span style=\"font-size:10.5pt\"><span style=\"font-family:&quot;Courier New&quot;\"><span style=\"color:black\">readTemperature</span></span></span><span style=\"font-size:10.5pt\"><span style=\"font-family:&quot;Courier New&quot;\"><span style=\"color:#666600\">();</span></span></span> <span style=\"font-size:10.5pt\"><span style=\"font-family:&quot;Courier New&quot;\"><span style=\"color:#880000\">//Đọc nhiệt độ</span></span></span></span></span></li>\r\n	<li style=\"text-align:justify\"><span style=\"font-size:11pt\"><span style=\"font-family:Calibri,sans-serif\">&nbsp;</span></span></li>\r\n	<li style=\"text-align:justify\"><span style=\"font-size:11pt\"><span style=\"font-family:Calibri,sans-serif\">&nbsp;&nbsp;<span style=\"font-size:10.5pt\"><span style=\"font-family:&quot;Courier New&quot;\"><span style=\"color:#660066\">Serial</span></span></span><span style=\"font-size:10.5pt\"><span style=\"font-family:&quot;Courier New&quot;\"><span style=\"color:#666600\">.</span></span></span><span style=\"font-size:10.5pt\"><span style=\"font-family:&quot;Courier New&quot;\"><span style=\"color:#000088\">print</span></span></span><span style=\"font-size:10.5pt\"><span style=\"font-family:&quot;Courier New&quot;\"><span style=\"color:#666600\">(</span></span></span><span style=\"font-size:10.5pt\"><span style=\"font-family:&quot;Courier New&quot;\"><span style=\"color:#008800\">&quot;Nhiet do: &quot;</span></span></span><span style=\"font-size:10.5pt\"><span style=\"font-family:&quot;Courier New&quot;\"><span style=\"color:#666600\">);</span></span></span></span></span></li>\r\n	<li style=\"text-align:justify\"><span style=\"font-size:11pt\"><span style=\"font-family:Calibri,sans-serif\">&nbsp;&nbsp;<span style=\"font-size:10.5pt\"><span style=\"font-family:&quot;Courier New&quot;\"><span style=\"color:#660066\">Serial</span></span></span><span style=\"font-size:10.5pt\"><span style=\"font-family:&quot;Courier New&quot;\"><span style=\"color:#666600\">.</span></span></span><span style=\"font-size:10.5pt\"><span style=\"font-family:&quot;Courier New&quot;\"><span style=\"color:black\">println</span></span></span><span style=\"font-size:10.5pt\"><span style=\"font-family:&quot;Courier New&quot;\"><span style=\"color:#666600\">(</span></span></span><span style=\"font-size:10.5pt\"><span style=\"font-family:&quot;Courier New&quot;\"><span style=\"color:black\">t</span></span></span><span style=\"font-size:10.5pt\"><span style=\"font-family:&quot;Courier New&quot;\"><span style=\"color:#666600\">);</span></span></span>&nbsp;&nbsp;&nbsp;&nbsp;&nbsp;&nbsp;&nbsp;&nbsp;&nbsp;&nbsp;&nbsp;&nbsp;&nbsp;&nbsp; <span style=\"font-size:10.5pt\"><span style=\"font-family:&quot;Courier New&quot;\"><span style=\"color:#880000\">//Xuất nhiệt độ</span></span></span></span></span></li>\r\n	<li style=\"text-align:justify\"><span style=\"font-size:11pt\"><span style=\"font-family:Calibri,sans-serif\">&nbsp;&nbsp;<span style=\"font-size:10.5pt\"><span style=\"font-family:&quot;Courier New&quot;\"><span style=\"color:#660066\">Serial</span></span></span><span style=\"font-size:10.5pt\"><span style=\"font-family:&quot;Courier New&quot;\"><span style=\"color:#666600\">.</span></span></span><span style=\"font-size:10.5pt\"><span style=\"font-family:&quot;Courier New&quot;\"><span style=\"color:#000088\">print</span></span></span><span style=\"font-size:10.5pt\"><span style=\"font-family:&quot;Courier New&quot;\"><span style=\"color:#666600\">(</span></span></span><span style=\"font-size:10.5pt\"><span style=\"font-family:&quot;Courier New&quot;\"><span style=\"color:#008800\">&quot;Do am: &quot;</span></span></span><span style=\"font-size:10.5pt\"><span style=\"font-family:&quot;Courier New&quot;\"><span style=\"color:#666600\">);</span></span></span></span></span></li>\r\n	<li style=\"text-align:justify\"><span style=\"font-size:11pt\"><span style=\"font-family:Calibri,sans-serif\">&nbsp;&nbsp;<span style=\"font-size:10.5pt\"><span style=\"font-family:&quot;Courier New&quot;\"><span style=\"color:#660066\">Serial</span></span></span><span style=\"font-size:10.5pt\"><span style=\"font-family:&quot;Courier New&quot;\"><span style=\"color:#666600\">.</span></span></span><span style=\"font-size:10.5pt\"><span style=\"font-family:&quot;Courier New&quot;\"><span style=\"color:black\">println</span></span></span><span style=\"font-size:10.5pt\"><span style=\"font-family:&quot;Courier New&quot;\"><span style=\"color:#666600\">(</span></span></span><span style=\"font-size:10.5pt\"><span style=\"font-family:&quot;Courier New&quot;\"><span style=\"color:black\">h</span></span></span><span style=\"font-size:10.5pt\"><span style=\"font-family:&quot;Courier New&quot;\"><span style=\"color:#666600\">);</span></span></span>&nbsp;&nbsp;&nbsp;&nbsp;&nbsp;&nbsp;&nbsp;&nbsp;&nbsp;&nbsp;&nbsp;&nbsp;&nbsp;&nbsp; <span style=\"font-size:10.5pt\"><span style=\"font-family:&quot;Courier New&quot;\"><span style=\"color:#880000\">//Xuất độ ẩm</span></span></span></span></span></li>\r\n	<li style=\"text-align:justify\"><span style=\"font-size:11pt\"><span style=\"font-family:Calibri,sans-serif\">&nbsp;&nbsp;</span></span></li>\r\n	<li style=\"text-align:justify\"><span style=\"font-size:11pt\"><span style=\"font-family:Calibri,sans-serif\">&nbsp;&nbsp;<span style=\"font-size:10.5pt\"><span style=\"font-family:&quot;Courier New&quot;\"><span style=\"color:#660066\">Serial</span></span></span><span style=\"font-size:10.5pt\"><span style=\"font-family:&quot;Courier New&quot;\"><span style=\"color:#666600\">.</span></span></span><span style=\"font-size:10.5pt\"><span style=\"font-family:&quot;Courier New&quot;\"><span style=\"color:black\">println</span></span></span><span style=\"font-size:10.5pt\"><span style=\"font-family:&quot;Courier New&quot;\"><span style=\"color:#666600\">();</span></span></span>&nbsp;&nbsp;&nbsp;&nbsp;&nbsp;&nbsp;&nbsp;&nbsp;&nbsp;&nbsp;&nbsp;&nbsp;&nbsp;&nbsp;&nbsp; <span style=\"font-size:10.5pt\"><span style=\"font-family:&quot;Courier New&quot;\"><span style=\"color:#880000\">//Xuống h&agrave;ng</span></span></span></span></span></li>\r\n	<li style=\"text-align:justify\"><span style=\"font-size:11pt\"><span style=\"font-family:Calibri,sans-serif\"><span style=\"font-size:10.5pt\"><span style=\"font-family:&quot;Courier New&quot;\"><span style=\"color:black\">&nbsp;&nbsp;delay</span></span></span><span style=\"font-size:10.5pt\"><span style=\"font-family:&quot;Courier New&quot;\"><span style=\"color:#666600\">(</span></span></span><span style=\"font-size:10.5pt\"><span style=\"font-family:&quot;Courier New&quot;\"><span style=\"color:#006666\">1000</span></span></span><span style=\"font-size:10.5pt\"><span style=\"font-family:&quot;Courier New&quot;\"><span style=\"color:#666600\">);</span></span></span>&nbsp;&nbsp;&nbsp;&nbsp;&nbsp;&nbsp;&nbsp;&nbsp;&nbsp;&nbsp;&nbsp;&nbsp;&nbsp;&nbsp;&nbsp;&nbsp;&nbsp;&nbsp;&nbsp;&nbsp; <span style=\"font-size:10.5pt\"><span style=\"font-family:&quot;Courier New&quot;\"><span style=\"color:#880000\">//Đợi 1 gi&acirc;y</span></span></span></span></span></li>\r\n	<li style=\"text-align:justify\"><span style=\"font-size:11pt\"><span style=\"font-family:Calibri,sans-serif\"><span style=\"font-size:10.5pt\"><span style=\"font-family:&quot;Courier New&quot;\"><span style=\"color:#666600\">}</span></span></span></span></span></li>\r\n</ol>\r\n</div>\r\n\r\n<p style=\"margin-left:0cm; margin-right:0cm; text-align:justify\"><span style=\"color:#16a085\"><span style=\"font-size:11pt\"><span style=\"font-family:Calibri,sans-serif\"><span style=\"font-size:13.0pt\"><span style=\"font-family:&quot;Times New Roman&quot;,serif\">Sau khi upload chương tr&igrave;nh l&ecirc;n mạch Arduino, bạn h&atilde;y bấm&nbsp;<strong>Ctrl + Shift + M</strong>&nbsp;để mở cửa sổ&nbsp;<strong>Serial Monitor</strong>&nbsp;v&agrave; xem kết quả.</span></span></span></span></span></p>\r\n\r\n<p style=\"margin-left:0cm; margin-right:0cm; text-align:center\"><span style=\"font-size:11pt\"><span style=\"font-family:Calibri,sans-serif\"><span style=\"font-size:13.0pt\"><span style=\"font-family:&quot;Times New Roman&quot;,serif\"><span style=\"color:#2086bf\"><img alt=\"http://k2.arduino.vn/img/2014/05/27/0/480_88220-1401187779-0-746387683463.png\" src=\"http://k2.arduino.vn/img/2014/05/27/0/480_88220-1401187779-0-746387683463.png\" style=\"height:367px; width:309px\" /></span></span></span></span></span></p>\r\n\r\n<p style=\"margin-left:0cm; margin-right:0cm; text-align:justify\"><span style=\"font-size:11pt\"><span style=\"font-family:Calibri,sans-serif\"><span style=\"font-size:13.0pt\"><span style=\"font-family:&quot;Times New Roman&quot;,serif\">&nbsp;<span style=\"color:#16a085\">Một lưu &yacute; nho nhỏ cho những bạn lập tr&igrave;nh n&acirc;ng cao, đ&oacute; l&agrave; cảm biến DHT11 sẽ &quot;treo&quot; (delay) chương tr&igrave;nh của bạn trong qu&aacute; tr&igrave;nh n&oacute; đọc nhiệt độ, độ ẩm!</span></span></span></span></span></p>\r\n\r\n<p style=\"margin-left:0cm; margin-right:0cm; text-align:justify\"><span style=\"font-size:11pt\"><span style=\"font-family:Calibri,sans-serif\"><strong><span style=\"font-size:18.0pt\"><span style=\"font-family:&quot;Times New Roman&quot;,serif\"><span style=\"color:darkorange\">5. M&agrave;n h&igrave;nh LCD</span></span></span></strong></span></span></p>\r\n\r\n<p style=\"margin-left:0cm; margin-right:0cm; text-align:center\"><span style=\"font-size:11pt\"><span style=\"font-family:Calibri,sans-serif\"><span style=\"font-size:13.0pt\"><span style=\"font-family:&quot;Times New Roman&quot;,serif\"><span style=\"color:#2086bf\"><img alt=\"http://k1.arduino.vn/img/2014/05/27/0/509_12320-1401186400-0-lcd16x2-truoc-500x500.jpg\" src=\"http://k1.arduino.vn/img/2014/05/27/0/509_12320-1401186400-0-lcd16x2-truoc-500x500.jpg\" style=\"height:211px; width:401px\" /></span></span></span></span></span></p>\r\n\r\n<p style=\"margin-left:0cm; margin-right:0cm; text-align:justify\"><span style=\"font-size:11pt\"><span style=\"font-family:Calibri,sans-serif\"><span style=\"font-size:13.0pt\"><span style=\"font-family:&quot;Times New Roman&quot;,serif\"><span style=\"color:#16a085\">Th&ocirc;ng thường, để sử dụng m&agrave;n h&igrave;nh LCD, bạn sẽ phải mất rất nhiều ch&acirc;n tr&ecirc;n Arduino để điều khiển. Tham khảo tại&nbsp;</span><a href=\"http://arduino.cc/en/Tutorial/LiquidCrystal\"><span style=\"color:#16a085\">http://arduino.cc/en/Tutorial/Liquid...</span></a><span style=\"color:#16a085\">.</span></span></span></span></span></p>\r\n\r\n<p style=\"margin-left:0cm; margin-right:0cm; text-align:justify\"><span style=\"color:#16a085\"><span style=\"font-size:11pt\"><span style=\"font-family:Calibri,sans-serif\"><span style=\"font-size:13.0pt\"><span style=\"font-family:&quot;Times New Roman&quot;,serif\">Do vậy, để đơn giản h&oacute;a c&ocirc;ng việc, người ta đ&atilde; tạo ra một loại mạch điều khiển m&agrave;n h&igrave;nh LCD sử dụng giao tiếp I2C. N&oacute;i một c&aacute;ch đơn giản, bạn chỉ tốn ... 2 d&acirc;y để điều khiển m&agrave;n h&igrave;nh, thay v&igrave; 8 d&acirc;y như c&aacute;ch th&ocirc;ng thường.</span></span></span></span></span></p>\r\n\r\n<p style=\"margin-left:0cm; margin-right:0cm; text-align:center\"><span style=\"font-size:11pt\"><span style=\"font-family:Calibri,sans-serif\"><span style=\"font-size:13.0pt\"><span style=\"font-family:&quot;Times New Roman&quot;,serif\"><span style=\"color:#2086bf\"><img alt=\"http://k2.arduino.vn/img/2014/05/28/0/493_88220-1401264055-0-mach-dieu-khien-man-hinh-lcd-1602-1-500x500.jpg\" src=\"http://k2.arduino.vn/img/2014/05/28/0/493_88220-1401264055-0-mach-dieu-khien-man-hinh-lcd-1602-1-500x500.jpg\" style=\"height:164px; width:164px\" /></span></span></span></span></span></p>\r\n\r\n<p style=\"margin-left:0cm; margin-right:0cm; text-align:justify\"><span style=\"color:#16a085\"><span style=\"font-size:11pt\"><span style=\"font-family:Calibri,sans-serif\"><span style=\"font-size:13.0pt\"><span style=\"font-family:&quot;Times New Roman&quot;,serif\">Bạn chỉ việc h&agrave;n mạch v&agrave;o như thế n&agrave;y l&agrave; xong.</span></span></span></span></span></p>\r\n\r\n<p style=\"margin-left:0cm; margin-right:0cm; text-align:center\"><span style=\"font-size:11pt\"><span style=\"font-family:Calibri,sans-serif\"><span style=\"font-size:13.0pt\"><span style=\"font-family:&quot;Times New Roman&quot;,serif\"><span style=\"color:#2086bf\"><img alt=\"http://k2.arduino.vn/img/2014/05/28/0/494_88220-1401265279-0-eugffgj.750x402.png\" src=\"http://k2.arduino.vn/img/2014/05/28/0/494_88220-1401265279-0-eugffgj.750x402.png\" style=\"height:224px; width:416px\" /></span></span></span></span></span></p>\r\n\r\n<p style=\"margin-left:0cm; margin-right:0cm; text-align:justify\"><span style=\"color:#16a085\"><span style=\"font-size:11pt\"><span style=\"font-family:Calibri,sans-serif\"><span style=\"font-size:13.0pt\"><span style=\"font-family:&quot;Times New Roman&quot;,serif\">2 ch&acirc;n SDA v&agrave; SCL l&agrave; 2 ch&acirc;n t&iacute;n hiệu d&ugrave;ng cho giao tiếp I2C.&nbsp;</span></span></span></span></span></p>\r\n\r\n<p style=\"margin-left:0cm; margin-right:0cm; text-align:justify\"><span style=\"font-size:11pt\"><span style=\"font-family:Calibri,sans-serif\"><strong><span style=\"font-size:12.0pt\"><span style=\"font-family:&quot;Times New Roman&quot;,serif\"><span style=\"color:red\">Download v&agrave; c&agrave;i đặt thư viện hỗ trợ sử dụng m&agrave;n h&igrave;nh LCD qua giao tiếp I2C:&nbsp;</span></span></span></strong><strong><span style=\"font-size:12.0pt\"><span style=\"font-family:&quot;Times New Roman&quot;,serif\"><a href=\"http://k3.arduino.vn/img/2014/05/28/0/497_81220-1401265422-0-liquidcrystal-i2c.zip\" target=\"_blank\"><em><span style=\"font-size:9.5pt\"><span style=\"background-color:#1ba1e2\"><span style=\"color:red\">download tại đ&acirc;y</span></span></span></em></a></span></span></strong></span></span></p>\r\n\r\n<p style=\"margin-left:0cm; margin-right:0cm; text-align:justify\"><span style=\"color:#16a085\"><span style=\"font-size:11pt\"><span style=\"font-family:Calibri,sans-serif\"><span style=\"font-size:13.0pt\"><span style=\"font-family:&quot;Times New Roman&quot;,serif\">Nếu bạn kh&ocirc;ng c&oacute; module hỗ trợ n&agrave;y, bạn vẫn c&oacute; thể điều khiển m&agrave;n h&igrave;nh theo c&aacute;ch th&ocirc;ng thường. Tuy nhi&ecirc;n sẽ rất tốn thời gian v&agrave; chưa chắc bạn sẽ l&agrave;m được !</span></span></span></span></span></p>\r\n\r\n<p style=\"margin-left:0cm; margin-right:0cm; text-align:justify\"><span style=\"color:#16a085\"><span style=\"font-size:11pt\"><span style=\"font-family:Calibri,sans-serif\"><strong><span style=\"font-size:13.0pt\"><span style=\"font-family:&quot;Times New Roman&quot;,serif\">Kết nối module m&agrave;n h&igrave;nh với Arduino</span></span></strong></span></span></span></p>\r\n\r\n<table align=\"center\" cellspacing=\"0\" class=\"Table\" style=\"border-collapse:collapse; border:none; width:375.0pt\">\r\n	<tbody>\r\n		<tr>\r\n			<td style=\"background-color:#eeeeee; width:150.0pt\">\r\n			<p style=\"margin-left:0cm; margin-right:0cm; text-align:justify\"><span style=\"font-size:11pt\"><span style=\"font-family:Calibri,sans-serif\"><strong><span style=\"font-size:12.0pt\"><span style=\"font-family:&quot;Times New Roman&quot;,serif\">Module m&agrave;n h&igrave;nh LCD (16x2)</span></span></strong></span></span></p>\r\n			</td>\r\n			<td style=\"background-color:#eeeeee; width:150.0pt\">\r\n			<p style=\"margin-left:0cm; margin-right:0cm; text-align:justify\"><span style=\"font-size:11pt\"><span style=\"font-family:Calibri,sans-serif\"><strong><span style=\"font-size:12.0pt\"><span style=\"font-family:&quot;Times New Roman&quot;,serif\">Arduino</span></span></strong></span></span></p>\r\n			</td>\r\n		</tr>\r\n		<tr>\r\n			<td>\r\n			<p style=\"margin-left:0cm; margin-right:0cm; text-align:justify\"><span style=\"font-size:11pt\"><span style=\"font-family:Calibri,sans-serif\"><span style=\"font-size:12.0pt\"><span style=\"font-family:&quot;Times New Roman&quot;,serif\">GND</span></span></span></span></p>\r\n			</td>\r\n			<td>\r\n			<p style=\"margin-left:0cm; margin-right:0cm; text-align:justify\"><span style=\"font-size:11pt\"><span style=\"font-family:Calibri,sans-serif\"><span style=\"font-size:12.0pt\"><span style=\"font-family:&quot;Times New Roman&quot;,serif\">GND</span></span></span></span></p>\r\n			</td>\r\n		</tr>\r\n		<tr>\r\n			<td style=\"background-color:#eeeeee\">\r\n			<p style=\"margin-left:0cm; margin-right:0cm; text-align:justify\"><span style=\"font-size:11pt\"><span style=\"font-family:Calibri,sans-serif\"><span style=\"font-size:12.0pt\"><span style=\"font-family:&quot;Times New Roman&quot;,serif\">Vcc</span></span></span></span></p>\r\n			</td>\r\n			<td style=\"background-color:#eeeeee\">\r\n			<p style=\"margin-left:0cm; margin-right:0cm; text-align:justify\"><span style=\"font-size:11pt\"><span style=\"font-family:Calibri,sans-serif\"><span style=\"font-size:12.0pt\"><span style=\"font-family:&quot;Times New Roman&quot;,serif\">5V</span></span></span></span></p>\r\n			</td>\r\n		</tr>\r\n		<tr>\r\n			<td>\r\n			<p style=\"margin-left:0cm; margin-right:0cm; text-align:justify\"><span style=\"font-size:11pt\"><span style=\"font-family:Calibri,sans-serif\"><span style=\"font-size:12.0pt\"><span style=\"font-family:&quot;Times New Roman&quot;,serif\">SDA</span></span></span></span></p>\r\n			</td>\r\n			<td>\r\n			<p style=\"margin-left:0cm; margin-right:0cm; text-align:justify\"><span style=\"font-size:11pt\"><span style=\"font-family:Calibri,sans-serif\"><span style=\"font-size:12.0pt\"><span style=\"font-family:&quot;Times New Roman&quot;,serif\">A4</span></span></span></span></p>\r\n			</td>\r\n		</tr>\r\n		<tr>\r\n			<td style=\"background-color:#eeeeee\">\r\n			<p style=\"margin-left:0cm; margin-right:0cm; text-align:justify\"><span style=\"font-size:11pt\"><span style=\"font-family:Calibri,sans-serif\"><span style=\"font-size:12.0pt\"><span style=\"font-family:&quot;Times New Roman&quot;,serif\">SCL</span></span></span></span></p>\r\n			</td>\r\n			<td style=\"background-color:#eeeeee\">\r\n			<p style=\"margin-left:0cm; margin-right:0cm; text-align:justify\"><span style=\"font-size:11pt\"><span style=\"font-family:Calibri,sans-serif\"><span style=\"font-size:12.0pt\"><span style=\"font-family:&quot;Times New Roman&quot;,serif\">A5</span></span></span></span></p>\r\n			</td>\r\n		</tr>\r\n	</tbody>\r\n</table>\r\n\r\n<p style=\"margin-left:0cm; margin-right:0cm; text-align:justify\"><span style=\"font-size:11pt\"><span style=\"font-family:Calibri,sans-serif\"><span style=\"font-size:13.0pt\"><span style=\"font-family:&quot;Times New Roman&quot;,serif\"><span style=\"color:#2086bf\"><img alt=\"http://k2.arduino.vn/img/2016/03/02/0/2112_882450-1456920088-0-original.jpg\" src=\"http://k2.arduino.vn/img/2016/03/02/0/2112_882450-1456920088-0-original.jpg\" style=\"height:575px; width:624px\" /></span></span></span></span></span></p>\r\n\r\n<p style=\"margin-left:0cm; margin-right:0cm; text-align:justify\"><span style=\"color:#16a085\"><span style=\"font-size:11pt\"><span style=\"font-family:Calibri,sans-serif\"><strong><span style=\"font-size:13.0pt\"><span style=\"font-family:&quot;Times New Roman&quot;,serif\">Lập tr&igrave;nh</span></span></strong></span></span></span></p>\r\n\r\n<p style=\"margin-left:0cm; margin-right:0cm; text-align:justify\"><span style=\"font-size:11pt\"><span style=\"font-family:Calibri,sans-serif\"><span style=\"font-size:11.5pt\"><span style=\"font-family:&quot;Courier New&quot;\">#include &lt;Wire.h&gt; </span></span></span></span></p>\r\n\r\n<p style=\"margin-left:0cm; margin-right:0cm; text-align:justify\"><span style=\"font-size:11pt\"><span style=\"font-family:Calibri,sans-serif\"><span style=\"font-size:11.5pt\"><span style=\"font-family:&quot;Courier New&quot;\">#include &lt;LiquidCrystal_I2C.h&gt;</span></span></span></span></p>\r\n\r\n<p style=\"margin-left:0cm; margin-right:0cm; text-align:justify\">&nbsp;</p>\r\n\r\n<p style=\"margin-left:0cm; margin-right:0cm; text-align:justify\"><span style=\"font-size:11pt\"><span style=\"font-family:Calibri,sans-serif\"><span style=\"font-size:11.5pt\"><span style=\"font-family:&quot;Courier New&quot;\">LiquidCrystal_I2C lcd(0x27,16,2);</span></span></span></span></p>\r\n\r\n<p style=\"margin-left:0cm; margin-right:0cm; text-align:justify\"><span style=\"font-size:11pt\"><span style=\"font-family:Calibri,sans-serif\"><span style=\"font-size:11.5pt\"><span style=\"font-family:&quot;Courier New&quot;\">//0x27 l&agrave; địa chỉ m&agrave;n h&igrave;nh trong bus I2C. Phần n&agrave;y ch&uacute;ng ta kh&ocirc;ng cần phải qu&aacute; bận t&acirc;m v&igrave; hầu hết m&agrave;n h&igrave;nh (20x4,...) đều như thế n&agrave;y!</span></span></span></span></p>\r\n\r\n<p style=\"margin-left:0cm; margin-right:0cm; text-align:justify\"><span style=\"font-size:11pt\"><span style=\"font-family:Calibri,sans-serif\"><span style=\"font-size:11.5pt\"><span style=\"font-family:&quot;Courier New&quot;\">//16 l&agrave; số cột của m&agrave;n h&igrave;nh (nếu d&ugrave;ng loại m&agrave;n h&igrave;nh 20x4) th&igrave; thay bằng 20</span></span></span></span></p>\r\n\r\n<p style=\"margin-left:0cm; margin-right:0cm; text-align:justify\"><span style=\"font-size:11pt\"><span style=\"font-family:Calibri,sans-serif\"><span style=\"font-size:11.5pt\"><span style=\"font-family:&quot;Courier New&quot;\">//2 l&agrave; số d&ograve;ng của m&agrave;n h&igrave;nh (nếu d&ugrave;ng loại m&agrave;n h&igrave;nh 20x4) th&igrave; thay bằng 4</span></span></span></span></p>\r\n\r\n<p style=\"margin-left:0cm; margin-right:0cm; text-align:justify\">&nbsp;</p>\r\n\r\n<p style=\"margin-left:0cm; margin-right:0cm; text-align:justify\"><span style=\"font-size:11pt\"><span style=\"font-family:Calibri,sans-serif\"><span style=\"font-size:11.5pt\"><span style=\"font-family:&quot;Courier New&quot;\">void setup() {</span></span></span></span></p>\r\n\r\n<p style=\"margin-left:0cm; margin-right:0cm; text-align:justify\"><span style=\"font-size:11pt\"><span style=\"font-family:Calibri,sans-serif\"><span style=\"font-size:11.5pt\"><span style=\"font-family:&quot;Courier New&quot;\">&nbsp; lcd.init();&nbsp;&nbsp;&nbsp;&nbsp;&nbsp;&nbsp; //Khởi động m&agrave;n h&igrave;nh. Bắt đầu cho ph&eacute;p Arduino sử dụng m&agrave;n h&igrave;nh, cũng giống như dht.begin() trong chương tr&igrave;nh tr&ecirc;n</span></span></span></span></p>\r\n\r\n<p style=\"margin-left:0cm; margin-right:0cm; text-align:justify\"><span style=\"font-size:11pt\"><span style=\"font-family:Calibri,sans-serif\">&nbsp; </span></span></p>\r\n\r\n<p style=\"margin-left:0cm; margin-right:0cm; text-align:justify\"><span style=\"font-size:11pt\"><span style=\"font-family:Calibri,sans-serif\"><span style=\"font-size:11.5pt\"><span style=\"font-family:&quot;Courier New&quot;\">&nbsp; lcd.backlight();&nbsp;&nbsp; //Bật đ&egrave;n nền</span></span></span></span></p>\r\n\r\n<p style=\"margin-left:0cm; margin-right:0cm; text-align:justify\"><span style=\"font-size:11pt\"><span style=\"font-family:Calibri,sans-serif\"><span style=\"font-size:11.5pt\"><span style=\"font-family:&quot;Courier New&quot;\">&nbsp; lcd.print(&quot;Hello world&quot;);&nbsp; //Xuất ra chữ Hello world, mặc định sau khi init th&igrave; con trỏ tại cột 0 h&agrave;ng 0 (trong C, kh&aacute;c với quy ước của tiếng Việt, mọi chỉ số đều bắt đầu bằng số 0, v&igrave; vậy bạn cần hiểu rằng, nếu ta kẻ một bảng c&oacute; 2 h&agrave;ng v&agrave; 16 cột th&igrave; &ocirc; g&oacute;c tr&ecirc;n c&ugrave;ng b&ecirc;n tr&aacute;i l&agrave; &ocirc; (0,0) tương tự với c&aacute;c &ocirc; kh&aacute;c, ta cứ tăng dần gi&aacute; trị l&ecirc;n!</span></span></span></span></p>\r\n\r\n<p style=\"margin-left:0cm; margin-right:0cm; text-align:justify\"><span style=\"font-size:11pt\"><span style=\"font-family:Calibri,sans-serif\"><span style=\"font-size:11.5pt\"><span style=\"font-family:&quot;Courier New&quot;\">&nbsp; lcd.setCursor(0,1); //Đưa con trỏ tới h&agrave;ng 1, cột 0</span></span></span></span></p>\r\n\r\n<p style=\"margin-left:0cm; margin-right:0cm; text-align:justify\"><span style=\"font-size:11pt\"><span style=\"font-family:Calibri,sans-serif\"><span style=\"font-size:11.5pt\"><span style=\"font-family:&quot;Courier New&quot;\">&nbsp; lcd.print(&quot;I love Arduino !&quot;);// Bạn thấy tr&ecirc;n m&agrave;n h&igrave;nh rồi chứ?</span></span></span></span></p>\r\n\r\n<p style=\"margin-left:0cm; margin-right:0cm; text-align:justify\"><span style=\"font-size:11pt\"><span style=\"font-family:Calibri,sans-serif\"><span style=\"font-size:11.5pt\"><span style=\"font-family:&quot;Courier New&quot;\">}</span></span></span></span></p>\r\n\r\n<p style=\"margin-left:0cm; margin-right:0cm; text-align:justify\">&nbsp;</p>\r\n\r\n<p style=\"margin-left:0cm; margin-right:0cm; text-align:justify\"><span style=\"font-size:11pt\"><span style=\"font-family:Calibri,sans-serif\"><span style=\"font-size:11.5pt\"><span style=\"font-family:&quot;Courier New&quot;\">void loop() {</span></span></span></span></p>\r\n\r\n<p style=\"margin-left:0cm; margin-right:0cm; text-align:justify\"><span style=\"font-size:11pt\"><span style=\"font-family:Calibri,sans-serif\"><span style=\"font-size:11.5pt\"><span style=\"font-family:&quot;Courier New&quot;\">}</span></span></span></span></p>\r\n\r\n<p style=\"margin-left:0cm; margin-right:0cm; text-align:justify\"><span style=\"font-size:11pt\"><span style=\"font-family:Calibri,sans-serif\"><strong><span style=\"font-size:18.0pt\"><span style=\"font-family:&quot;Times New Roman&quot;,serif\"><span style=\"color:darkorange\">6. Kết hợp đọc nhiệt độ độ - độ ẩm v&agrave; xuất ra m&agrave;n h&igrave;nh</span></span></span></strong></span></span></p>\r\n\r\n<p style=\"margin-left:0cm; margin-right:0cm; text-align:justify\"><span style=\"color:#16a085\"><span style=\"font-size:11pt\"><span style=\"font-family:Calibri,sans-serif\"><span style=\"font-size:13.0pt\"><span style=\"font-family:&quot;Times New Roman&quot;,serif\">B&acirc;y giờ bạn đ&atilde; biết c&aacute;ch đọc nhiệt độ, độ ẩm rồi v&agrave; cũng đ&atilde; biết xuất ra m&agrave;n h&igrave;nh. Vậy b&acirc;y giờ ch&uacute;ng ta chỉ việc kết hợp cả 2 lại để được một đoạn code như thế n&agrave;y:</span></span></span></span></span></p>\r\n\r\n<p style=\"margin-left:0cm; margin-right:0cm; text-align:justify\"><span style=\"font-size:11pt\"><span style=\"font-family:Calibri,sans-serif\"><span style=\"font-size:11.5pt\"><span style=\"font-family:&quot;Courier New&quot;\">#include &lt;DHT.h&gt;</span></span></span></span></p>\r\n\r\n<p style=\"margin-left:0cm; margin-right:0cm; text-align:justify\"><span style=\"font-size:11pt\"><span style=\"font-family:Calibri,sans-serif\"><span style=\"font-size:11.5pt\"><span style=\"font-family:&quot;Courier New&quot;\">#include &lt;Wire.h&gt; </span></span></span></span></p>\r\n\r\n<p style=\"margin-left:0cm; margin-right:0cm; text-align:justify\"><span style=\"font-size:11pt\"><span style=\"font-family:Calibri,sans-serif\"><span style=\"font-size:11.5pt\"><span style=\"font-family:&quot;Courier New&quot;\">#include &lt;LiquidCrystal_I2C.h&gt;</span></span></span></span></p>\r\n\r\n<p style=\"margin-left:0cm; margin-right:0cm; text-align:justify\">&nbsp;</p>\r\n\r\n<p style=\"margin-left:0cm; margin-right:0cm; text-align:justify\"><span style=\"font-size:11pt\"><span style=\"font-family:Calibri,sans-serif\"><span style=\"font-size:11.5pt\"><span style=\"font-family:&quot;Courier New&quot;\">LiquidCrystal_I2C lcd(0x27,16,2);</span></span></span></span></p>\r\n\r\n<p style=\"margin-left:0cm; margin-right:0cm; text-align:justify\">&nbsp;</p>\r\n\r\n<p style=\"margin-left:0cm; margin-right:0cm; text-align:justify\"><span style=\"font-size:11pt\"><span style=\"font-family:Calibri,sans-serif\"><span style=\"font-size:11.5pt\"><span style=\"font-family:&quot;Courier New&quot;\">const int DHTPIN = 2;</span></span></span></span></p>\r\n\r\n<p style=\"margin-left:0cm; margin-right:0cm; text-align:justify\"><span style=\"font-size:11pt\"><span style=\"font-family:Calibri,sans-serif\"><span style=\"font-size:11.5pt\"><span style=\"font-family:&quot;Courier New&quot;\">const int DHTTYPE = DHT11;</span></span></span></span></p>\r\n\r\n<p style=\"margin-left:0cm; margin-right:0cm; text-align:justify\"><span style=\"font-size:11pt\"><span style=\"font-family:Calibri,sans-serif\"><span style=\"font-size:11.5pt\"><span style=\"font-family:&quot;Courier New&quot;\">DHT dht(DHTPIN, DHTTYPE);</span></span></span></span></p>\r\n\r\n<p style=\"margin-left:0cm; margin-right:0cm; text-align:justify\">&nbsp;</p>\r\n\r\n<p style=\"margin-left:0cm; margin-right:0cm; text-align:justify\"><span style=\"font-size:11pt\"><span style=\"font-family:Calibri,sans-serif\"><span style=\"font-size:11.5pt\"><span style=\"font-family:&quot;Courier New&quot;\">byte degree[8] = {</span></span></span></span></p>\r\n\r\n<p style=\"margin-left:0cm; margin-right:0cm; text-align:justify\"><span style=\"font-size:11pt\"><span style=\"font-family:Calibri,sans-serif\"><span style=\"font-size:11.5pt\"><span style=\"font-family:&quot;Courier New&quot;\">&nbsp; 0B01110,</span></span></span></span></p>\r\n\r\n<p style=\"margin-left:0cm; margin-right:0cm; text-align:justify\"><span style=\"font-size:11pt\"><span style=\"font-family:Calibri,sans-serif\"><span style=\"font-size:11.5pt\"><span style=\"font-family:&quot;Courier New&quot;\">&nbsp; 0B01010,</span></span></span></span></p>\r\n\r\n<p style=\"margin-left:0cm; margin-right:0cm; text-align:justify\"><span style=\"font-size:11pt\"><span style=\"font-family:Calibri,sans-serif\"><span style=\"font-size:11.5pt\"><span style=\"font-family:&quot;Courier New&quot;\">&nbsp; 0B01110,</span></span></span></span></p>\r\n\r\n<p style=\"margin-left:0cm; margin-right:0cm; text-align:justify\"><span style=\"font-size:11pt\"><span style=\"font-family:Calibri,sans-serif\"><span style=\"font-size:11.5pt\"><span style=\"font-family:&quot;Courier New&quot;\">&nbsp; 0B00000,</span></span></span></span></p>\r\n\r\n<p style=\"margin-left:0cm; margin-right:0cm; text-align:justify\"><span style=\"font-size:11pt\"><span style=\"font-family:Calibri,sans-serif\"><span style=\"font-size:11.5pt\"><span style=\"font-family:&quot;Courier New&quot;\">&nbsp; 0B00000,</span></span></span></span></p>\r\n\r\n<p style=\"margin-left:0cm; margin-right:0cm; text-align:justify\"><span style=\"font-size:11pt\"><span style=\"font-family:Calibri,sans-serif\"><span style=\"font-size:11.5pt\"><span style=\"font-family:&quot;Courier New&quot;\">&nbsp; 0B00000,</span></span></span></span></p>\r\n\r\n<p style=\"margin-left:0cm; margin-right:0cm; text-align:justify\"><span style=\"font-size:11pt\"><span style=\"font-family:Calibri,sans-serif\"><span style=\"font-size:11.5pt\"><span style=\"font-family:&quot;Courier New&quot;\">&nbsp; 0B00000,</span></span></span></span></p>\r\n\r\n<p style=\"margin-left:0cm; margin-right:0cm; text-align:justify\"><span style=\"font-size:11pt\"><span style=\"font-family:Calibri,sans-serif\"><span style=\"font-size:11.5pt\"><span style=\"font-family:&quot;Courier New&quot;\">&nbsp; 0B00000</span></span></span></span></p>\r\n\r\n<p style=\"margin-left:0cm; margin-right:0cm; text-align:justify\"><span style=\"font-size:11pt\"><span style=\"font-family:Calibri,sans-serif\"><span style=\"font-size:11.5pt\"><span style=\"font-family:&quot;Courier New&quot;\">};</span></span></span></span></p>\r\n\r\n<p style=\"margin-left:0cm; margin-right:0cm; text-align:justify\">&nbsp;</p>\r\n\r\n<p style=\"margin-left:0cm; margin-right:0cm; text-align:justify\"><span style=\"font-size:11pt\"><span style=\"font-family:Calibri,sans-serif\"><span style=\"font-size:11.5pt\"><span style=\"font-family:&quot;Courier New&quot;\">void setup() {</span></span></span></span></p>\r\n\r\n<p style=\"margin-left:0cm; margin-right:0cm; text-align:justify\"><span style=\"font-size:11pt\"><span style=\"font-family:Calibri,sans-serif\"><span style=\"font-size:11.5pt\"><span style=\"font-family:&quot;Courier New&quot;\">&nbsp; lcd.init();&nbsp; </span></span></span></span></p>\r\n\r\n<p style=\"margin-left:0cm; margin-right:0cm; text-align:justify\"><span style=\"font-size:11pt\"><span style=\"font-family:Calibri,sans-serif\"><span style=\"font-size:11.5pt\"><span style=\"font-family:&quot;Courier New&quot;\">&nbsp; lcd.backlight();</span></span></span></span></p>\r\n\r\n<p style=\"margin-left:0cm; margin-right:0cm; text-align:justify\"><span style=\"font-size:11pt\"><span style=\"font-family:Calibri,sans-serif\">&nbsp; </span></span></p>\r\n\r\n<p style=\"margin-left:0cm; margin-right:0cm; text-align:justify\"><span style=\"font-size:11pt\"><span style=\"font-family:Calibri,sans-serif\"><span style=\"font-size:11.5pt\"><span style=\"font-family:&quot;Courier New&quot;\">&nbsp; lcd.print(&quot;Nhiet do: &quot;);</span></span></span></span></p>\r\n\r\n<p style=\"margin-left:0cm; margin-right:0cm; text-align:justify\"><span style=\"font-size:11pt\"><span style=\"font-family:Calibri,sans-serif\"><span style=\"font-size:11.5pt\"><span style=\"font-family:&quot;Courier New&quot;\">&nbsp; lcd.setCursor(0,1);</span></span></span></span></p>\r\n\r\n<p style=\"margin-left:0cm; margin-right:0cm; text-align:justify\"><span style=\"font-size:11pt\"><span style=\"font-family:Calibri,sans-serif\"><span style=\"font-size:11.5pt\"><span style=\"font-family:&quot;Courier New&quot;\">&nbsp; lcd.print(&quot;Do am: &quot;);</span></span></span></span></p>\r\n\r\n<p style=\"margin-left:0cm; margin-right:0cm; text-align:justify\"><span style=\"font-size:11pt\"><span style=\"font-family:Calibri,sans-serif\">&nbsp; </span></span></p>\r\n\r\n<p style=\"margin-left:0cm; margin-right:0cm; text-align:justify\"><span style=\"font-size:11pt\"><span style=\"font-family:Calibri,sans-serif\"><span style=\"font-size:11.5pt\"><span style=\"font-family:&quot;Courier New&quot;\">&nbsp; lcd.createChar(1, degree);</span></span></span></span></p>\r\n\r\n<p style=\"margin-left:0cm; margin-right:0cm; text-align:justify\">&nbsp;</p>\r\n\r\n<p style=\"margin-left:0cm; margin-right:0cm; text-align:justify\"><span style=\"font-size:11pt\"><span style=\"font-family:Calibri,sans-serif\"><span style=\"font-size:11.5pt\"><span style=\"font-family:&quot;Courier New&quot;\">&nbsp; dht.begin();&nbsp; </span></span></span></span></p>\r\n\r\n<p style=\"margin-left:0cm; margin-right:0cm; text-align:justify\"><span style=\"font-size:11pt\"><span style=\"font-family:Calibri,sans-serif\"><span style=\"font-size:11.5pt\"><span style=\"font-family:&quot;Courier New&quot;\">}</span></span></span></span></p>\r\n\r\n<p style=\"margin-left:0cm; margin-right:0cm; text-align:justify\">&nbsp;</p>\r\n\r\n<p style=\"margin-left:0cm; margin-right:0cm; text-align:justify\"><span style=\"font-size:11pt\"><span style=\"font-family:Calibri,sans-serif\"><span style=\"font-size:11.5pt\"><span style=\"font-family:&quot;Courier New&quot;\">void loop() {</span></span></span></span></p>\r\n\r\n<p style=\"margin-left:0cm; margin-right:0cm; text-align:justify\"><span style=\"font-size:11pt\"><span style=\"font-family:Calibri,sans-serif\"><span style=\"font-size:11.5pt\"><span style=\"font-family:&quot;Courier New&quot;\">&nbsp; float h = dht.readHumidity();</span></span></span></span></p>\r\n\r\n<p style=\"margin-left:0cm; margin-right:0cm; text-align:justify\"><span style=\"font-size:11pt\"><span style=\"font-family:Calibri,sans-serif\"><span style=\"font-size:11.5pt\"><span style=\"font-family:&quot;Courier New&quot;\">&nbsp; float t = dht.readTemperature();</span></span></span></span></p>\r\n\r\n<p style=\"margin-left:0cm; margin-right:0cm; text-align:justify\">&nbsp;</p>\r\n\r\n<p style=\"margin-left:0cm; margin-right:0cm; text-align:justify\"><span style=\"font-size:11pt\"><span style=\"font-family:Calibri,sans-serif\"><span style=\"font-size:11.5pt\"><span style=\"font-family:&quot;Courier New&quot;\">&nbsp; if (isnan(t) || isnan(h)) { // Kiểm tra xem thử việc đọc gi&aacute; trị c&oacute; bị thất bại hay kh&ocirc;ng. H&agrave;m isnan bạn xem tại đ&acirc;y http://arduino.vn/reference/isnan</span></span></span></span></p>\r\n\r\n<p style=\"margin-left:0cm; margin-right:0cm; text-align:justify\"><span style=\"font-size:11pt\"><span style=\"font-family:Calibri,sans-serif\"><span style=\"font-size:11.5pt\"><span style=\"font-family:&quot;Courier New&quot;\">&nbsp; } </span></span></span></span></p>\r\n\r\n<p style=\"margin-left:0cm; margin-right:0cm; text-align:justify\"><span style=\"font-size:11pt\"><span style=\"font-family:Calibri,sans-serif\"><span style=\"font-size:11.5pt\"><span style=\"font-family:&quot;Courier New&quot;\">&nbsp; else {</span></span></span></span></p>\r\n\r\n<p style=\"margin-left:0cm; margin-right:0cm; text-align:justify\"><span style=\"font-size:11pt\"><span style=\"font-family:Calibri,sans-serif\"><span style=\"font-size:11.5pt\"><span style=\"font-family:&quot;Courier New&quot;\">&nbsp;&nbsp;&nbsp; lcd.setCursor(10,0);</span></span></span></span></p>\r\n\r\n<p style=\"margin-left:0cm; margin-right:0cm; text-align:justify\"><span style=\"font-size:11pt\"><span style=\"font-family:Calibri,sans-serif\"><span style=\"font-size:11.5pt\"><span style=\"font-family:&quot;Courier New&quot;\">&nbsp;&nbsp;&nbsp; lcd.print(round(t));</span></span></span></span></p>\r\n\r\n<p style=\"margin-left:0cm; margin-right:0cm; text-align:justify\"><span style=\"font-size:11pt\"><span style=\"font-family:Calibri,sans-serif\"><span style=\"font-size:11.5pt\"><span style=\"font-family:&quot;Courier New&quot;\">&nbsp;&nbsp;&nbsp; lcd.print(&quot; &quot;);</span></span></span></span></p>\r\n\r\n<p style=\"margin-left:0cm; margin-right:0cm; text-align:justify\"><span style=\"font-size:11pt\"><span style=\"font-family:Calibri,sans-serif\"><span style=\"font-size:11.5pt\"><span style=\"font-family:&quot;Courier New&quot;\">&nbsp;&nbsp;&nbsp; lcd.write(1);</span></span></span></span></p>\r\n\r\n<p style=\"margin-left:0cm; margin-right:0cm; text-align:justify\"><span style=\"font-size:11pt\"><span style=\"font-family:Calibri,sans-serif\"><span style=\"font-size:11.5pt\"><span style=\"font-family:&quot;Courier New&quot;\">&nbsp;&nbsp;&nbsp; lcd.print(&quot;C&quot;);</span></span></span></span></p>\r\n\r\n<p style=\"margin-left:0cm; margin-right:0cm; text-align:justify\">&nbsp;</p>\r\n\r\n<p style=\"margin-left:0cm; margin-right:0cm; text-align:justify\"><span style=\"font-size:11pt\"><span style=\"font-family:Calibri,sans-serif\"><span style=\"font-size:11.5pt\"><span style=\"font-family:&quot;Courier New&quot;\">&nbsp;&nbsp;&nbsp; lcd.setCursor(10,1);</span></span></span></span></p>\r\n\r\n<p style=\"margin-left:0cm; margin-right:0cm; text-align:justify\"><span style=\"font-size:11pt\"><span style=\"font-family:Calibri,sans-serif\"><span style=\"font-size:11.5pt\"><span style=\"font-family:&quot;Courier New&quot;\">&nbsp;&nbsp;&nbsp; lcd.print(round(h));</span></span></span></span></p>\r\n\r\n<p style=\"margin-left:0cm; margin-right:0cm; text-align:justify\"><span style=\"font-size:11pt\"><span style=\"font-family:Calibri,sans-serif\"><span style=\"font-size:11.5pt\"><span style=\"font-family:&quot;Courier New&quot;\">&nbsp;&nbsp;&nbsp; lcd.print(&quot; %&quot;);&nbsp;&nbsp;&nbsp; </span></span></span></span></p>\r\n\r\n<p style=\"margin-left:0cm; margin-right:0cm; text-align:justify\"><span style=\"font-size:11pt\"><span style=\"font-family:Calibri,sans-serif\"><span style=\"font-size:11.5pt\"><span style=\"font-family:&quot;Courier New&quot;\">&nbsp; }</span></span></span></span></p>\r\n\r\n<p style=\"margin-left:0cm; margin-right:0cm; text-align:justify\"><span style=\"font-size:11pt\"><span style=\"font-family:Calibri,sans-serif\"><span style=\"font-size:11.5pt\"><span style=\"font-family:&quot;Courier New&quot;\">}</span></span></span></span></p>\r\n\r\n<p style=\"margin-left:0cm; margin-right:0cm; text-align:justify\"><span style=\"font-size:11pt\"><span style=\"font-family:Calibri,sans-serif\"><span style=\"font-size:11.5pt\"><span style=\"font-family:&quot;Courier New&quot;\">/*</span></span></span></span></p>\r\n\r\n<p style=\"margin-left:0cm; margin-right:0cm; text-align:justify\"><span style=\"font-size:11pt\"><span style=\"font-family:Calibri,sans-serif\"><span style=\"font-size:11.5pt\"><span style=\"font-family:&quot;Courier New&quot;\">H&atilde;y print ra xem thử bạn nhận được g&igrave;! V&Agrave; h&atilde;y thử kh&aacute;m ph&aacute; từng d&ograve;ng code mới trong n&agrave;y nh&eacute; ;)</span></span></span></span></p>\r\n\r\n<p style=\"margin-left:0cm; margin-right:0cm; text-align:justify\"><span style=\"font-size:11pt\"><span style=\"font-family:Calibri,sans-serif\"><span style=\"font-size:11.5pt\"><span style=\"font-family:&quot;Courier New&quot;\">*/</span></span></span></span></p>\r\n\r\n<p style=\"margin-left:0cm; margin-right:0cm; text-align:justify\"><em><span style=\"color:#8e44ad\"><span style=\"font-size:11pt\"><span style=\"font-family:Calibri,sans-serif\"><span style=\"font-size:13.0pt\"><span style=\"font-family:&quot;Times New Roman&quot;,serif\">Cập nhật từ comment dưới b&agrave;i viết</span></span></span></span></span></em></p>\r\n\r\n<ul>\r\n	<li style=\"text-align:justify\"><em><span style=\"color:#8e44ad\"><span style=\"font-size:11pt\"><span style=\"font-family:Calibri,sans-serif\"><span style=\"font-size:13.0pt\"><span style=\"font-family:&quot;Times New Roman&quot;,serif\">Nếu bạn thấy m&agrave;n h&igrave;nh kh&ocirc;ng hiển thị r&otilde; chữ, h&atilde;y kiểm tra lại c&aacute;c đường d&acirc;y điện xem c&oacute; lỏng hay kh&ocirc;ng hoặc thử vặn biến trở tr&ecirc;n m&agrave;n h&igrave;nh để điều chỉnh độ tương phản.</span></span></span></span></span></em></li>\r\n	<li style=\"text-align:justify\"><em><span style=\"color:#8e44ad\"><span style=\"font-size:11pt\"><span style=\"font-family:Calibri,sans-serif\"><span style=\"font-size:13.0pt\"><span style=\"font-family:&quot;Times New Roman&quot;,serif\">Nếu khi dịch chương tr&igrave;nh bạn gặp c&aacute;c lỗi như &quot;&#39;LiquidCrystal_I2C does not name a type&#39;&quot;, &quot;dht.h: No such file or directory&quot;,.. th&igrave; h&atilde;y kiểm tra lại xem m&igrave;nh đ&atilde; c&agrave;i đặt thư viện cho cảm biến DHT11 hay chưa.</span></span></span></span></span></em></li>\r\n	<li style=\"text-align:justify\"><em><span style=\"color:#8e44ad\"><span style=\"font-size:11pt\"><span style=\"font-family:Calibri,sans-serif\"><span style=\"font-size:13.0pt\"><span style=\"font-family:&quot;Times New Roman&quot;,serif\">Bạn kh&ocirc;ng thể sử dụng cảm biến DHT11 tr&ecirc;n mạch Intel Galileo Gen1, mạch Gen2 th&igrave; m&igrave;nh chưa test.</span></span></span></span></span></em></li>\r\n	<li style=\"text-align:justify\"><em><span style=\"color:#8e44ad\"><span style=\"font-size:11pt\"><span style=\"font-family:Calibri,sans-serif\"><span style=\"font-size:13.0pt\"><span style=\"font-family:&quot;Times New Roman&quot;,serif\">Bạn c&oacute; thể d&ugrave;ng nhiều cảm biến DHT11 c&ugrave;ng l&uacute;c.</span></span></span></span></span></em></li>\r\n	<li style=\"text-align:justify\"><em><span style=\"color:#8e44ad\"><span style=\"font-size:11pt\"><span style=\"font-family:Calibri,sans-serif\"><span style=\"font-size:13.0pt\"><span style=\"font-family:&quot;Times New Roman&quot;,serif\">Bạn phải sử dụng 2 ch&acirc;n A4, A5 (I2C) để giao tiếp với m&agrave;n h&igrave;nh LCD, kh&ocirc;ng thể thay đổi 2 ch&acirc;n n&agrave;y th&agrave;nh c&aacute;c ch&acirc;n kh&aacute;c. Với c&aacute;ch giao tiếp truyền thống, bạn sẽ phải mất đến 6 ch&acirc;n giao tiếp Digital.</span></span></span></span></span></em></li>\r\n</ul>\r\n\r\n<p style=\"margin-left:0cm; margin-right:0cm; text-align:justify\"><span style=\"font-size:11pt\"><span style=\"font-family:Calibri,sans-serif\">&nbsp;</span></span></p>\r\n\r\n<p style=\"margin-left:0cm; margin-right:0cm; text-align:justify\">&nbsp;</p>\r\n','/media/10-sai-lam-khi-rua-mat-1_gZhTQij.jpg','2019-04-28 17:20:42.699599','2019-04-28 17:20:42.699606',9,0,'',1,'',5,3),(3,'MATRIX LED ','Dự án nhỏ này cho phép bạn sử dụng mạch Arduino để điều khiển module LED có sẵn','<h1 style=\"text-align:center\"><span style=\"color:#e74c3c\"><span style=\"font-size:48px\">Matrix LED with Arduino - L&agrave;m led matrix với Arduino</span></span></h1>\r\n\r\n<ol>\r\n	<li><span style=\"color:#8e44ad\"><span style=\"font-size:20px\"><strong>Chuẩn bị:</strong></span></span>\r\n\r\n	<ul>\r\n		<li><span style=\"font-size:20px\"><span style=\"color:#8e44ad\">Bo&nbsp;</span><a href=\"http://arduino.vn/bai-viet/42-arduino-uno-r3-la-gi\" target=\"_blank\"><span style=\"color:#8e44ad\">arduino UNO</span></a><span style=\"color:#8e44ad\">.</span></span></li>\r\n		<li><span style=\"color:#8e44ad\"><span style=\"font-size:20px\">Module LED L10 HUB75 Indoor full color.</span></span></li>\r\n		<li><span style=\"color:#8e44ad\"><span style=\"font-size:20px\">D&acirc;y nối.</span></span></li>\r\n		<li><span style=\"color:#8e44ad\"><span style=\"font-size:20px\">Nguồn 5V - 2A.</span></span></li>\r\n		<li><span style=\"color:#8e44ad\"><span style=\"font-size:20px\"><img alt=\"\" src=\"http://k3.arduino.vn/img/2019/02/04/0/4120_81277321-1549250555-0-3.jpg\" /></span></span></li>\r\n	</ul>\r\n	</li>\r\n	<li><span style=\"color:#8e44ad\"><span style=\"font-size:20px\"><strong>Kết nối:</strong></span></span>\r\n	<ul>\r\n		<li><span style=\"color:#8e44ad\"><span style=\"font-size:20px\">Đ&acirc;y l&agrave; cổng HUB75.</span></span></li>\r\n		<li><span style=\"color:#8e44ad\"><span style=\"font-size:20px\">Đấu nối c&aacute;c ch&acirc;n theo bảng.</span></span></li>\r\n		<li><span style=\"color:#8e44ad\"><span style=\"font-size:20px\">Ngo&agrave;i ra c&ograve;n cần cấp nguồn 5V, d&ograve;ng tối thiểu khoảng 2A cho module matrix led.</span></span></li>\r\n		<li>\r\n		<p><span style=\"color:#8e44ad\"><span style=\"font-size:20px\"><img alt=\"\" src=\"http://k1.arduino.vn/img/2019/02/04/0/4174_12377321-1549251364-0-hub-75.jpeg\" /></span></span></p>\r\n		</li>\r\n		<li>\r\n		<table border=\"1\" cellpadding=\"1\">\r\n			<tbody>\r\n				<tr>\r\n					<td><span style=\"color:#8e44ad\"><span style=\"font-size:20px\">Module LED</span></span></td>\r\n					<td><span style=\"color:#8e44ad\"><span style=\"font-size:20px\">Arduino UNO</span></span></td>\r\n				</tr>\r\n				<tr>\r\n					<td><span style=\"color:#8e44ad\"><span style=\"font-size:20px\">R1</span></span></td>\r\n					<td><span style=\"color:#8e44ad\"><span style=\"font-size:20px\">2</span></span></td>\r\n				</tr>\r\n				<tr>\r\n					<td><span style=\"color:#8e44ad\"><span style=\"font-size:20px\">G1</span></span></td>\r\n					<td><span style=\"color:#8e44ad\"><span style=\"font-size:20px\">3</span></span></td>\r\n				</tr>\r\n				<tr>\r\n					<td><span style=\"color:#8e44ad\"><span style=\"font-size:20px\">B1</span></span></td>\r\n					<td><span style=\"color:#8e44ad\"><span style=\"font-size:20px\">4</span></span></td>\r\n				</tr>\r\n				<tr>\r\n					<td><span style=\"color:#8e44ad\"><span style=\"font-size:20px\">R2</span></span></td>\r\n					<td><span style=\"color:#8e44ad\"><span style=\"font-size:20px\">5</span></span></td>\r\n				</tr>\r\n				<tr>\r\n					<td><span style=\"color:#8e44ad\"><span style=\"font-size:20px\">G2</span></span></td>\r\n					<td><span style=\"color:#8e44ad\"><span style=\"font-size:20px\">6</span></span></td>\r\n				</tr>\r\n				<tr>\r\n					<td><span style=\"color:#8e44ad\"><span style=\"font-size:20px\">B2</span></span></td>\r\n					<td><span style=\"color:#8e44ad\"><span style=\"font-size:20px\">7</span></span></td>\r\n				</tr>\r\n				<tr>\r\n					<td><span style=\"color:#8e44ad\"><span style=\"font-size:20px\">A</span></span></td>\r\n					<td><span style=\"color:#8e44ad\"><span style=\"font-size:20px\">A0</span></span></td>\r\n				</tr>\r\n				<tr>\r\n					<td><span style=\"color:#8e44ad\"><span style=\"font-size:20px\">B</span></span></td>\r\n					<td><span style=\"color:#8e44ad\"><span style=\"font-size:20px\">A1</span></span></td>\r\n				</tr>\r\n				<tr>\r\n					<td><span style=\"color:#8e44ad\"><span style=\"font-size:20px\">C</span></span></td>\r\n					<td><span style=\"color:#8e44ad\"><span style=\"font-size:20px\">A2</span></span></td>\r\n				</tr>\r\n				<tr>\r\n					<td><span style=\"color:#8e44ad\"><span style=\"font-size:20px\">CLK</span></span></td>\r\n					<td><span style=\"color:#8e44ad\"><span style=\"font-size:20px\">8</span></span></td>\r\n				</tr>\r\n				<tr>\r\n					<td><span style=\"color:#8e44ad\"><span style=\"font-size:20px\">LAT</span></span></td>\r\n					<td><span style=\"color:#8e44ad\"><span style=\"font-size:20px\">10</span></span></td>\r\n				</tr>\r\n				<tr>\r\n					<td><span style=\"color:#8e44ad\"><span style=\"font-size:20px\">OE</span></span></td>\r\n					<td><span style=\"color:#8e44ad\"><span style=\"font-size:20px\">9</span></span></td>\r\n				</tr>\r\n				<tr>\r\n					<td><span style=\"color:#8e44ad\"><span style=\"font-size:20px\">GND (4 ch&acirc;n)</span></span></td>\r\n					<td><span style=\"color:#8e44ad\"><span style=\"font-size:20px\">GND</span></span></td>\r\n				</tr>\r\n			</tbody>\r\n		</table>\r\n		</li>\r\n	</ul>\r\n	</li>\r\n	<li><span style=\"color:#8e44ad\"><span style=\"font-size:20px\"><strong>Code:</strong></span></span>\r\n	<ul>\r\n		<li><span style=\"font-size:20px\"><span style=\"color:#8e44ad\">C&aacute;c bạn xem ở đ&acirc;y nh&eacute;: </span><a href=\"/media/2019/04/28/4143_882450-1549278535-0-matrix-led-with-arduino-master.zip\"><span style=\"color:#8e44ad\">Code</span></a></span></li>\r\n		<li><span style=\"color:#8e44ad\"><span style=\"font-size:20px\">Nhớ c&agrave;i 2 c&aacute;i thư viện k&egrave;m theo trước.</span></span></li>\r\n		<li><span style=\"color:#8e44ad\"><span style=\"font-size:20px\">Nếu muốn hiểu code chạy thế n&agrave;o th&igrave; tham khảo th&ecirc;m Adafruit nh&eacute; (c&oacute; link trong code)</span></span></li>\r\n	</ul>\r\n	</li>\r\n	<li><span style=\"color:#8e44ad\"><span style=\"font-size:20px\"><strong>Future:</strong></span></span>\r\n	<ul>\r\n		<li><span style=\"color:#8e44ad\"><span style=\"font-size:20px\">Tr&ecirc;n mạng c&oacute; kha kh&aacute; tr&ograve; hay với matrix led</span></span></li>\r\n		<li><span style=\"color:#8e44ad\"><span style=\"font-size:20px\">Bạn n&agrave;o c&oacute; hứng th&uacute; c&oacute; thể t&igrave;m hiểu th&ecirc;m.</span></span></li>\r\n	</ul>\r\n	</li>\r\n</ol>\r\n','/media/dot-matrix-display-500x500.jpg','2019-04-28 17:28:20.159860','2019-04-28 17:28:20.159866',12,0,'',1,'',5,3),(4,'Dự án câu chuyện của em','Câu chuyện của em','<p><span style=\"font-size:18px\"><span style=\"font-family:Times New Roman,Times,serif\"><span style=\"color:#2980b9\"><u><strong>Giới thiệu:</strong></u></span> Hằng ng&agrave;y, c&aacute;c em đ&atilde; được xem c&aacute;c phim hoạt h&igrave;nh ngắn như: Qu&agrave; tặng cuộc sống, mỗi ng&agrave;y một b&agrave;i học,.... ở tr&ecirc;n TV. C&aacute;c em c&oacute; muốn m&igrave;nh tự tạo ra một c&acirc;u chuyện giống vậy cho ri&ecirc;ng m&igrave;nh kh&ocirc;ng? Như c&aacute;c em đ&atilde; biết, trong Alice, nếu ch&uacute;ng ta lập tr&igrave;nh kết hợp c&aacute;c chuyển động với nhau c&oacute; thể tạo n&ecirc;n một c&acirc;u chuyện. Vậy sao ch&uacute;ng ta kh&ocirc;ng thử sử dụng Alice để tạo một c&acirc;u chuyện ngắn cho ri&ecirc;ng ta.&nbsp;</span></span></p>\r\n\r\n<p><span style=\"font-size:18px\"><span style=\"font-family:Times New Roman,Times,serif\"><strong><u><span style=\"color:#27ae60\">Mục ti&ecirc;u của dự &aacute;n:</span></u></strong> Gi&uacute;p hiểu r&otilde; hơn về điểm (khớp) của c&aacute;c đối tượng trong Alice. Ngo&agrave;i ra c&ograve;n gi&uacute;p c&aacute;c em ph&aacute;t triển tr&iacute; tưởng tượng, thử sức khả năng đạo diễn của m&igrave;nh khi tự tạo&nbsp;n&ecirc;n một c&acirc;u chuyện.</span></span></p>\r\n\r\n<p><span style=\"font-size:18px\"><span style=\"font-family:Times New Roman,Times,serif\"><u><strong><span style=\"color:#16a085\">Đối tượng tham gia dự &aacute;n:</span></strong></u> Tất cả mọi người.</span></span></p>\r\n','/media/50006569_548048069005847_8367614685188456448_n.jpg','2019-05-02 21:16:51.027807','2019-05-02 21:16:51.027813',15,0,'https://drive.google.com/open?id=1ES3JchLAgcwZw-Kx8VyzG46Q2FqPXXhi',1,'',6,2),(5,'PHÁO CÔNG THỦ THÀNH','Xây dựng một trò chơi dựa trên vật lý để tạo ra các cấu trúc và hạ gục chúng với bạn bè của bạn. Lưu và chia sẻ dự án của bạn với bạn bè.','<p style=\"text-align:center\"><img alt=\"\" src=\"/media/2019/05/03/picture51.png\" style=\"height:338px; width:600px\" /></p>\r\n\r\n<p style=\"text-align:center\"><span style=\"color:#2980b9\"><span style=\"font-size:36px\"><strong><span style=\"font-family:Times New Roman,Times,serif\">PH&Aacute;O C&Ocirc;NG THỦ TH&Agrave;NH</span></strong></span></span></p>\r\n\r\n<p style=\"text-align:justify\"><span style=\"color:#d35400\"><span style=\"font-size:20px\"><strong><span style=\"font-family:Times New Roman,Times,serif\">C&aacute;c em&nbsp;học c&aacute;ch sử dụng c&aacute;c kh&aacute;i niệm vật l&yacute; như trọng lực, độ nảy, xung lực v&agrave; va chạm khi họ x&acirc;y dựng một tr&ograve; chơi lấy cảm hứng từ Angry Birds&nbsp;bằng c&aacute;ch sử dụng c&ocirc;ng cụ vật l&yacute;.</span></strong></span></span></p>\r\n\r\n<p><iframe frameborder=\"0\" src=\"//www.tynker.com/ide/embedded?p=546eaeef84aafa3125000012&amp;controls=false&amp;autostart=false\" style=\"width:100%; height:768px\"></iframe></p>\r\n','/media/Picture52.png','2019-05-03 00:32:58.638805','2019-05-03 00:34:21.505732',20,0,'https://www.tynker.com/ide/?p=546eaeef84aafa3125000012',1,'',7,1),(6,'CHÚ CHIM LƠ LỬNG','Lập trình một con chim để nảy xung quanh màn hình của bạn và tạo ra nhiều con chim hơn khi nhấp vào.','<p style=\"text-align:center\"><img alt=\"\" src=\"/media/2019/05/03/picture37.png\" style=\"height:338px; width:600px\" /></p>\r\n\r\n<p style=\"text-align:center\"><span style=\"color:#2980b9\"><strong><span style=\"font-size:36px\"><span style=\"font-family:Times New Roman,Times,serif\">CH&Uacute; CHIM LƠ LỬNG</span></span></strong></span></p>\r\n\r\n<p style=\"text-align:justify\"><span style=\"color:#d35400\"><span style=\"font-size:20px\"><strong><span style=\"font-family:Times New Roman,Times,serif\">Học sinh sử dụng nh&acirc;n bản để tạo ra nhiều con chim hơn v&agrave; thay đổi t&iacute;nh chất vật l&yacute; để l&agrave;m cho những con chim di chuyển v&agrave; nảy l&ecirc;n.</span></strong></span></span></p>\r\n\r\n<p><iframe frameborder=\"0\" src=\"//www.tynker.com/ide/embedded?p=5640e0e9af923131278b45d4&amp;controls=false&amp;autostart=false\" style=\"width:100%; height:768px\"></iframe></p>\r\n','/media/Picture53.png','2019-05-03 00:40:16.678778','2019-05-03 00:40:16.678784',19,0,'https://www.tynker.com/ide/?p=5640e0e9af923131278b45d4',1,'',7,1),(8,'Các mô hình 3D','Các mô hình 3D','<p><span style=\"font-size:18px\"><span style=\"font-family:Times New Roman,Times,serif\"><span style=\"color:#2980b9\"><u><strong>Giới thiệu</strong></u></span>: Hiện nay Alice đ&atilde; cho ra mắt&nbsp;phi&ecirc;n bản thử nghiệm&nbsp;Alice 3 (beta), đ&acirc;y l&agrave; phi&ecirc;n bản cho ph&eacute;p người d&ugrave;ng c&oacute; thể th&ecirc;m c&aacute;c m&ocirc; h&igrave;nh 3D của ri&ecirc;ng m&igrave;nh v&agrave;o trong Alice. Ở dự &aacute;n lần n&agrave;y ch&uacute;ng ta sẽ c&ugrave;ng t&igrave;m hiểu c&aacute;ch tạo v&agrave; th&ecirc;m m&ocirc; h&igrave;nh 3D v&agrave;o Alice</span></span></p>\r\n\r\n<p><span style=\"font-size:18px\"><span style=\"font-family:Times New Roman,Times,serif\"><span style=\"color:#27ae60\"><u><strong>Mục ti&ecirc;u:</strong></u></span> T&igrave;m hiểu c&aacute;ch sử dụng Blender đề tạo m&ocirc; h&igrave;nh 3D v&agrave; t&igrave;m hiểu c&aacute;ch th&ecirc;m m&ocirc; h&igrave;nh 3D b&ecirc;n ngo&agrave;i v&agrave;o Alice</span></span></p>\r\n\r\n<p><span style=\"font-size:18px\"><span style=\"font-family:Times New Roman,Times,serif\"><span style=\"color:#16a085\"><u><strong>Đối tượng tham gia:</strong></u></span> Tất cả mọi người</span></span></p>\r\n','/media/maxresdefault.jpg','2019-05-07 11:24:27.596025','2019-05-07 11:24:27.596032',10,0,'https://www.youtube.com/watch?time_continue=93&v=kes2qmijy7w',1,'',6,2);
/*!40000 ALTER TABLE `projectshare` ENABLE KEYS */;
UNLOCK TABLES;

--
-- Table structure for table `projectsharelike`
--

DROP TABLE IF EXISTS `projectsharelike`;
/*!40101 SET @saved_cs_client     = @@character_set_client */;
 SET character_set_client = utf8mb4 ;
CREATE TABLE `projectsharelike` (
  `ProjectShareLikeID` int(11) NOT NULL AUTO_INCREMENT,
  `Status` int(11) DEFAULT NULL,
  `IsEnable` int(11) DEFAULT NULL,
  `Note` varchar(250) COLLATE utf8_unicode_ci DEFAULT NULL,
  `AccountID` int(11) DEFAULT NULL,
  `ProjectShareTopicID` int(11) DEFAULT NULL,
  PRIMARY KEY (`ProjectShareLikeID`),
  KEY `projectsharelike_AccountID_58f9fb23_fk_account_AccountID` (`AccountID`),
  KEY `projectsharelike_ProjectShareTopicID_a82be751_fk_projectsh` (`ProjectShareTopicID`),
  CONSTRAINT `projectsharelike_AccountID_58f9fb23_fk_account_AccountID` FOREIGN KEY (`AccountID`) REFERENCES `account` (`AccountID`),
  CONSTRAINT `projectsharelike_ProjectShareTopicID_a82be751_fk_projectsh` FOREIGN KEY (`ProjectShareTopicID`) REFERENCES `projectshare` (`ProjectShareTopicID`)
) ENGINE=InnoDB AUTO_INCREMENT=18 DEFAULT CHARSET=utf8 COLLATE=utf8_unicode_ci;
/*!40101 SET character_set_client = @saved_cs_client */;

--
-- Dumping data for table `projectsharelike`
--

LOCK TABLES `projectsharelike` WRITE;
/*!40000 ALTER TABLE `projectsharelike` DISABLE KEYS */;
INSERT INTO `projectsharelike` VALUES (4,1,1,'',3,1),(5,1,1,'',3,8),(6,1,1,'',41,1),(7,1,1,'',41,8),(8,1,1,'',41,6),(9,1,1,'',41,5),(10,1,1,'',41,4),(11,1,1,'',41,3),(12,1,1,'',41,2),(13,1,1,'',42,8),(14,1,1,'',42,5),(15,1,1,'',42,3),(16,1,1,'',42,4),(17,1,1,'',42,1);
/*!40000 ALTER TABLE `projectsharelike` ENABLE KEYS */;
UNLOCK TABLES;

--
-- Table structure for table `projectsharereply`
--

DROP TABLE IF EXISTS `projectsharereply`;
/*!40101 SET @saved_cs_client     = @@character_set_client */;
 SET character_set_client = utf8mb4 ;
CREATE TABLE `projectsharereply` (
  `ProjectShareReplyID` int(11) NOT NULL AUTO_INCREMENT,
  `Content` longtext COLLATE utf8_unicode_ci,
  `CreateDate` datetime(6) DEFAULT NULL,
  `EditDate` datetime(6) DEFAULT NULL,
  `IsEnable` int(11) DEFAULT NULL,
  `Note` varchar(250) COLLATE utf8_unicode_ci DEFAULT NULL,
  `AccountID` int(11) DEFAULT NULL,
  `ProjectShareTopicID` int(11) DEFAULT NULL,
  PRIMARY KEY (`ProjectShareReplyID`),
  KEY `projectsharereply_AccountID_54edc594_fk_account_AccountID` (`AccountID`),
  KEY `projectsharereply_ProjectShareTopicID_a24db296_fk_projectsh` (`ProjectShareTopicID`),
  CONSTRAINT `projectsharereply_AccountID_54edc594_fk_account_AccountID` FOREIGN KEY (`AccountID`) REFERENCES `account` (`AccountID`),
  CONSTRAINT `projectsharereply_ProjectShareTopicID_a24db296_fk_projectsh` FOREIGN KEY (`ProjectShareTopicID`) REFERENCES `projectshare` (`ProjectShareTopicID`)
) ENGINE=InnoDB AUTO_INCREMENT=27 DEFAULT CHARSET=utf8 COLLATE=utf8_unicode_ci;
/*!40101 SET character_set_client = @saved_cs_client */;

--
-- Dumping data for table `projectsharereply`
--

LOCK TABLES `projectsharereply` WRITE;
/*!40000 ALTER TABLE `projectsharereply` DISABLE KEYS */;
INSERT INTO `projectsharereply` VALUES (1,'<p>C&oacute; vẻ hấp dẫn đ&acirc;y!</p>\n','2019-05-07 16:17:53.574455','2019-05-07 16:17:53.574462',1,'',3,8),(2,'<p>Dự &aacute;n hay!</p>\n','2019-05-08 20:53:04.886187','2019-05-08 20:53:04.886193',1,'',40,8),(3,'<p>Dự &aacute;n th&uacute; vị!</p>\n','2019-05-08 20:53:22.939020','2019-05-08 20:53:22.939024',1,'',40,6),(4,'<p>Dự &aacute;n hay v&agrave; th&uacute; vị!</p>\n','2019-05-08 20:53:45.010517','2019-05-08 20:53:45.010523',1,'',40,5),(5,'<p>Dự &aacute;n hay v&agrave; th&uacute; vị!</p>\n','2019-05-08 20:53:59.059821','2019-05-08 20:53:59.059828',1,'',40,4),(6,'<p>Dự &aacute;n hay v&agrave; hấp dẫn!</p>\n','2019-05-08 20:54:13.623135','2019-05-08 20:54:13.623143',1,'',40,3),(7,'<p>Dự &aacute;n hay v&agrave; hấp dẫn!</p>\n','2019-05-08 20:54:31.326886','2019-05-08 20:54:31.326893',1,'',40,2),(8,'<p>Dự &aacute;n hay v&agrave; hấp dẫn!</p>\n','2019-05-08 20:54:51.538289','2019-05-08 20:54:51.538296',1,'',40,1),(9,'<p>Dự &aacute;n th&uacute; vị!</p>\n','2019-05-08 21:02:37.535287','2019-05-08 21:02:37.535294',1,'',41,8),(10,'<p>Dự &aacute;n hay!</p>\n','2019-05-08 21:02:51.580972','2019-05-08 21:02:51.580979',1,'',41,6),(11,'<p>Rất th&iacute;ch dự &aacute;n n&agrave;y!</p>\n','2019-05-08 21:03:04.657852','2019-05-08 21:03:04.657858',1,'',41,5),(12,'<p>Dự &aacute;n hay v&agrave; hấp dẫn!</p>\n','2019-05-08 21:03:21.893600','2019-05-08 21:03:21.893605',1,'',41,4),(13,'<p>Dự &aacute;n th&uacute; vị!</p>\n','2019-05-08 21:03:35.217697','2019-05-08 21:03:35.217702',1,'',41,3),(14,'<p>Dự &aacute;n hay v&agrave; chi tiết!</p>\n','2019-05-08 21:03:54.333563','2019-05-08 21:03:54.333569',1,'',41,2),(15,'<p>Dự &aacute;n hay!</p>\n','2019-05-08 21:04:17.458372','2019-05-08 21:04:17.458379',1,'',41,1),(16,'<p>Hay v&agrave; hấp dẫn!</p>\n','2019-05-08 21:13:33.743650','2019-05-08 21:13:33.743657',1,'',42,8),(17,'<p>Th&uacute; vị v&agrave; hay!</p>\n','2019-05-08 21:13:46.920569','2019-05-08 21:13:46.920576',1,'',42,6),(18,'<p>Dự &aacute;n hay!</p>\n','2019-05-08 21:14:09.552420','2019-05-08 21:14:09.552425',1,'',42,5),(19,'<p>Hay!</p>\n','2019-05-08 21:14:22.277499','2019-05-08 21:14:22.277504',1,'',42,4),(20,'<p>Dự &aacute;n hấp dẫn!</p>\n','2019-05-08 21:14:38.171068','2019-05-08 21:14:38.171073',1,'',42,3),(21,'<p>Dự &aacute;n th&uacute; vị!</p>\n','2019-05-08 21:14:54.150762','2019-05-08 21:14:54.150769',1,'',42,2),(22,'<p>dự &aacute;n thật th&uacute; vị. t&ocirc;i kh&ocirc;ng ngờ, với Tynker m&igrave;nh c&oacute; thể tạo ra 1 tr&ograve; chơi m&ocirc; phỏng thực tế như vậy</p>\n','2019-05-08 23:25:40.588383','2019-05-08 23:25:40.588388',1,'',37,5),(23,'<p>du an hay hap dan</p>\n','2019-05-09 10:57:40.840299','2019-05-09 10:57:40.840304',1,'',38,6),(24,'<p>Rất th&iacute;ch dự &aacute;n n&agrave;y!</p>\n','2019-05-09 10:58:04.921765','2019-05-09 10:58:04.921771',1,'',38,5),(25,'<p>hấp dẫn v&agrave; l&ocirc;i cuốn</p>\n','2019-05-09 10:58:43.045625','2019-05-09 10:58:43.045632',1,'',38,1),(26,'<p>&yacute; nghĩa v&agrave; thu h&uacute;t người học. cung cấp nhiều nội dung kiến thức quan trọng</p>\n','2019-05-09 10:59:31.213011','2019-05-09 10:59:31.213018',1,'',38,2);
/*!40000 ALTER TABLE `projectsharereply` ENABLE KEYS */;
UNLOCK TABLES;

--
-- Table structure for table `sliderunbar`
--

DROP TABLE IF EXISTS `sliderunbar`;
/*!40101 SET @saved_cs_client     = @@character_set_client */;
 SET character_set_client = utf8mb4 ;
CREATE TABLE `sliderunbar` (
  `SlideRunBarID` int(11) NOT NULL AUTO_INCREMENT,
  `SlideRunBarName` varchar(250) COLLATE utf8_unicode_ci DEFAULT NULL,
  `Content` longtext COLLATE utf8_unicode_ci,
  `Link` varchar(250) COLLATE utf8_unicode_ci DEFAULT NULL,
  `CreateDate` datetime(6) DEFAULT NULL,
  `EditDate` datetime(6) DEFAULT NULL,
  `IsEnable` int(11) DEFAULT NULL,
  `Image` varchar(250) COLLATE utf8_unicode_ci DEFAULT NULL,
  `Note` varchar(250) COLLATE utf8_unicode_ci DEFAULT NULL,
  PRIMARY KEY (`SlideRunBarID`)
) ENGINE=InnoDB DEFAULT CHARSET=utf8 COLLATE=utf8_unicode_ci;
/*!40101 SET character_set_client = @saved_cs_client */;

--
-- Dumping data for table `sliderunbar`
--

LOCK TABLES `sliderunbar` WRITE;
/*!40000 ALTER TABLE `sliderunbar` DISABLE KEYS */;
/*!40000 ALTER TABLE `sliderunbar` ENABLE KEYS */;
UNLOCK TABLES;

--
-- Table structure for table `subject`
--

DROP TABLE IF EXISTS `subject`;
/*!40101 SET @saved_cs_client     = @@character_set_client */;
 SET character_set_client = utf8mb4 ;
CREATE TABLE `subject` (
  `SubjectID` int(11) NOT NULL AUTO_INCREMENT,
  `SubjectName` varchar(250) COLLATE utf8_unicode_ci DEFAULT NULL,
  `CreateDate` datetime(6) DEFAULT NULL,
  `EditDate` datetime(6) DEFAULT NULL,
  `IntroVideo` varchar(250) COLLATE utf8_unicode_ci DEFAULT NULL,
  `Description` varchar(250) COLLATE utf8_unicode_ci DEFAULT NULL,
  `Content` longtext COLLATE utf8_unicode_ci,
  `IsEnable` int(11) DEFAULT NULL,
  `Avatar` varchar(250) COLLATE utf8_unicode_ci DEFAULT NULL,
  `Note` varchar(250) COLLATE utf8_unicode_ci DEFAULT NULL,
  `AccountID` int(11) DEFAULT NULL,
  `EnviromentCateID` int(11) DEFAULT NULL,
  PRIMARY KEY (`SubjectID`),
  KEY `subject_AccountID_65438c5d_fk_account_AccountID` (`AccountID`),
  KEY `subject_EnviromentCateID_2149bd78_fk_enviromen` (`EnviromentCateID`),
  CONSTRAINT `subject_AccountID_65438c5d_fk_account_AccountID` FOREIGN KEY (`AccountID`) REFERENCES `account` (`AccountID`),
  CONSTRAINT `subject_EnviromentCateID_2149bd78_fk_enviromen` FOREIGN KEY (`EnviromentCateID`) REFERENCES `enviromentcate` (`EnviromentCateID`)
) ENGINE=InnoDB AUTO_INCREMENT=7 DEFAULT CHARSET=utf8 COLLATE=utf8_unicode_ci;
/*!40101 SET character_set_client = @saved_cs_client */;

--
-- Dumping data for table `subject`
--

LOCK TABLES `subject` WRITE;
/*!40000 ALTER TABLE `subject` DISABLE KEYS */;
INSERT INTO `subject` VALUES (1,'TYNKER - THẾ GIỚI TRONG MƠ','2019-04-26 17:11:52.183872','2019-05-06 16:02:46.760059','https://www.youtube.com/embed/dRUotVPqX0A','Khóa học này cung cấp các khái niệm đầu tiên, cơ bản về lập trình nói chung và Tynker nói riêng. Sau khi kết thúc khóa học này, các em có thể tự tạo ra các game, ứng dụng đơn giản bằng ngôn ngữ Tynker.','<p style=\"text-align:center\"><span style=\"color:#d35400\"><span style=\"font-size:36px\"><span style=\"font-family:Times New Roman,Times,serif\"><strong>KH&Oacute;A HỌC</strong></span></span></span></p>\r\n\r\n<p style=\"text-align:center\"><span style=\"font-size:36px\"><span style=\"font-family:Times New Roman,Times,serif\"><strong><span style=\"color:#8e44ad\">TYNKER</span> - <span style=\"color:#e74c3c\">THẾ GIỚI TRONG MƠ</span></strong></span></span></p>\r\n\r\n<p style=\"text-align:center\"><span style=\"font-size:36px\"><span style=\"font-family:Times New Roman,Times,serif\"><strong><span style=\"color:#e74c3c\"><img alt=\"\" src=\"/media/2019/04/27/picture1.jpg\" style=\"width:100%\" /></span></strong></span></span></p>\r\n\r\n<p style=\"text-align:justify\"><span style=\"color:#16a085\"><span style=\"font-size:20px\"><span style=\"font-family:Times New Roman,Times,serif\"><strong>1. T&ecirc;n kh&oacute;a học:</strong></span></span></span><span style=\"color:#e74c3c\"><span style=\"font-size:20px\"><span style=\"font-family:Times New Roman,Times,serif\"><strong>&nbsp;TYNKER - THẾ GIỚI TRONG MƠ</strong></span></span></span></p>\r\n\r\n<p style=\"text-align:justify\"><span style=\"color:#16a085\"><span style=\"font-size:20px\"><span style=\"font-family:Times New Roman,Times,serif\"><strong>2. M&ocirc; tả kh&oacute;a học:</strong></span></span></span></p>\r\n\r\n<p style=\"text-align:justify\"><span style=\"color:#d35400\"><span style=\"font-size:20px\"><span style=\"font-family:Times New Roman,Times,serif\"><em>Ch&agrave;o mừng bạn đ&atilde; đến với chuy&ecirc;n đề học tập trực tuyến của ch&uacute;ng t&ocirc;i.&nbsp;</em><strong>TYNKER - THẾ GIỚI TRONG MƠ</strong><em>&nbsp;hứa hẹn sẽ trở th&agrave;nh một nơi l&yacute; tưởng để những bạn c&oacute; niềm đam m&ecirc; kh&aacute;m ph&aacute; thế giới lập tr&igrave;nh k&eacute;o - thả trực quan&nbsp;được tự do học tập, vui chơi v&agrave; th&otilde;a sức tạo n&ecirc;n những điều tuyệt vời nhất từ ch&iacute;nh c&aacute;c bạn. Với đội ngũ gi&aacute;o vi&ecirc;n c&oacute; năng lực v&agrave; tận t&acirc;m trong c&ocirc;ng việc,&nbsp;</em><strong>TYNKER - THẾ GIỚI TRONG MƠ</strong>&nbsp;<em>được x&acirc;y dựng v&agrave; ph&aacute;t triển với những b&agrave;i học c&oacute; nội dung c&ocirc; động, s&uacute;c t&iacute;ch&nbsp;v&agrave; b&ecirc;n cạnh đ&oacute; l&agrave; những hoạt động đ&aacute;nh gi&aacute; năng lực người học một c&aacute;ch chuẩn mực nhất. Trong mỗi b&agrave;i học sẽ được thiết kế th&agrave;nh nhiều chủ đề, đ&acirc;y đều l&agrave; những chủ đề mới v&agrave; c&oacute; sức hấp dẫn cao.Trong mỗi chủ đề, bạn sẽ lần lượt trải qua 3 nội dung học tập lần lượt l&agrave; :&nbsp;<strong>GIỚI THIỆU</strong>&nbsp;- L&agrave;m quen với nội dung b&agrave;i học;&nbsp;<strong>KH&Aacute;M PH&Aacute; -&nbsp;</strong>Mỗi ng&agrave;y một b&agrave;i học;&nbsp;<strong>TRẢI NGHIỆM -&nbsp;</strong>Vượt qua thử th&aacute;ch v&agrave; cuối c&ugrave;ng l&agrave;&nbsp;<strong>ĐỌC TH&Ecirc;M&nbsp;-</strong>&nbsp;T&agrave;i liệu mở rộng! Kh&aacute;m ph&aacute; v&agrave; trải nghiệm&nbsp;những kiến thức mới lạ lu&ocirc;n lu&ocirc;n tạo ra sự phấn kh&iacute;ch v&agrave; l&agrave; tiền đề cho những ph&aacute;t kiến vỹ đại!, h&atilde;y để&nbsp;</em><strong>TYNKER - THẾ GIỚI TRONG MƠ</strong><em>&nbsp;trở th&agrave;nh bệ ph&oacute;ng cho những giấc mơ của bạn!!!</em></span></span></span></p>\r\n\r\n<p style=\"text-align:justify\"><span style=\"color:#16a085\"><span style=\"font-size:20px\"><span style=\"font-family:Times New Roman,Times,serif\"><strong>3. Mục ti&ecirc;u kh&oacute;a học</strong></span></span></span></p>\r\n\r\n<p style=\"text-align:justify\"><span style=\"color:#16a085\"><span style=\"font-size:20px\"><span style=\"font-family:Times New Roman,Times,serif\"><em><strong>- Kiến thức:</strong></em>&nbsp;</span></span></span></p>\r\n\r\n<p style=\"text-align:justify\"><span style=\"color:#d35400\"><span style=\"font-size:20px\"><span style=\"font-family:Times New Roman,Times,serif\">+ Trẻ em ti&ecirc;u tốn rất nhiều thời gian chơi game tr&ecirc;n m&aacute;y t&iacute;nh, điện thoại của bố mẹ. Bố mẹ đ&ocirc;i khi c&ograve;n&nbsp;d&ugrave;ng n&oacute; như một phương tiện để thuyết phục con l&agrave;m một điều g&igrave;. Nhiều trẻ đọc tin tức, xem thể thao,&nbsp;nghe nhạc thường xuy&ecirc;n tr&ecirc;n Internet, Youtube v&agrave; v&ocirc; t&igrave;nh đối diện với những th&ocirc;ng tin, h&igrave;nh ảnh xấu,&nbsp;bạo lực.&nbsp;Phần đ&ocirc;ng phụ huynh loay hoay kh&ocirc;ng biết định hướng, giải th&iacute;ch cho trẻ như thế n&agrave;o trong những&nbsp;t&igrave;nh huống đ&oacute;.&nbsp;Kh&oacute;a học n&agrave;y sẽ gi&uacute;p trẻ:</span></span></span></p>\r\n\r\n<ul>\r\n	<li style=\"text-align:justify\"><span style=\"color:#d35400\"><span style=\"font-size:20px\"><span style=\"font-family:Times New Roman,Times,serif\">Thay đổi th&oacute;i quen sử dụng m&aacute;y t&iacute;nh, điện thoại: Thay v&igrave; chơi game th&igrave;&nbsp;<strong>s&aacute;ng tạo ra c&aacute;c tr&ograve; chơi</strong>&nbsp;đ&oacute;.&nbsp;</span></span></span></li>\r\n	<li style=\"text-align:justify\"><span style=\"color:#d35400\"><span style=\"font-size:20px\"><span style=\"font-family:Times New Roman,Times,serif\">Tiếp x&uacute;c t&iacute;ch cực v&agrave; c&oacute; chọn lọc thế giới th&ocirc;ng tin tr&ecirc;n internet.</span></span></span></li>\r\n	<li style=\"text-align:justify\"><span style=\"color:#d35400\"><span style=\"font-size:20px\"><span style=\"font-family:Times New Roman,Times,serif\">Y&ecirc;u th&iacute;ch,&nbsp;ph&aacute;t huy sự s&aacute;ng tạo.</span></span></span></li>\r\n</ul>\r\n\r\n<p style=\"text-align:justify\"><span style=\"color:#d35400\"><span style=\"font-size:20px\"><span style=\"font-family:Times New Roman,Times,serif\">+ Cung cấp kiến thức cơ bản về ng&ocirc;n ngữ lập tr&igrave;nh Tynker. Xem chi tiết tại&nbsp;<strong><em>B&agrave;i 1: Tynker - Một thế giới mới</em></strong>;&nbsp;<strong><em>B&agrave;i 2: Tynker - Thế giới mu&ocirc;n m&agrave;u</em></strong>;&nbsp;<strong><em>B&agrave;i 3: Tynker - Dự &aacute;n của em</em></strong>.</span></span></span></p>\r\n\r\n<p style=\"text-align:justify\"><span style=\"color:#16a085\"><span style=\"font-size:20px\"><span style=\"font-family:Times New Roman,Times,serif\"><em><strong>- Kỹ năng:</strong></em>&nbsp;</span></span></span></p>\r\n\r\n<p style=\"text-align:justify\"><span style=\"color:#d35400\"><span style=\"font-size:20px\"><span style=\"font-family:Times New Roman,Times,serif\">Ứng dụng Tynker để x&acirc;y dựng c&aacute;c dự &aacute;n theo chủ đề từ đơn giản đến phức tạp. Xem chi tiết&nbsp;<strong><em>B&agrave;i 4: Tynker - Si&ecirc;u nh&iacute; lập tr&igrave;nh.</em></strong></span></span></span></p>\r\n\r\n<p style=\"text-align:justify\"><span style=\"font-size:20px\"><span style=\"font-family:Times New Roman,Times,serif\"><strong><span style=\"color:#16a085\">4. Đối tượng học:</span>&nbsp;<span style=\"color:#d35400\">C&aacute;c bạn c&oacute; đam m&ecirc; lập tr&igrave;nh, đặc biệt c&aacute;c bạn nhỏ c&oacute; độ tuổi từ 8 đến 11 tuổi.</span></strong></span></span></p>\r\n\r\n<p style=\"text-align:justify\"><span style=\"font-size:20px\"><span style=\"font-family:Times New Roman,Times,serif\"><span style=\"color:#16a085\"><strong>5. Nh&oacute;m gi&aacute;o vi&ecirc;n hướng dẫn kh&oacute;a học:</strong></span>&nbsp;<span style=\"color:#d35400\"><strong>Phạm Hữu Tr&iacute; v&agrave; Nguyễn Quốc Trung &ndash; Sinh vi&ecirc;n trường Đại học Sư phạm TP.HCM.</strong></span></span></span></p>\r\n',1,'/media/Picture1_My7D6SU.jpg','',4,1),(2,'ALICE 3D - SAY MÊ SÁNG TẠO','2019-04-26 17:13:51.022929','2019-04-29 11:08:36.025071','https://www.youtube.com/embed/Fphhhyj6GKk','Alice đang được dạy và phát triển tại trường đại học Carnegie Mellon University. Alice sẽ giúp học sinh học lập trình hướng đối tượng thông qua các đối tượng và không gian 3D. ','<p style=\"text-align:center\"><span style=\"color:#ff0066\"><span style=\"font-size:36px\"><span style=\"font-family:Times New Roman,Times,serif\">ALICE 3D - SAY M&Ecirc; S&Aacute;NG TẠO</span></span></span></p>\r\n\r\n<p style=\"text-align:center\"><span style=\"color:#ff0066\"><span style=\"font-size:36px\"><span style=\"font-family:Times New Roman,Times,serif\"><img alt=\"\" src=\"/media/2019/04/29/backgroundalice_zLeOaR5.jpg\" style=\"height:394px; width:700px\" /></span></span></span></p>\r\n\r\n<p><span style=\"font-family:Times New Roman,Times,serif\"><span style=\"font-size:18px\"><span style=\"color:#ff0066\"><u><strong>T&ecirc;n kh&oacute;a học:</strong></u></span> Alice 3D - Say m&ecirc; s&aacute;ng tạo</span></span></p>\r\n\r\n<p><span style=\"font-family:Times New Roman,Times,serif\"><span style=\"font-size:18px\"><span style=\"color:#d35400\"><u><strong>Giới thiệu:</strong></u></span> Alice đang được dạy v&agrave; ph&aacute;t triển tại trường đại học Carnegie Mellon University. Alice sẽ gi&uacute;p học sinh học lập tr&igrave;nh hướng đối tượng th&ocirc;ng qua c&aacute;c đối tượng v&agrave; kh&ocirc;ng gian 3D.&nbsp;</span></span></p>\r\n\r\n<p><span style=\"font-size:13.5pt\"><span style=\"font-family:&quot;Times New Roman&quot;\"><span style=\"background-color:white\"><u><span style=\"color:#16a085\">Tr&igrave;nh độ:</span></u></span><span style=\"background-color:white\"><span style=\"color:#555555\">&nbsp;Mọi người</span></span></span></span></p>\r\n\r\n<p><span style=\"font-size:13.5pt\"><span style=\"font-family:&quot;Times New Roman&quot;\"><span style=\"color:#27ae60\"><span style=\"background-color:white\"><u>Điều kiện ti&ecirc;n quyết:</u></span></span></span></span><br />\r\n<span style=\"font-size:13.5pt\"><span style=\"font-family:&quot;Times New Roman&quot;\"><span style=\"color:#555555\"><span style=\"background-color:white\">&nbsp; - Từng học hoặc tiếp x&uacute;c qua ng&ocirc;n ngữ lập tr&igrave;nh (Pascal, C/C++, ...).</span></span></span></span><br />\r\n<span style=\"font-size:13.5pt\"><span style=\"font-family:&quot;Times New Roman&quot;\"><span style=\"color:#555555\"><span style=\"background-color:white\">&nbsp; - Từng học hoặc tiếp x&uacute;c qua c&aacute;c kh&aacute;i niệm li&ecirc;n quan đến lập tr&igrave;nh (biến, h&agrave;m, cấu tr&uacute;c, thuật to&aacute;n&hellip;).</span></span></span></span></p>\r\n\r\n<p><span style=\"font-size:13.5pt\"><span style=\"font-family:&quot;Times New Roman&quot;\"><span style=\"color:#2980b9\"><span style=\"background-color:white\"><u>Mục ti&ecirc;u của học phần:</u></span></span></span></span><br />\r\n<span style=\"font-size:13.5pt\"><span style=\"font-family:&quot;Times New Roman&quot;\"><span style=\"color:#555555\"><span style=\"background-color:white\">&nbsp; - Biết được c&aacute;c đối tượng ch&iacute;nh trong Alice 3D v&agrave; thực hiện c&aacute;c thao t&aacute;c cơ bản với c&aacute;c đối tượng của n&oacute;.</span></span></span></span><br />\r\n<span style=\"font-size:13.5pt\"><span style=\"font-family:&quot;Times New Roman&quot;\"><span style=\"color:#555555\"><span style=\"background-color:white\">&nbsp; - Đ&acirc;y l&agrave; một học phần nhằm cung cấp cho người học c&aacute;ch tư duy lập tr&igrave;nh v&agrave; ph&acirc;n t&iacute;ch b&agrave;i to&aacute;n.</span></span></span></span><br />\r\n<span style=\"font-size:13.5pt\"><span style=\"font-family:&quot;Times New Roman&quot;\"><span style=\"color:#555555\"><span style=\"background-color:white\">&nbsp; - Cung c&acirc;́p ki&ecirc;́n thức t&ocirc;̉ng quan v&ecirc;̀ một số kĩ năng lập tr&igrave;nh hướng đối tượng th&ocirc;ng qua phần mềm Alice.</span></span></span></span><br />\r\n<span style=\"font-size:13.5pt\"><span style=\"font-family:&quot;Times New Roman&quot;\"><span style=\"color:#555555\"><span style=\"background-color:white\">&nbsp; - Học phần n&agrave;y sẽ cung cấp c&aacute;c kiến thức, kĩ năng cần thiết để:</span></span></span></span><br />\r\n<span style=\"font-size:13.5pt\"><span style=\"font-family:&quot;Times New Roman&quot;\"><span style=\"color:#555555\"><span style=\"background-color:white\">&nbsp; &nbsp; &nbsp;1. X&acirc;y dựng nền tảng kiến thức về lập tr&igrave;nh phần mềm (biến, h&agrave;m, c&aacute;c cấu tr&uacute;c, thuật to&aacute;n,..).</span></span></span></span><br />\r\n<span style=\"font-size:13.5pt\"><span style=\"font-family:&quot;Times New Roman&quot;\"><span style=\"color:#555555\"><span style=\"background-color:white\">&nbsp; &nbsp; &nbsp;2. Ứng dụng Alice 3D v&agrave; c&aacute;c kiến thức về lập tr&igrave;nh phần mềm v&agrave;o việc x&acirc;y dựng v&agrave; ph&aacute;t triển c&aacute;c sản phẩm (tr&ograve; chơi, c&acirc;u chuyện,&hellip;).</span></span></span></span></p>\r\n\r\n<p><span style=\"font-size:13.5pt\"><span style=\"font-family:&quot;Times New Roman&quot;\"><span style=\"color:#8e44ad\"><span style=\"background-color:white\"><u>Học vi&ecirc;n đạt được</u></span></span></span></span><br />\r\n<span style=\"font-size:13.5pt\"><span style=\"font-family:&quot;Times New Roman&quot;\"><span style=\"color:#e29111\"><span style=\"background-color:white\"><em>&nbsp; V&ecirc;̀ kiến thức</em></span></span></span></span><br />\r\n<span style=\"font-size:13.5pt\"><span style=\"font-family:&quot;Times New Roman&quot;\"><span style=\"color:#555555\"><span style=\"background-color:white\">&nbsp; &nbsp; - Biết c&aacute;ch sử dụng c&aacute;c đối tượng trong Alice 3D.</span></span></span></span><br />\r\n<span style=\"font-size:13.5pt\"><span style=\"font-family:&quot;Times New Roman&quot;\"><span style=\"color:#555555\"><span style=\"background-color:white\">&nbsp; &nbsp; - Nắm vững c&aacute;c kiến thức về lập tr&igrave;nh phần mềm (biến, cấu tr&uacute;c lặp, rẽ nh&aacute;nh, thuật to&aacute;n...).</span></span></span></span><br />\r\n<span style=\"font-size:13.5pt\"><span style=\"font-family:&quot;Times New Roman&quot;\">&nbsp;&nbsp;<span style=\"background-color:white\"><em><span style=\"color:#e29111\">V&ecirc;̀ kĩ năng:</span></em></span></span></span><br />\r\n<span style=\"font-size:13.5pt\"><span style=\"font-family:&quot;Times New Roman&quot;\"><span style=\"color:#555555\"><span style=\"background-color:white\">&nbsp; &nbsp; - Thực hiện thao t&aacute;c cơ bản với c&aacute;c đối tượng Alice 3D.</span></span></span></span><br />\r\n<span style=\"font-size:13.5pt\"><span style=\"font-family:&quot;Times New Roman&quot;\"><span style=\"color:#555555\"><span style=\"background-color:white\">&nbsp; &nbsp; - Tạo được một tr&ograve; chơi của ri&ecirc;ng m&igrave;nh.</span></span></span></span><br />\r\n<span style=\"font-size:13.5pt\"><span style=\"font-family:&quot;Times New Roman&quot;\"><span style=\"color:#555555\"><span style=\"background-color:white\">&nbsp; &nbsp; - C&oacute; thể &aacute;p dụng những kiến thức đ&atilde; học trong m&ocirc;i trường lập tr&igrave;nh kh&aacute;c.</span></span></span></span></p>\r\n',1,'/media/Alice.jpg','',3,2),(3,'ARDUINO - COMBO KỲ DIỆU','2019-04-26 17:15:19.751889','2019-05-03 00:40:30.763612','https://www.youtube.com/embed/2rAUUM-wwJ4','“Arduino – Combo Kỳ Diệu” là môn học thứ 3 của hệ thống học tập trực tuyến, được xây dựng và thiết kế phù hợp cho đối tượng người học chủ yếu là học sinh cấp THPT (Từ lớp 10 trở lên). ','<p style=\"text-align:center\"><img alt=\"\" src=\"/media/2019/04/27/arduino_combokidieu.png\" style=\"height:384px; width:683px\" /></p>\r\n\r\n<p style=\"margin-left:0cm; margin-right:0cm; text-align:justify\"><span style=\"font-size:20px\"><span style=\"color:#8e44ad\"><span style=\"font-family:Calibri,sans-serif\"><strong><em><span style=\"font-family:&quot;Times New Roman&quot;,serif\">Ch&agrave;o mừng bạn đ&atilde; đến với chuy&ecirc;n đề học tập trực tuyến của ch&uacute;ng t&ocirc;i. </span></em></strong></span></span><span style=\"color:#e74c3c\"><span style=\"font-family:Calibri,sans-serif\"><strong><span style=\"font-family:&quot;Times New Roman&quot;,serif\">ARDUINO &ndash; COMBO KỲ DIỆU</span></strong></span></span><span style=\"color:#8e44ad\"><span style=\"font-family:Calibri,sans-serif\"><strong><em><span style=\"font-family:&quot;Times New Roman&quot;,serif\"> hứa hẹn sẽ trở th&agrave;nh một nơi l&yacute; tưởng để những bạn c&oacute; niềm đam m&ecirc; kh&aacute;m ph&aacute; thế giới lập tr&igrave;nh phần cứng được tự do học tập, vui chơi v&agrave; th&otilde;a sức tạo n&ecirc;n những điều tuyệt vời nhất từ ch&iacute;nh c&aacute;c bạn. Với đội ngũ gi&aacute;o vi&ecirc;n c&oacute; năng lực v&agrave; tận t&acirc;m trong c&ocirc;ng việc, </span></em></strong></span></span><span style=\"color:#e74c3c\"><span style=\"font-family:Calibri,sans-serif\"><strong><span style=\"font-family:&quot;Times New Roman&quot;,serif\">ARDUINO &ndash; COMBO KỲ DIỆU </span></strong></span></span><span style=\"color:#8e44ad\"><span style=\"font-family:Calibri,sans-serif\"><strong><em><span style=\"font-family:&quot;Times New Roman&quot;,serif\">được x&acirc;y dựng v&agrave; ph&aacute;t triển với những b&agrave;i học c&oacute; nội dung c&ocirc; động, h&agrave;m s&uacute;c v&agrave; b&ecirc;n cạnh đ&oacute; l&agrave; những hoạt động đ&aacute;nh gi&aacute; năng lực người học một c&aacute;ch chuẩn mực nhất. Trong mỗi b&agrave;i học sẽ được thiết kế th&agrave;nh nhiều chủ đề, đ&acirc;y đều l&agrave; những chủ đề mới v&agrave; c&oacute; sức hấp dẫn cao.Trong mỗi chủ đề, bạn sẽ lần lượt trải qua 3 nội dung học tập lần lượt l&agrave; :</span></em></strong></span></span><span style=\"color:#16a085\"><span style=\"font-family:Calibri,sans-serif\"><strong><em><span style=\"font-family:&quot;Times New Roman&quot;,serif\"> </span></em></strong></span></span></span></p>\r\n\r\n<p style=\"margin-left:0cm; margin-right:0cm; text-align:justify\"><span style=\"font-size:20px\"><span style=\"color:#16a085\"><span style=\"font-family:Calibri,sans-serif\"><strong><em><span style=\"font-family:&quot;Times New Roman&quot;,serif\">KH&Aacute;M PH&Aacute;: Mỗi ng&agrave;y một b&agrave;i học</span></em></strong></span></span></span></p>\r\n\r\n<p style=\"margin-left:0cm; margin-right:0cm; text-align:center\"><span style=\"font-size:20px\"><span style=\"color:#16a085\"><span style=\"font-family:Calibri,sans-serif\"><strong><em><span style=\"font-family:&quot;Times New Roman&quot;,serif\"><img alt=\"\" src=\"/media/2019/05/03/kham_pha.jpg\" style=\"height:340px; width:720px\" /></span></em></strong></span></span></span></p>\r\n\r\n<p style=\"margin-left:0cm; margin-right:0cm; text-align:justify\"><span style=\"font-size:20px\"><span style=\"color:#16a085\"><span style=\"font-family:Calibri,sans-serif\"><strong><em><span style=\"font-family:&quot;Times New Roman&quot;,serif\">TRẢI NGHIỆM: Vượt qua thử th&aacute;ch&nbsp;</span></em></strong></span></span></span></p>\r\n\r\n<p style=\"margin-left:0cm; margin-right:0cm; text-align:center\"><span style=\"font-size:20px\"><span style=\"color:#16a085\"><span style=\"font-family:Calibri,sans-serif\"><strong><em><span style=\"font-family:&quot;Times New Roman&quot;,serif\"><img alt=\"\" src=\"/media/2019/05/03/trainghiem.jpg\" style=\"height:340px; width:720px\" /></span></em></strong></span></span></span></p>\r\n\r\n<p style=\"margin-left:0cm; margin-right:0cm; text-align:justify\"><span style=\"font-size:20px\"><span style=\"color:#16a085\"><span style=\"font-family:Calibri,sans-serif\"><strong><em><span style=\"font-family:&quot;Times New Roman&quot;,serif\">VẬN DỤNG: C&ugrave;ng nhau luyện tập</span></em></strong></span></span></span></p>\r\n\r\n<p style=\"margin-left:0cm; margin-right:0cm; text-align:center\"><span style=\"font-size:20px\"><span style=\"color:#16a085\"><span style=\"font-family:Calibri,sans-serif\"><strong><em><span style=\"font-family:&quot;Times New Roman&quot;,serif\"><img alt=\"\" src=\"/media/2019/05/03/vandung.jpg\" style=\"height:422px; width:720px\" /></span></em></strong></span></span></span></p>\r\n\r\n<p style=\"margin-left:0cm; margin-right:0cm; text-align:justify\"><span style=\"font-size:20px\"><span style=\"color:#8e44ad\"><span style=\"font-family:Calibri,sans-serif\"><strong><em><span style=\"font-family:&quot;Times New Roman&quot;,serif\">Kh&aacute;m ph&aacute; v&agrave; vận dụng những kiến thức mới lạ lu&ocirc;n lu&ocirc;n tạo ra sự phấn kh&iacute;ch v&agrave; l&agrave; tiền đề cho những ph&aacute;t kiến vỹ đại!, h&atilde;y để </span></em></strong></span></span><span style=\"color:#e74c3c\"><span style=\"font-family:Calibri,sans-serif\"><strong><span style=\"font-family:&quot;Times New Roman&quot;,serif\">ARDUINO &ndash; COMBO KỲ DIỆU</span></strong></span></span><span style=\"color:#8e44ad\"><span style=\"font-family:Calibri,sans-serif\"><strong><em><span style=\"font-family:&quot;Times New Roman&quot;,serif\"> trở th&agrave;nh bệ ph&oacute;ng cho những giấc mơ của bạn!!!</span></em></strong></span></span></span></p>\r\n',1,'/media/arduino_BG_jsqcl1q.png','',2,3),(4,'STENCYL - POWERFUL GAMING','2019-04-26 17:18:29.685554','2019-04-28 23:28:06.990648','https://www.youtube.com/embed/d2pXvAP-MMA','Nhờ giao diện thân thiện, bất cứ ai cũng có thể tạo game nền Flash từ công cụ này.','<p style=\"text-align:center\"><img alt=\"\" src=\"/media/2019/04/28/maxresdefault-3_k4px0bg.jpg\" style=\"height:383px; width:680px\" /></p>\r\n\r\n<p style=\"text-align:justify\"><span style=\"font-size:20px\"><span style=\"color:#16a085\"><strong>Điều tuyệt vời nhất c&oacute; thể kể đến về Stencyl l&agrave; bạn kh&ocirc;ng cần phải l&agrave; bậc thầy lập tr&igrave;nh vi&ecirc;n để tạo ra một game ho&agrave;n hảo. Đơn giản, bạn chỉ cần thực hiện thao t&aacute;c k&eacute;o - thả từ những g&igrave; c&ocirc;ng cụ cung cấp. C&ograve;n nếu l&agrave; một người từng c&oacute; kinh nghiệm l&agrave;m việc với nền Flash, bạn cũng c&oacute; thể d&ugrave;ng th&ecirc;m ActionScript. Người d&ugrave;ng cũng c&oacute; thể d&ugrave;ng c&aacute;c m&ocirc; h&igrave;nh, nh&acirc;n vật c&oacute; trước hoặc tự tạo.</strong></span></span></p>\r\n',1,'/media/Stencyl.jpg','',2,4),(5,'BÉ LẬP TRÌNH SCRATCH','2019-05-07 02:18:17.233858','2019-05-09 11:01:11.165152','https://www.youtube.com/embed/98awWpkx9UM','Khóa học này cung cấp các khái niệm đầu tiên, cơ bản về lập trình nói chung và Scratch nói riêng. Sau khi kết thúc khóa học này, các em có thể tự tạo ra các game, ứng dụng đơn giản bằng ngôn ngữ Scratch.','<p style=\"text-align:center\"><img alt=\"\" src=\"/media/2019/05/07/scratchzrenjanin-672x372.png\" style=\"width:100%\" /></p>\r\n\r\n<p style=\"text-align:center\"><strong><span style=\"color:#2980b9\"><span style=\"font-size:36px\"><span style=\"font-family:Times New Roman,Times,serif\">B&Eacute; LẬP TR&Igrave;NH SCRATCH</span></span></span></strong></p>\r\n\r\n<h2><span style=\"color:#e74c3c\"><span style=\"font-size:28px\"><strong><span style=\"font-family:Times New Roman,Times,serif\">Tổng quan về Scratch</span></strong></span></span></h2>\r\n\r\n<ul>\r\n	<li style=\"text-align:justify\"><span style=\"color:#d35400\"><span style=\"font-size:20px\"><span style=\"font-family:Times New Roman,Times,serif\">Scratch l&agrave; một ng&ocirc;n ngữ lập tr&igrave;nh miễn ph&iacute; được tạo ra v&agrave; duy tr&igrave; bởi tổ chức&nbsp;Lifelong Kindergarten thuộc học viện MIT. Th&ocirc;ng qua phương thức&nbsp;<strong>k&eacute;o-thả&nbsp;v&agrave; gh&eacute;p</strong>&nbsp;c&aacute;c khối lệnh như lắp gh&eacute;p c&aacute;c khối lego, trẻ em c&oacute; thể rất dễ d&agrave;ng lập tr&igrave;nh ra sản phẩm l&agrave; c&aacute;c tr&ograve; chơi, c&acirc;u chuyện, ứng dụng c&oacute; t&iacute;nh tương t&aacute;c, sống động. Kh&ocirc;ng chỉ tạo ra, trẻ c&ograve;n c&oacute; thể chia sẻ sản phẩm của m&igrave;nh với cộng đồng c&aacute;c người lập tr&igrave;nh Scratch (hiện nay l&agrave; tr&ecirc;n 20 triệu người với tr&ecirc;n 25 triệu sản phẩm) để trao đổi, g&oacute;p &yacute;, học hỏi lẫn nhau.</span></span></span></li>\r\n</ul>\r\n\r\n<ul>\r\n	<li style=\"text-align:justify\"><span style=\"color:#d35400\"><span style=\"font-size:20px\"><span style=\"font-family:Times New Roman,Times,serif\">L&agrave; một ng&ocirc;n ngữ được thiết kế ri&ecirc;ng, gần gũi với trẻ, Scratch được đ&aacute;nh gi&aacute; l&agrave; ng&ocirc;n ngữ tốt nhất hiện nay cho trẻ bắt đầu học lập tr&igrave;nh, đặc biệt l&agrave; c&aacute;c trẻ nhỏ. Th&ocirc;ng qua qu&aacute; tr&igrave;nh thiết kế v&agrave; lập tr&igrave;nh một dự &aacute;n bằng ng&ocirc;n ngữ Scratch, trẻ học được c&aacute;ch tư duy&nbsp;<strong>s&aacute;ng tạo</strong>, suy luận logic, hệ thống v&agrave; tăng cường kỹ năng hợp t&aacute;c c&aacute;c kỹ năng thiết yếu cho trẻ trong thế kỷ 21.</span></span></span></li>\r\n</ul>\r\n\r\n<ul>\r\n	<li style=\"text-align:justify\"><span style=\"color:#d35400\"><span style=\"font-size:20px\"><span style=\"font-family:Times New Roman,Times,serif\">Với Scratch, việc học lập tr&igrave;nh đ&atilde; trở n&ecirc;n dễ d&agrave;ng hơn bao giờ hết. Trẻ từ 5 tuổi đ&atilde; c&oacute; thể học Scratch với sự trợ gi&uacute;p từ người lớn. Scratch hấp dẫn v&agrave; ph&ugrave; hợp cho cả c&aacute;c b&eacute; g&aacute;i v&igrave; n&oacute; kh&ocirc;ng chỉ gi&uacute;p tăng cường tư duy m&aacute;y t&iacute;nh m&agrave; c&ograve;n cho ph&eacute;p c&aacute;c em thỏa thu&ecirc; s&aacute;ng tạo để thiết kế kịch bản, nh&acirc;n vật, s&acirc;n khấu trong c&aacute;c dự &aacute;n của m&igrave;nh.</span></span></span></li>\r\n</ul>\r\n\r\n<ul>\r\n	<li style=\"text-align:justify\"><span style=\"color:#d35400\"><span style=\"font-size:20px\"><span style=\"font-family:Times New Roman,Times,serif\">Kh&oacute;a học n&agrave;y cung cấp c&aacute;c kh&aacute;i niệm đầu ti&ecirc;n, cơ bản về lập tr&igrave;nh n&oacute;i chung v&agrave; Scratch n&oacute;i ri&ecirc;ng. Sau khi kết th&uacute;c kh&oacute;a học đầu ti&ecirc;n n&agrave;y, c&aacute;c em c&oacute; thể tự tạo ra c&aacute;c game, ứng dụng đơn giản bằng ng&ocirc;n ngữ Scratch th&ocirc;ng qua c&aacute;c khối lệnh điều khiển chuyển động, trang phục, &acirc;m thanh v&agrave; c&aacute;c kh&aacute;i niệm v&ograve;ng lặp, điều kiện, rẽ nh&aacute;nh&hellip;C&aacute;c em c&oacute; thể tiếp tục học l&ecirc;n Kh&oacute;a học tiếp theo về Lập tr&igrave;nh Scratch để c&oacute; th&ecirc;m c&aacute;c kiến thức s&acirc;u hơn về lập tr&igrave;nh.</span></span></span></li>\r\n</ul>\r\n\r\n<h3 style=\"text-align:justify\"><span style=\"color:#e74c3c\"><span style=\"font-size:28px\"><strong><span style=\"font-family:Times New Roman,Times,serif\">C&aacute;c chủ đề ch&iacute;nh</span></strong></span></span></h3>\r\n\r\n<ul>\r\n	<li style=\"text-align:justify\"><span style=\"color:#d35400\"><span style=\"font-size:20px\"><span style=\"font-family:Times New Roman,Times,serif\">Kh&aacute;i niệm về lập tr&igrave;nh</span></span></span></li>\r\n	<li style=\"text-align:justify\"><span style=\"color:#d35400\"><span style=\"font-size:20px\"><span style=\"font-family:Times New Roman,Times,serif\">L&agrave;m quen với giao diện Scratch</span></span></span></li>\r\n	<li style=\"text-align:justify\"><span style=\"color:#d35400\"><span style=\"font-size:20px\"><span style=\"font-family:Times New Roman,Times,serif\">Điều khiển nh&acirc;n vật qua c&aacute;c khối lệnh cơ bản về: chuyển động, trang phục, &acirc;m thanh</span></span></span></li>\r\n	<li style=\"text-align:justify\"><span style=\"color:#d35400\"><span style=\"font-size:20px\"><span style=\"font-family:Times New Roman,Times,serif\">Sử dụng c&aacute;c khối l&ecirc;nh cơ bản về cảm biến, v&ograve;ng lặp</span></span></span></li>\r\n	<li style=\"text-align:justify\"><span style=\"color:#d35400\"><span style=\"font-size:20px\"><span style=\"font-family:Times New Roman,Times,serif\">Sử dụng c&aacute;c khối lệnh để vẽ h&igrave;nh</span></span></span></li>\r\n	<li style=\"text-align:justify\"><span style=\"color:#d35400\"><span style=\"font-size:20px\"><span style=\"font-family:Times New Roman,Times,serif\">C&aacute;ch sử dụng biến nhớ</span></span></span></li>\r\n	<li style=\"text-align:justify\"><span style=\"color:#d35400\"><span style=\"font-size:20px\"><span style=\"font-family:Times New Roman,Times,serif\">C&aacute;c lệnh khối Cảm biến, điều khiển, b&uacute;t vẽ&nbsp;n&acirc;ng cao</span></span></span></li>\r\n	<li style=\"text-align:justify\" value=\"5\"><span style=\"color:#d35400\"><span style=\"font-size:20px\"><span style=\"font-family:Times New Roman,Times,serif\">Kh&aacute;i niệm bản sao&nbsp;của nh&acirc;n vật (clone) v&agrave; ứng dụng trong game</span></span></span></li>\r\n	<li style=\"text-align:justify\" value=\"5\"><span style=\"color:#d35400\"><span style=\"font-size:20px\"><span style=\"font-family:Times New Roman,Times,serif\">Ứng dụng n&acirc;ng cao của biến nhớ</span></span></span></li>\r\n	<li style=\"text-align:justify\" value=\"5\"><span style=\"color:#d35400\"><span style=\"font-size:20px\"><span style=\"font-family:Times New Roman,Times,serif\">Kh&aacute;i niệm h&agrave;m v&agrave; ứng dụng</span></span></span></li>\r\n	<li style=\"text-align:justify\" value=\"5\"><span style=\"color:#d35400\"><span style=\"font-size:20px\"><span style=\"font-family:Times New Roman,Times,serif\">Xử l&yacute; x&acirc;u k&yacute; tự</span></span></span></li>\r\n	<li style=\"text-align:justify\" value=\"5\"><span style=\"color:#d35400\"><span style=\"font-size:20px\"><span style=\"font-family:Times New Roman,Times,serif\">Danh s&aacute;ch biến (list)</span></span></span></li>\r\n	<li style=\"text-align:justify\"><span style=\"color:#d35400\"><span style=\"font-size:20px\"><span style=\"font-family:Times New Roman,Times,serif\">Lập tr&igrave;nh c&aacute;c tr&ograve; chơi, ứng dụng ở mức độ kh&aacute; phức tạp</span></span></span></li>\r\n	<li style=\"text-align:justify\"><span style=\"color:#d35400\"><span style=\"font-size:20px\"><span style=\"font-family:Times New Roman,Times,serif\">X&acirc;y dựng một số tr&ograve; chơi, ứng dụng đơn giản, th&uacute; vị</span></span></span></li>\r\n</ul>\r\n\r\n<h3 style=\"text-align:justify\"><strong><span style=\"color:#e74c3c\"><span style=\"font-size:28px\"><span style=\"font-family:Times New Roman,Times,serif\">Mục ti&ecirc;u kh&oacute;a học</span></span></span></strong></h3>\r\n\r\n<ul>\r\n	<li style=\"text-align:justify\"><span style=\"color:#d35400\"><span style=\"font-size:20px\"><span style=\"font-family:Times New Roman,Times,serif\">Hiểu được tư duy m&aacute;y t&iacute;nh, kh&aacute;i niệm cơ bản về lập tr&igrave;nh</span></span></span></li>\r\n	<li style=\"text-align:justify\"><span style=\"color:#d35400\"><span style=\"font-size:20px\"><span style=\"font-family:Times New Roman,Times,serif\">Tạo được một ứng dụng, tr&ograve; chơi đơn giản bằng ng&ocirc;n ngữ Scratch</span></span></span></li>\r\n	<li style=\"text-align:justify\"><span style=\"color:#d35400\"><span style=\"font-size:20px\"><span style=\"font-family:Times New Roman,Times,serif\">Sử dụng th&agrave;nh thạo c&aacute;c khối lệnh cơ bản để điều khiển nh&acirc;n vật</span></span></span></li>\r\n	<li style=\"text-align:justify\"><span style=\"color:#d35400\"><span style=\"font-size:20px\"><span style=\"font-family:Times New Roman,Times,serif\">Hiểu r&otilde; c&aacute;c kh&aacute;i niệm về lập tr&igrave;nh v&ograve;ng lặp, điều kiện, biến nhớ&hellip;</span></span></span></li>\r\n	<li style=\"text-align:justify\"><span style=\"color:#d35400\"><span style=\"font-size:20px\"><span style=\"font-family:Times New Roman,Times,serif\">Kỹ năng giao tiếp, hợp t&aacute;c, tr&igrave;nh b&agrave;y, tư duy phản biện trong qu&aacute; tr&igrave;nh tạo ra một sản phẩm lập tr&igrave;nh.</span></span></span></li>\r\n	<li style=\"text-align:justify\"><span style=\"color:#d35400\"><span style=\"font-size:20px\"><span style=\"font-family:Times New Roman,Times,serif\">Sử dụng th&agrave;nh thạo c&aacute;c lệnh cảm biến</span></span></span></li>\r\n	<li style=\"text-align:justify\" value=\"5\"><span style=\"color:#d35400\"><span style=\"font-size:20px\"><span style=\"font-family:Times New Roman,Times,serif\">Hiểu, ứng dụng được c&aacute;c kh&aacute;i niệm clone</span></span></span></li>\r\n	<li style=\"text-align:justify\" value=\"5\"><span style=\"color:#d35400\"><span style=\"font-size:20px\"><span style=\"font-family:Times New Roman,Times,serif\">Sử dụng hiệu quả h&agrave;m, biến nhớ trong c&aacute;c ứng dụng phức tạp</span></span></span></li>\r\n	<li style=\"text-align:justify\" value=\"5\"><span style=\"color:#d35400\"><span style=\"font-size:20px\"><span style=\"font-family:Times New Roman,Times,serif\">Xử l&yacute; x&acirc;u k&yacute; tự v&agrave; danh s&aacute;ch biến</span></span></span></li>\r\n	<li style=\"text-align:justify\" value=\"5\"><span style=\"color:#d35400\"><span style=\"font-size:20px\"><span style=\"font-family:Times New Roman,Times,serif\">Kỹ năng giao tiếp, hợp t&aacute;c, tr&igrave;nh b&agrave;y, tư duy phản biện trong qu&aacute; tr&igrave;nh tạo ra một sản phẩm lập tr&igrave;nh.</span></span></span></li>\r\n</ul>\r\n\r\n<h2 style=\"text-align:justify\"><strong><span style=\"color:#e74c3c\"><span style=\"font-size:28px\"><span style=\"font-family:Times New Roman,Times,serif\">Thời gian học</span></span></span></strong></h2>\r\n\r\n<ul>\r\n	<li style=\"text-align:justify\"><span style=\"color:#d35400\"><span style=\"font-size:20px\"><span style=\"font-family:Times New Roman,Times,serif\">20-30 giờ</span></span></span></li>\r\n</ul>\r\n\r\n<h3 style=\"text-align:justify\"><span style=\"color:#e74c3c\"><span style=\"font-size:28px\"><strong><span style=\"font-family:Times New Roman,Times,serif\">Project cuối kh&oacute;a</span></strong></span></span></h3>\r\n\r\n<p style=\"text-align:center\"><span style=\"color:#e74c3c\"><span style=\"font-size:28px\"><strong><span style=\"font-family:Times New Roman,Times,serif\"><img alt=\"\" src=\"/media/2019/05/07/scr-1.jpg\" style=\"width:100%\" /></span></strong></span></span></p>\r\n\r\n<p><span style=\"color:#d35400\"><span style=\"font-size:20px\"><span style=\"font-family:Times New Roman,Times,serif\">Sau khi học vi&ecirc;n đ&atilde; nắm chắc&nbsp;kiến thức về ng&ocirc;n ngữ Scratch v&agrave; kỹ thuật lập tr&igrave;nh cơ bản, kh&oacute;a học n&agrave;y sẽ cung cấp cho học vi&ecirc;n c&aacute;c phương ph&aacute;p, quy tr&igrave;nh&nbsp;thiết kế&nbsp;một phần mềm ứng dụng hoặc tr&ograve; chơi ho&agrave;n chỉnh. Ngo&agrave;i ra, học vi&ecirc;n được học c&aacute;c kỹ thuật lập tr&igrave;nh v&agrave; một số c&ocirc;ng cụ thường d&ugrave;ng trong lập tr&igrave;nh c&aacute;c ứng dụng v&agrave; tr&ograve; chơi.</span></span></span></p>\r\n\r\n<p><span style=\"color:#e74c3c\"><span style=\"font-size:28px\"><span style=\"font-family:Times New Roman,Times,serif\"><strong>C&aacute;c chủ đề ch&iacute;nh:</strong></span></span></span></p>\r\n\r\n<ul>\r\n	<li><span style=\"color:#d35400\"><span style=\"font-size:20px\"><span style=\"font-family:Times New Roman,Times,serif\">C&aacute;c bước thiết kế một phần mềm ứng dụng</span></span></span></li>\r\n	<li><span style=\"color:#d35400\"><span style=\"font-size:20px\"><span style=\"font-family:Times New Roman,Times,serif\">C&aacute;c kỹ thuật lập tr&igrave;nh, c&ocirc;ng cụ quan trọng thường được sử dụng trong lập tr&igrave;nh tr&ograve; chơi v&agrave; c&aacute;c ứng dụng.</span></span></span></li>\r\n	<li><span style=\"color:#d35400\"><span style=\"font-size:20px\"><span style=\"font-family:Times New Roman,Times,serif\">Thiết kế, lập tr&igrave;nh, b&aacute;o c&aacute;o c&aacute;c phần mềm ứng dụng trong gi&aacute;o dục.</span></span></span></li>\r\n	<li><span style=\"color:#d35400\"><span style=\"font-size:20px\"><span style=\"font-family:Times New Roman,Times,serif\">Thiết kế, lập tr&igrave;nh, b&aacute;o c&aacute;o c&aacute;c tr&ograve; chơi nổi tiếng.</span></span></span></li>\r\n</ul>\r\n\r\n<p><span style=\"color:#e74c3c\"><span style=\"font-size:28px\"><span style=\"font-family:Times New Roman,Times,serif\"><strong>Mục ti&ecirc;u cần đạt:</strong></span></span></span></p>\r\n\r\n<ul>\r\n	<li value=\"5\"><span style=\"color:#d35400\"><span style=\"font-size:20px\"><span style=\"font-family:Times New Roman,Times,serif\">Nắm chắc c&aacute;c bước, quy tr&igrave;nh thiết kế, lập tr&igrave;nh một sản phẩm&nbsp;phần mềm</span></span></span></li>\r\n	<li><span style=\"color:#d35400\"><span style=\"font-size:20px\"><span style=\"font-family:Times New Roman,Times,serif\">Nắm được c&aacute;c kỹ thuật cơ bản, quan trọng trong lập tr&igrave;nh tr&ograve; chơi, ứng dụng tương t&aacute;c</span></span></span></li>\r\n	<li><span style=\"color:#d35400\"><span style=\"font-size:20px\"><span style=\"font-family:Times New Roman,Times,serif\">Tạo được một sản phẩm ho&agrave;n chỉnh</span></span></span></li>\r\n</ul>\r\n',1,'/media/scratchzrenjanin-672x372.png','',7,5),(6,'Learning to program with Alice 2.4','2019-05-07 10:13:06.465715','2019-05-07 11:03:10.054040','','Hướng dẫn lập trình với phần mềm Alice 2.4','<p style=\"text-align:center\"><span style=\"color:#ff0033\"><span style=\"font-size:28px\"><span style=\"font-family:Times New Roman,Times,serif\">LEARNING TO PROGRAM WITH ALICE 2.4</span></span></span></p>\r\n\r\n<p><img src=\"https://upload.wikimedia.org/wikiversity/en/2/2a/Aliceprogramming.jpg\" style=\"width:100%\" /></p>\r\n\r\n<p><span style=\"font-size:18px\"><span style=\"font-family:Times New Roman,Times,serif\"><u><strong><span style=\"color:#ff0033\">T&ecirc;n kh&oacute;a học</span>:</strong></u>&nbsp;Learning to program with Alice 2.4</span></span></p>\r\n\r\n<p><span style=\"font-size:18px\"><span style=\"font-family:Times New Roman,Times,serif\"><span style=\"color:#e67e22\"><u><strong>Giới thiệu:</strong></u></span>&nbsp;Alice đang được dạy v&agrave; ph&aacute;t triển tại trường đại học Carnegie Mellon University. Alice sẽ gi&uacute;p học sinh học lập tr&igrave;nh hướng đối tượng th&ocirc;ng qua c&aacute;c đối tượng v&agrave; kh&ocirc;ng gian 3D.&nbsp;</span></span></p>\r\n\r\n<p><span style=\"font-size:18px\"><span style=\"font-family:Times New Roman,Times,serif\"><u><span style=\"color:#2980b9\"><strong>Tr&igrave;nh độ</strong></span>:</u>&nbsp;Mọi người</span></span></p>\r\n\r\n<p><span style=\"font-size:18px\"><span style=\"font-family:Times New Roman,Times,serif\"><span style=\"color:#27ae60\"><strong><u>Điều kiện ti&ecirc;n quyết:</u></strong></span><br />\r\n&nbsp; - Từng học hoặc tiếp x&uacute;c qua ng&ocirc;n ngữ lập tr&igrave;nh (Pascal, C/C++, ...).<br />\r\n&nbsp; - Từng học hoặc tiếp x&uacute;c qua c&aacute;c kh&aacute;i niệm li&ecirc;n quan đến lập tr&igrave;nh (biến, h&agrave;m, cấu tr&uacute;c, thuật to&aacute;n&hellip;).</span></span></p>\r\n\r\n<p><span style=\"font-size:18px\"><span style=\"font-family:Times New Roman,Times,serif\"><span style=\"color:#16a085\"><strong><u>Mục ti&ecirc;u của học phần:</u></strong></span><br />\r\n&nbsp; - Biết được c&aacute;c đối tượng ch&iacute;nh trong Alice 2.4&nbsp;v&agrave; thực hiện c&aacute;c thao t&aacute;c cơ bản với c&aacute;c đối tượng của n&oacute;.<br />\r\n&nbsp; - Đ&acirc;y l&agrave; một học phần nhằm cung cấp cho người học c&aacute;ch tư duy lập tr&igrave;nh v&agrave; ph&acirc;n t&iacute;ch b&agrave;i to&aacute;n.<br />\r\n&nbsp; - Cung c&acirc;́p ki&ecirc;́n thức t&ocirc;̉ng quan v&ecirc;̀ một số kĩ năng lập tr&igrave;nh hướng đối tượng th&ocirc;ng qua phần mềm Alice.<br />\r\n&nbsp; - Học phần n&agrave;y sẽ cung cấp c&aacute;c kiến thức, kĩ năng cần thiết để:<br />\r\n&nbsp; &nbsp; &nbsp;1. X&acirc;y dựng nền tảng kiến thức về lập tr&igrave;nh phần mềm (biến, h&agrave;m, c&aacute;c cấu tr&uacute;c, thuật to&aacute;n,..).<br />\r\n&nbsp; &nbsp; &nbsp;2. Ứng dụng Alice 2.4&nbsp;v&agrave; c&aacute;c kiến thức về lập tr&igrave;nh phần mềm v&agrave;o việc x&acirc;y dựng v&agrave; ph&aacute;t triển c&aacute;c sản phẩm (tr&ograve; chơi, c&acirc;u chuyện,&hellip;).</span></span></p>\r\n\r\n<p><span style=\"font-size:18px\"><span style=\"font-family:Times New Roman,Times,serif\"><span style=\"color:#8e44ad\"><strong><u>Học vi&ecirc;n đạt được</u></strong></span><br />\r\n<em>&nbsp; V&ecirc;̀ kiến thức</em><br />\r\n&nbsp; &nbsp; - Biết c&aacute;ch sử dụng c&aacute;c đối tượng trong Alice 2.4.<br />\r\n&nbsp; &nbsp; - Nắm vững c&aacute;c kiến thức về lập tr&igrave;nh phần mềm (biến, cấu tr&uacute;c lặp, rẽ nh&aacute;nh, thuật to&aacute;n...).<br />\r\n&nbsp;&nbsp;<em>V&ecirc;̀ kĩ năng:</em><br />\r\n&nbsp; &nbsp; - Thực hiện thao t&aacute;c cơ bản với c&aacute;c đối tượng Alice 2.4.<br />\r\n&nbsp; &nbsp; - Tạo được một tr&ograve; chơi của ri&ecirc;ng m&igrave;nh.<br />\r\n&nbsp; &nbsp; - C&oacute; thể &aacute;p dụng những kiến thức đ&atilde; học trong m&ocirc;i trường lập tr&igrave;nh kh&aacute;c.</span></span></p>\r\n',1,'/media/Aliceprogramming.jpg','',6,2);
/*!40000 ALTER TABLE `subject` ENABLE KEYS */;
UNLOCK TABLES;

--
-- Table structure for table `subjectlike`
--

DROP TABLE IF EXISTS `subjectlike`;
/*!40101 SET @saved_cs_client     = @@character_set_client */;
 SET character_set_client = utf8mb4 ;
CREATE TABLE `subjectlike` (
  `SubjectLikeID` int(11) NOT NULL AUTO_INCREMENT,
  `Status` int(11) NOT NULL,
  `IsEnable` int(11) NOT NULL,
  `Note` varchar(250) COLLATE utf8_unicode_ci NOT NULL,
  `AccountID` int(11) DEFAULT NULL,
  `SubjectID` int(11) DEFAULT NULL,
  PRIMARY KEY (`SubjectLikeID`),
  KEY `subjectlike_AccountID_82c8fa6b_fk_account_AccountID` (`AccountID`),
  KEY `subjectlike_SubjectID_b28d3d3c_fk_subject_SubjectID` (`SubjectID`),
  CONSTRAINT `subjectlike_AccountID_82c8fa6b_fk_account_AccountID` FOREIGN KEY (`AccountID`) REFERENCES `account` (`AccountID`),
  CONSTRAINT `subjectlike_SubjectID_b28d3d3c_fk_subject_SubjectID` FOREIGN KEY (`SubjectID`) REFERENCES `subject` (`SubjectID`)
) ENGINE=InnoDB AUTO_INCREMENT=33 DEFAULT CHARSET=utf8 COLLATE=utf8_unicode_ci;
/*!40101 SET character_set_client = @saved_cs_client */;

--
-- Dumping data for table `subjectlike`
--

LOCK TABLES `subjectlike` WRITE;
/*!40000 ALTER TABLE `subjectlike` DISABLE KEYS */;
INSERT INTO `subjectlike` VALUES (2,1,1,'',5,4),(3,1,1,'',7,1),(4,1,1,'',3,3),(5,1,1,'',27,3),(6,1,1,'',31,3),(7,1,1,'',34,1),(8,1,1,'',3,2),(9,1,1,'',5,3),(10,1,1,'',42,1),(11,1,1,'',42,2),(12,1,1,'',42,3),(13,1,1,'',43,1),(14,1,1,'',43,2),(15,1,1,'',43,3),(16,1,1,'',44,1),(17,1,1,'',44,2),(18,1,1,'',44,3),(19,1,1,'',35,1),(20,1,1,'',35,2),(21,1,1,'',35,3),(22,1,1,'',36,1),(23,1,1,'',36,2),(24,1,1,'',36,3),(25,1,1,'',37,1),(26,1,1,'',37,2),(27,1,1,'',37,3),(28,1,1,'',3,1),(29,1,1,'',38,1),(30,1,1,'',38,2),(31,1,1,'',38,3),(32,1,1,'',38,5);
/*!40000 ALTER TABLE `subjectlike` ENABLE KEYS */;
UNLOCK TABLES;

--
-- Table structure for table `subjectpart`
--

DROP TABLE IF EXISTS `subjectpart`;
/*!40101 SET @saved_cs_client     = @@character_set_client */;
 SET character_set_client = utf8mb4 ;
CREATE TABLE `subjectpart` (
  `SubjectPartID` int(11) NOT NULL AUTO_INCREMENT,
  `SubjectPartName` varchar(250) COLLATE utf8_unicode_ci DEFAULT NULL,
  `CreateDate` datetime(6) DEFAULT NULL,
  `EditDate` datetime(6) DEFAULT NULL,
  `Description` varchar(250) COLLATE utf8_unicode_ci DEFAULT NULL,
  `Content` longtext COLLATE utf8_unicode_ci,
  `IsEnable` int(11) DEFAULT NULL,
  `Note` varchar(250) COLLATE utf8_unicode_ci DEFAULT NULL,
  `Avatar` varchar(250) COLLATE utf8_unicode_ci DEFAULT NULL,
  `Order` int(11) DEFAULT NULL,
  `AccountID` int(11) DEFAULT NULL,
  `SubjectID` int(11) DEFAULT NULL,
  PRIMARY KEY (`SubjectPartID`),
  KEY `subjectpart_AccountID_e3a4dc62_fk_account_AccountID` (`AccountID`),
  KEY `subjectpart_SubjectID_73df7435_fk_subject_SubjectID` (`SubjectID`),
  CONSTRAINT `subjectpart_AccountID_e3a4dc62_fk_account_AccountID` FOREIGN KEY (`AccountID`) REFERENCES `account` (`AccountID`),
  CONSTRAINT `subjectpart_SubjectID_73df7435_fk_subject_SubjectID` FOREIGN KEY (`SubjectID`) REFERENCES `subject` (`SubjectID`)
) ENGINE=InnoDB AUTO_INCREMENT=25 DEFAULT CHARSET=utf8 COLLATE=utf8_unicode_ci;
/*!40101 SET character_set_client = @saved_cs_client */;

--
-- Dumping data for table `subjectpart`
--

LOCK TABLES `subjectpart` WRITE;
/*!40000 ALTER TABLE `subjectpart` DISABLE KEYS */;
INSERT INTO `subjectpart` VALUES (1,'Nào ta cùng học','2019-04-26 17:11:52.275157','2019-04-26 17:11:52.275162','','',1,'','/media/bc_baihoc.png',1,4,1),(2,'Thế giới trò chơi','2019-04-26 17:11:52.331504','2019-04-26 17:11:52.331509','','',1,'','/media/bc_trochoi.png',2,4,1),(3,'Dự Án Của Em','2019-04-26 17:11:52.356454','2019-04-26 17:11:52.356458','','',1,'','/media/bc_chiaseduan.png',3,4,1),(4,'Cùng Nhau Thảo Luận','2019-04-26 17:11:52.381437','2019-04-26 17:11:52.381442','','',1,'','/media/bc_diendang.png',4,4,1),(5,'Nào ta cùng học','2019-04-26 17:13:51.074607','2019-04-26 17:13:51.074611','','',1,'','/media/bc_baihoc.png',1,3,2),(6,'Thế giới trò chơi','2019-04-26 17:13:51.106732','2019-04-26 17:13:51.106736','','',1,'','/media/bc_trochoi.png',2,3,2),(7,'Dự Án Của Em','2019-04-26 17:13:51.132903','2019-04-26 17:13:51.132907','','',1,'','/media/bc_chiaseduan.png',3,3,2),(8,'Cùng Nhau Thảo Luận','2019-04-26 17:13:51.165102','2019-04-26 17:13:51.165130','','',1,'','/media/bc_diendang.png',4,3,2),(9,'Nào ta cùng học','2019-04-26 17:15:19.799649','2019-04-26 17:15:19.799653','','',1,'','/media/bc_baihoc.png',1,2,3),(10,'Thế giới trò chơi','2019-04-26 17:15:19.832961','2019-04-26 17:15:19.832965','','',1,'','/media/bc_trochoi.png',2,2,3),(11,'Dự Án Của Em','2019-04-26 17:15:19.866276','2019-04-26 17:15:19.866280','','',1,'','/media/bc_chiaseduan.png',3,2,3),(12,'Cùng Nhau Thảo Luận','2019-04-26 17:15:19.899663','2019-04-26 17:15:19.899668','','',1,'','/media/bc_diendang.png',4,2,3),(13,'Nào ta cùng học','2019-04-26 17:18:29.748308','2019-04-26 17:18:29.748312','','',1,'','/media/bc_baihoc.png',1,2,4),(14,'Thế giới trò chơi','2019-04-26 17:18:29.788040','2019-04-26 17:18:29.788044','','',1,'','/media/bc_trochoi.png',2,2,4),(15,'Dự Án Của Em','2019-04-26 17:18:29.821345','2019-04-26 17:18:29.821349','','',1,'','/media/bc_chiaseduan.png',3,2,4),(16,'Cùng Nhau Thảo Luận','2019-04-26 17:18:29.863000','2019-04-26 17:18:29.863005','','',1,'','/media/bc_diendang.png',4,2,4),(17,'Nào ta cùng học','2019-05-07 02:18:17.314491','2019-05-07 02:18:17.314502','','',1,'','/media/bc_baihoc.png',1,7,5),(18,'Thế giới trò chơi','2019-05-07 02:18:17.367252','2019-05-07 02:18:17.367259','','',1,'','/media/bc_trochoi.png',2,7,5),(19,'Dự Án Của Em','2019-05-07 02:18:17.400431','2019-05-07 02:18:17.400438','','',1,'','/media/bc_chiaseduan.png',3,7,5),(20,'Cùng Nhau Thảo Luận','2019-05-07 02:18:17.442053','2019-05-07 02:18:17.442060','','',1,'','/media/bc_diendang.png',4,7,5),(21,'Nào ta cùng học','2019-05-07 10:13:06.553298','2019-05-07 10:13:06.553307','','',1,'','/media/bc_baihoc.png',1,6,6),(22,'Thế giới trò chơi','2019-05-07 10:13:06.586603','2019-05-07 10:13:06.586612','','',1,'','/media/bc_trochoi.png',2,6,6),(23,'Dự Án Của Em','2019-05-07 10:13:06.628317','2019-05-07 10:13:06.628326','','',1,'','/media/bc_chiaseduan.png',3,6,6),(24,'Cùng Nhau Thảo Luận','2019-05-07 10:13:06.661612','2019-05-07 10:13:06.661621','','',1,'','/media/bc_diendang.png',4,6,6);
/*!40000 ALTER TABLE `subjectpart` ENABLE KEYS */;
UNLOCK TABLES;

--
-- Table structure for table `subjectteacher`
--

DROP TABLE IF EXISTS `subjectteacher`;
/*!40101 SET @saved_cs_client     = @@character_set_client */;
 SET character_set_client = utf8mb4 ;
CREATE TABLE `subjectteacher` (
  `SubjectTeacherID` int(11) NOT NULL AUTO_INCREMENT,
  `CreateDate` datetime(6) DEFAULT NULL,
  `EditDate` datetime(6) DEFAULT NULL,
  `IsEnable` int(11) DEFAULT NULL,
  `Note` varchar(250) COLLATE utf8_unicode_ci DEFAULT NULL,
  `AccountID` int(11) DEFAULT NULL,
  `SubjectID` int(11) DEFAULT NULL,
  PRIMARY KEY (`SubjectTeacherID`),
  KEY `subjectteacher_AccountID_2da2743b_fk_account_AccountID` (`AccountID`),
  KEY `subjectteacher_SubjectID_dd5a1f75_fk_subject_SubjectID` (`SubjectID`),
  CONSTRAINT `subjectteacher_AccountID_2da2743b_fk_account_AccountID` FOREIGN KEY (`AccountID`) REFERENCES `account` (`AccountID`),
  CONSTRAINT `subjectteacher_SubjectID_dd5a1f75_fk_subject_SubjectID` FOREIGN KEY (`SubjectID`) REFERENCES `subject` (`SubjectID`)
) ENGINE=InnoDB AUTO_INCREMENT=6 DEFAULT CHARSET=utf8 COLLATE=utf8_unicode_ci;
/*!40101 SET character_set_client = @saved_cs_client */;

--
-- Dumping data for table `subjectteacher`
--

LOCK TABLES `subjectteacher` WRITE;
/*!40000 ALTER TABLE `subjectteacher` DISABLE KEYS */;
INSERT INTO `subjectteacher` VALUES (1,'2019-04-26 17:12:38.956466','2019-04-26 17:12:38.956469',1,'',7,1),(2,'2019-04-26 17:14:05.783421','2019-04-26 17:14:05.783425',1,'',6,2),(3,'2019-04-26 17:15:32.960957','2019-04-26 17:15:32.960961',1,'',5,3),(4,'2019-04-26 17:18:47.072979','2019-04-26 17:18:47.072983',1,'',5,4);
/*!40000 ALTER TABLE `subjectteacher` ENABLE KEYS */;
UNLOCK TABLES;

--
-- Table structure for table `tracking`
--

DROP TABLE IF EXISTS `tracking`;
/*!40101 SET @saved_cs_client     = @@character_set_client */;
 SET character_set_client = utf8mb4 ;
CREATE TABLE `tracking` (
  `TrackingID` int(11) NOT NULL AUTO_INCREMENT,
  `CreateDate` datetime(6) DEFAULT NULL,
  `EditDate` datetime(6) DEFAULT NULL,
  `IsEnable` int(11) DEFAULT NULL,
  `Note` varchar(250) COLLATE utf8_unicode_ci DEFAULT NULL,
  `ActivityID` int(11) DEFAULT NULL,
  `ChapterID` int(11) DEFAULT NULL,
  `EnrollmentID` int(11) DEFAULT NULL,
  `ItemID` int(11) DEFAULT NULL,
  `LessonID` int(11) DEFAULT NULL,
  `SubjectID` int(11) DEFAULT NULL,
  `SubjectPartID` int(11) DEFAULT NULL,
  PRIMARY KEY (`TrackingID`),
  KEY `tracking_ActivityID_e04de6ae_fk_activity_ActivityID` (`ActivityID`),
  KEY `tracking_ChapterID_0fd3300f_fk_chapter_ChapterID` (`ChapterID`),
  KEY `tracking_EnrollmentID_a7ca7585_fk_enrollment_EnrollmentID` (`EnrollmentID`),
  KEY `tracking_ItemID_31da9fb3_fk_item_ItemID` (`ItemID`),
  KEY `tracking_LessonID_a9c3127e_fk_lesson_LessonID` (`LessonID`),
  KEY `tracking_SubjectID_f9a4f54c_fk_subject_SubjectID` (`SubjectID`),
  KEY `tracking_SubjectPartID_492d82a2_fk_subjectpart_SubjectPartID` (`SubjectPartID`),
  CONSTRAINT `tracking_ActivityID_e04de6ae_fk_activity_ActivityID` FOREIGN KEY (`ActivityID`) REFERENCES `activity` (`ActivityID`),
  CONSTRAINT `tracking_ChapterID_0fd3300f_fk_chapter_ChapterID` FOREIGN KEY (`ChapterID`) REFERENCES `chapter` (`ChapterID`),
  CONSTRAINT `tracking_EnrollmentID_a7ca7585_fk_enrollment_EnrollmentID` FOREIGN KEY (`EnrollmentID`) REFERENCES `enrollment` (`EnrollmentID`),
  CONSTRAINT `tracking_ItemID_31da9fb3_fk_item_ItemID` FOREIGN KEY (`ItemID`) REFERENCES `item` (`ItemID`),
  CONSTRAINT `tracking_LessonID_a9c3127e_fk_lesson_LessonID` FOREIGN KEY (`LessonID`) REFERENCES `lesson` (`LessonID`),
  CONSTRAINT `tracking_SubjectID_f9a4f54c_fk_subject_SubjectID` FOREIGN KEY (`SubjectID`) REFERENCES `subject` (`SubjectID`),
  CONSTRAINT `tracking_SubjectPartID_492d82a2_fk_subjectpart_SubjectPartID` FOREIGN KEY (`SubjectPartID`) REFERENCES `subjectpart` (`SubjectPartID`)
) ENGINE=InnoDB AUTO_INCREMENT=19 DEFAULT CHARSET=utf8 COLLATE=utf8_unicode_ci;
/*!40101 SET character_set_client = @saved_cs_client */;

--
-- Dumping data for table `tracking`
--

LOCK TABLES `tracking` WRITE;
/*!40000 ALTER TABLE `tracking` DISABLE KEYS */;
INSERT INTO `tracking` VALUES (1,'2019-04-28 23:39:03.702832','2019-04-28 23:39:03.702840',1,'',6,8,1,6,4,3,9),(2,'2019-04-28 23:41:38.875776','2019-04-28 23:41:38.875780',1,'',7,8,1,6,4,3,9),(3,'2019-04-28 23:43:27.980252','2019-04-28 23:43:27.980257',1,'',8,8,1,6,4,3,9),(4,'2019-04-28 23:44:53.192491','2019-04-28 23:44:53.192497',1,'',48,8,1,6,4,3,9),(5,'2019-04-28 23:47:57.689317','2019-04-28 23:47:57.689323',1,'',5,8,1,6,4,3,9),(6,'2019-05-04 13:57:01.894613','2019-05-04 13:57:01.894619',1,'',14,8,11,8,4,3,9),(7,'2019-05-04 16:38:42.876751','2019-05-04 16:38:42.876757',1,'',1,7,12,3,1,3,9),(8,'2019-05-04 16:40:05.310247','2019-05-04 16:40:05.310254',1,'',2,7,12,3,1,3,9),(9,'2019-05-04 16:42:27.837589','2019-05-04 16:42:27.837595',1,'',3,7,12,4,2,3,9),(10,'2019-05-04 16:46:29.310640','2019-05-04 16:46:29.310647',1,'',4,7,12,5,3,3,9),(11,'2019-05-06 10:29:20.547732','2019-05-06 10:29:20.547738',1,'',71,1,16,33,15,1,1),(12,'2019-05-06 17:25:09.490484','2019-05-06 17:25:09.490490',1,'',71,1,17,33,15,1,1),(13,'2019-05-06 17:39:35.874291','2019-05-06 17:39:35.874301',1,'',30,8,11,11,5,3,9),(14,'2019-05-08 14:36:53.359997','2019-05-08 14:36:53.360003',1,'',193,18,6,95,36,1,1),(15,'2019-05-08 23:11:35.815847','2019-05-08 23:11:35.815853',1,'',71,1,37,33,15,1,1),(16,'2019-05-08 23:19:30.427174','2019-05-08 23:19:30.427181',1,'',141,1,37,34,15,1,1),(17,'2019-05-09 02:26:45.958312','2019-05-09 02:26:45.958318',1,'',71,1,41,33,15,1,1),(18,'2019-05-09 09:24:20.971666','2019-05-09 09:24:20.971676',1,'',222,4,4,30,14,2,5);
/*!40000 ALTER TABLE `tracking` ENABLE KEYS */;
UNLOCK TABLES;

--
-- Table structure for table `userdetail`
--

DROP TABLE IF EXISTS `userdetail`;
/*!40101 SET @saved_cs_client     = @@character_set_client */;
 SET character_set_client = utf8mb4 ;
CREATE TABLE `userdetail` (
  `UserDetailID` int(11) NOT NULL AUTO_INCREMENT,
  `FirstName` varchar(250) COLLATE utf8_unicode_ci DEFAULT NULL,
  `LastName` varchar(250) COLLATE utf8_unicode_ci DEFAULT NULL,
  `Birthday` date DEFAULT NULL,
  `Address` varchar(250) COLLATE utf8_unicode_ci DEFAULT NULL,
  `PhoneNumber` varchar(250) COLLATE utf8_unicode_ci DEFAULT NULL,
  `Email` varchar(250) COLLATE utf8_unicode_ci DEFAULT NULL,
  `IsEnable` int(11) DEFAULT NULL,
  `Note` varchar(250) COLLATE utf8_unicode_ci DEFAULT NULL,
  `AccountID` int(11) DEFAULT NULL,
  PRIMARY KEY (`UserDetailID`),
  KEY `userdetail_AccountID_5212a08a_fk_account_AccountID` (`AccountID`),
  CONSTRAINT `userdetail_AccountID_5212a08a_fk_account_AccountID` FOREIGN KEY (`AccountID`) REFERENCES `account` (`AccountID`)
) ENGINE=InnoDB AUTO_INCREMENT=43 DEFAULT CHARSET=utf8 COLLATE=utf8_unicode_ci;
/*!40101 SET character_set_client = @saved_cs_client */;

--
-- Dumping data for table `userdetail`
--

LOCK TABLES `userdetail` WRITE;
/*!40000 ALTER TABLE `userdetail` DISABLE KEYS */;
INSERT INTO `userdetail` VALUES (1,'Chúc team thành công :D','Đây là con bug','1997-12-19','1111','0123566587','ldlongdhsp@gmail.com',1,'None',1),(2,'Ý','Đỗ Như','1997-12-19','1111','0123566587','donhuy1912@gmail.com',1,'None',2),(3,'Long','Nguyễn Võ Phi','1996-12-11','Hiệp Bình Chánh, Thủ Đức','0933603326','nguyenvophilong1112@gmail.com',1,'None',3),(4,'Trung','Nguyễn Quốc','1997-12-19','1111','0123566587','trung1224048075@gmail.com',1,'None',4),(5,'Trí','Đoàn Minh','1997-12-19','1111','0123566587','minhtrilop9b@gmail.com',1,'None',5),(6,'Khoa','Trần Phúc Minh','1997-12-19','1111','0123566587','minhkhoa.9c.htc@gmail.com ',1,'None',6),(7,'Trí','Phạm Hữu','1997-12-19','280 An Dương Vương, P4, Q5, TpHCM','0949537490','triph.dhsp@gmail.com',1,'None',7),(8,'Long','Lê  Đức','1997-12-19','1111','0123566587','teacherlongld@gmail.com',1,'None',8),(9,'Long','Lê  Đức','1997-12-19','1111','0123566587','userlongld@gmail.com',1,'None',9),(10,'guest','vspro','1997-12-19',NULL,'19216817','vsguestid19216817@gmail.com',1,NULL,10),(11,'guest','vspro','1997-12-19',NULL,'1921681211','vsguestid1921681211@gmail.com',1,NULL,11),(12,'guest','vspro','1997-12-19',NULL,'192168112','vsguestid192168112@gmail.com',1,NULL,12),(13,'guest','vspro','1997-12-19',NULL,'19216843139','vsguestid19216843139@gmail.com',1,NULL,13),(14,'Trung','Nguyễn','1997-12-19',' ',NULL,'thaytrung1998@gmail.com',1,NULL,14),(15,'guest','vspro','1997-12-19',NULL,'1009112680','vsguestid1009112680@gmail.com',1,NULL,15),(16,'Nemo','Nemo','1997-12-19',' ',NULL,'miencattrang3k@gmail.com',1,NULL,16),(17,'Long','Nguyen','1997-12-19',' ',NULL,'www.facebook.com/profile.php?id=2333822440220611',1,NULL,17),(18,'Đỗ','Ý','1997-12-19',' ',NULL,'www.facebook.com/profile.php?id=870344269984009',1,NULL,18),(19,'guest','vspro','1997-12-19',NULL,'1921681004','vsguestid1921681004@gmail.com',1,NULL,19),(20,'guest','vspro',NULL,NULL,'192168119','vsguestid192168119@gmail.com',1,NULL,20),(21,'guest','vspro',NULL,NULL,'192168110','vsguestid192168110@gmail.com',1,NULL,21),(22,'Mặc','Phong','2019-05-04',' ',NULL,'lnhphong96@gmail.com',1,NULL,22),(23,'guest','vspro',NULL,NULL,'17217212','vsguestid17217212@gmail.com',1,NULL,23),(24,'b','a','2019-05-04',' ','','noiluutru@gmail.com',1,NULL,24),(25,'Lễ Nguyên','Mạc','2019-05-04',' 436 - ấp cây dừng, huyện cần đước, tỉnh Long An','0944078655','minhtri.student.hcmup@gmail.com',1,NULL,27),(26,'guest','vspro',NULL,NULL,'16318011899','vsguestid16318011899@gmail.com',1,NULL,28),(27,'Thảo','Hoàng','2019-05-04',' ',NULL,'nguyenhoangthao150@gmail.com',1,NULL,29),(28,'Siroki','Gaming','2019-05-05',' ','01010101010','phuc16102001@gmail.com',1,NULL,30),(29,'Phương','MQV','2019-05-05',' ',NULL,'mqv.phuong@gmail.com',1,NULL,31),(30,'TEST','GV','2019-05-06',' ','0913456456','tranlehungphi@gmail.com',1,NULL,32),(31,'Quốc','Nguyễn','2019-05-06',' ',NULL,'nguyenquoctrungdhsp@gmail.com',1,NULL,33),(32,'Long','Nguyen','2019-05-06',' ','0987654321','student@gmail.com',1,NULL,34),(33,'Thư','Trần Ngọc','2019-05-08',' ','0123456789','thutn.hcmue@gmail.com',1,NULL,35),(34,'Thư','Lê Thị Anh','2019-05-08',' ','0123456789','thulta.hcmue@gmail.com',1,NULL,36),(35,'Hải','Trần Thiên','2019-05-08',' ','0123456789','haitt@gmail.com',1,NULL,37),(36,'Ngân','Nguyễn Thúy','2019-05-08',' ','0123456789','ngannt@gmail.com',1,NULL,38),(37,'Nhung','Nguyễn Thị Hồng ','2019-05-08',' ','0123456789','nhungnth@gmail.com',1,NULL,39),(38,'Tuân','Phạm Minh','2019-05-08',' ','0123456789','tuanpm@gmail.com',1,NULL,40),(39,'Thảo','Bùi Hoàng Nguyệt','2019-05-08',' ','0123456789','thaobhn@gmail.com',1,NULL,41),(40,'Như','Đoàn Lê Minh','2019-05-08',' ','0123456789','nhudlm@gmail.com',1,NULL,42),(41,'Nhi','Lý Lan ','2019-05-08',' ','0123456789','nhill@gmail.com',1,NULL,43),(42,'Nhi','Nguyễn Trang Ý ','2019-05-08',' ','0123456789','nhinty@gmail.com',1,NULL,44);
/*!40000 ALTER TABLE `userdetail` ENABLE KEYS */;
UNLOCK TABLES;

--
-- Table structure for table `userrank`
--

DROP TABLE IF EXISTS `userrank`;
/*!40101 SET @saved_cs_client     = @@character_set_client */;
 SET character_set_client = utf8mb4 ;
CREATE TABLE `userrank` (
  `UserRankID` int(11) NOT NULL AUTO_INCREMENT,
  `UserRankName` varchar(250) COLLATE utf8_unicode_ci DEFAULT NULL,
  `Icon` varchar(250) COLLATE utf8_unicode_ci DEFAULT NULL,
  `RequiredLevel` int(11) DEFAULT NULL,
  `CreateDate` datetime(6) DEFAULT NULL,
  `EditDate` datetime(6) DEFAULT NULL,
  `Note` varchar(250) COLLATE utf8_unicode_ci DEFAULT NULL,
  `EnviromentCateID` int(11) DEFAULT NULL,
  PRIMARY KEY (`UserRankID`),
  KEY `userrank_EnviromentCateID_0dce20e6_fk_enviromen` (`EnviromentCateID`),
  CONSTRAINT `userrank_EnviromentCateID_0dce20e6_fk_enviromen` FOREIGN KEY (`EnviromentCateID`) REFERENCES `enviromentcate` (`EnviromentCateID`)
) ENGINE=InnoDB AUTO_INCREMENT=16 DEFAULT CHARSET=utf8 COLLATE=utf8_unicode_ci;
/*!40101 SET character_set_client = @saved_cs_client */;

--
-- Dumping data for table `userrank`
--

LOCK TABLES `userrank` WRITE;
/*!40000 ALTER TABLE `userrank` DISABLE KEYS */;
INSERT INTO `userrank` VALUES (1,'Farmer','/media/farmer.jpg',5,'2019-04-28 18:25:57.400077','2019-05-06 16:54:28.388949','',1),(2,'Knight','/media/knight.jpg',4,'2019-04-28 18:26:46.622948','2019-05-06 16:54:44.708759','',1),(3,'Hero','/media/hero.jpg',3,'2019-04-28 18:27:10.178040','2019-04-28 18:27:10.178046','',1),(4,'Prince','/media/prince.jpg',2,'2019-04-28 18:27:31.739963','2019-05-06 16:54:39.987149','',1),(5,'King','/media/king.png',1,'2019-04-28 18:28:16.852144','2019-05-06 16:54:35.582088','',1),(6,'Stoneage','/media/stoneage.jpg',5,'2019-04-28 18:28:50.098946','2019-05-06 16:55:19.194542','',2),(7,'Bronzeage','/media/bronzeage.jpg',4,'2019-04-28 18:29:22.042394','2019-05-06 16:55:29.577606','',2),(8,'Ironage','/media/Ironage.jpg',3,'2019-04-28 18:30:16.069383','2019-04-28 18:30:16.069388','',2),(9,'Modernage','/media/modernage.PNG',2,'2019-04-28 18:31:17.573311','2019-05-06 16:55:35.125952','',2),(10,'Futureage','/media/futureage.PNG',1,'2019-04-28 18:31:38.868394','2019-05-06 16:55:24.296738','',2),(11,'Farmer','/media/farmer_5oxtsaA.jpg',5,'2019-04-28 18:32:14.191770','2019-05-06 16:55:58.388556','',3),(12,'Knight','/media/knight_M6D0xeY.jpg',4,'2019-04-28 18:32:40.939175','2019-05-06 16:56:14.339810','',3),(13,'Hero','/media/hero_BiOsScA.jpg',3,'2019-04-28 18:33:24.253187','2019-04-28 18:33:24.253191','',3),(14,'Prince','/media/prince_UczHzz6.jpg',2,'2019-04-28 18:33:47.351265','2019-05-06 16:56:22.417995','',3),(15,'King','/media/king_h4kp8xC.png',1,'2019-04-28 18:34:17.012552','2019-05-06 16:56:06.971008','',3);
/*!40000 ALTER TABLE `userrank` ENABLE KEYS */;
UNLOCK TABLES;
/*!40103 SET TIME_ZONE=@OLD_TIME_ZONE */;

/*!40101 SET SQL_MODE=@OLD_SQL_MODE */;
/*!40014 SET FOREIGN_KEY_CHECKS=@OLD_FOREIGN_KEY_CHECKS */;
/*!40014 SET UNIQUE_CHECKS=@OLD_UNIQUE_CHECKS */;
/*!40101 SET CHARACTER_SET_CLIENT=@OLD_CHARACTER_SET_CLIENT */;
/*!40101 SET CHARACTER_SET_RESULTS=@OLD_CHARACTER_SET_RESULTS */;
/*!40101 SET COLLATION_CONNECTION=@OLD_COLLATION_CONNECTION */;
/*!40111 SET SQL_NOTES=@OLD_SQL_NOTES */;

-- Dump completed on 2019-05-09 12:16:54
